DT,SOLAR_FORECAST,SOLAR_ACTUAL,SOLAR_MIN,SOLAR_MAX,WIND_FORECAST,WIND_ACTUAL,WIND_MIN,WIND_MAX,SOLAR_AE,SOLAR_APE_%,SOLAR_IN_RANGE,WIND_AE,WIND_APE_%,WIND_IN_RANGE,TOTAL_SUPPLY_MW,ROLLING_STD_24H
2025-07-01 00:00:00,0.0,0.0,0.0,0.0,1446.35,728.18,1094.12,1805.32,0.0,,1.0,718.17,98.62533988848912,0.0,9768.404322844031,
2025-07-01 01:00:00,0.0,0.0,0.0,0.0,1550.41,709.79,1131.03,2104.97,0.0,,1.0,840.6200000000001,118.43221234449628,0.0,9757.400283683033,
2025-07-01 02:00:00,0.0,0.0,0.0,0.0,1561.47,818.89,1044.14,2471.37,0.0,,1.0,742.58,90.6812880850908,0.0,9534.138049800546,
2025-07-01 03:00:00,0.0,0.0,0.0,0.0,1561.28,615.15,968.34,2622.55,0.0,,1.0,946.13,153.80476306591888,0.0,9438.276755871164,
2025-07-01 04:00:00,0.0,0.0,0.0,0.0,1439.85,438.68,720.95,2595.87,0.0,,1.0,1001.1699999999998,228.2233062824838,0.0,9277.839880583302,
2025-07-01 05:00:00,31.62,12.35,29.24,43.14,1186.41,440.05,648.44,2064.09,19.270000000000003,156.03238866396765,0.0,746.3600000000001,169.6079990910124,0.0,9426.894120230976,
2025-07-01 06:00:00,283.16,252.39,251.4,317.28,945.18,398.51,473.55,1924.76,30.77000000000004,12.191449740481017,1.0,546.67,137.17848987478357,0.0,9854.033718813324,
2025-07-01 07:00:00,772.19,797.14,710.13,877.57,672.9,305.42,233.08,1350.76,24.949999999999932,3.1299395338334457,1.0,367.47999999999996,120.31955995023245,1.0,9995.004042502182,
2025-07-01 08:00:00,1144.0,1296.11,1059.67,1275.85,407.41,165.34,68.29,824.43,152.1099999999999,11.735886614562029,0.0,242.07000000000002,146.40740292730132,1.0,10187.541107649324,
2025-07-01 09:00:00,1361.31,1529.42,1280.14,1467.64,269.77,82.41,62.62,561.66,168.11000000000013,10.991748505969591,0.0,187.35999999999999,227.3510496298993,1.0,10408.224362070065,
2025-07-01 10:00:00,1470.17,1666.26,1412.53,1563.92,206.04,125.66,102.13,357.65,196.08999999999992,11.768271458235805,0.0,80.38,63.9662581569314,1.0,10643.242836824924,
2025-07-01 11:00:00,1531.62,1715.23,1454.83,1595.67,163.33,92.13,84.46,302.33,183.61000000000013,10.704686835001727,0.0,71.20000000000002,77.28210137848694,1.0,10777.019131707322,
2025-07-01 12:00:00,1548.53,1723.72,1483.81,1596.7,154.07,61.09,79.19,261.26,175.19000000000005,10.163483628431534,0.0,92.97999999999999,152.20166966770336,0.0,10921.69020080266,
2025-07-01 13:00:00,1555.73,1705.35,1502.21,1596.18,134.29,68.97,60.45,252.19,149.6199999999999,8.77356554373002,0.0,65.32,94.70784399014063,1.0,10937.235274798692,
2025-07-01 14:00:00,1553.48,1730.12,1499.13,1573.66,124.59,78.69,46.79,253.93,176.63999999999987,10.209696437241341,0.0,45.900000000000006,58.330156309569205,1.0,11083.103692036113,
2025-07-01 15:00:00,1522.11,1721.04,1380.17,1557.18,133.31,138.67,67.8,251.15,198.93000000000006,11.558708687770189,0.0,5.359999999999985,3.8652916997187465,1.0,11182.20471830669,
2025-07-01 16:00:00,1430.59,1682.98,1215.53,1505.08,150.38,188.51,84.33,247.36,252.3900000000001,14.996613150483077,0.0,38.129999999999995,20.22704365816137,1.0,11120.213500958234,
2025-07-01 17:00:00,1344.66,1557.05,1098.93,1403.93,193.57,252.04,81.32,407.04,212.38999999999987,13.640538197231939,0.0,58.47,23.198698619266782,1.0,11021.60506709699,
2025-07-01 19:00:00,657.37,920.01,587.16,717.5,393.92,518.73,238.58,599.95,262.64,28.54751578787187,0.0,124.81,24.060686677076706,1.0,10676.757395045868,
2025-07-01 20:00:00,211.37,327.43,186.23,246.96,658.59,773.59,403.57,871.07,116.06,35.44574412851602,0.0,115.0,14.8657557620962,1.0,10655.95701833929,
2025-07-01 21:00:00,25.75,21.23,20.49,35.23,1077.71,1442.99,721.44,1355.77,4.52,21.29062647197362,1.0,365.28,25.314104740850592,0.0,10861.716404713707,
2025-07-01 22:00:00,0.0,0.0,0.0,0.0,1487.06,2374.34,1066.1,1950.53,0.0,,1.0,887.2800000000002,37.3695426939697,0.0,10730.826701795822,628.507144767254
2025-07-01 23:00:00,0.0,0.0,0.0,0.0,1863.74,2688.18,1190.55,2710.32,0.0,,1.0,824.4399999999998,30.669077219531427,1.0,10517.518718039344,613.2280156995548
2025-07-02 00:00:00,0.0,0.0,0.0,0.0,2114.0,2730.69,1252.59,3226.5,0.0,,1.0,616.69,22.583669328997434,1.0,10517.338488395744,598.4546780906065
2025-07-02 01:00:00,0.0,0.0,0.0,0.0,2469.04,2898.96,1709.65,3383.87,0.0,,1.0,429.9200000000001,14.830145983387148,1.0,10292.61765024028,581.9149756350026
2025-07-02 02:00:00,0.0,0.0,0.0,0.0,2583.65,2741.25,1827.15,3267.19,0.0,,1.0,157.5999999999999,5.749202006383946,1.0,10184.67090088951,551.4802010714749
2025-07-02 03:00:00,0.0,0.0,0.0,0.0,2596.02,2536.92,1965.27,3168.95,0.0,,1.0,59.09999999999991,2.329596518613118,1.0,10150.906665196286,510.45757287721034
2025-07-02 04:00:00,0.0,0.0,0.0,0.0,2543.93,2395.78,1935.65,3030.94,0.0,,1.0,148.14999999999964,6.183789830451862,1.0,10128.495442068684,446.5357054978523
2025-07-02 05:00:00,30.42,9.93,24.88,44.87,2527.98,2274.37,1887.28,3140.86,20.490000000000002,206.34441087613297,0.0,253.61000000000013,11.150780216059838,1.0,10373.5397124047,380.0745954700987
2025-07-02 06:00:00,269.81,224.53,237.27,330.17,2410.59,2206.58,1753.05,2957.71,45.28,20.166570168797044,0.0,204.01000000000022,9.245529280606197,1.0,10788.37475805766,348.2146903351147
2025-07-02 07:00:00,731.34,839.0,647.06,889.1,2185.3,1805.36,1427.13,2586.97,107.65999999999997,12.831942789034562,1.0,379.9400000000003,21.04511011654187,1.0,11091.109581177227,333.38673323931846
2025-07-02 08:00:00,1098.56,1337.79,925.31,1283.08,1766.8,1254.82,1043.16,2180.66,239.23000000000002,17.88247781789369,0.0,511.98,40.80107106995426,1.0,11109.468211603662,328.22104300011506
2025-07-02 09:00:00,1276.56,1531.87,1110.82,1452.15,1380.86,924.42,852.07,1829.33,255.30999999999995,16.66655786718194,0.0,456.43999999999994,49.375824841522245,1.0,11659.849942662831,374.3273699019659
2025-07-02 10:00:00,1410.02,1592.63,1266.02,1530.79,1223.83,995.84,869.82,1817.91,182.61000000000013,11.4659399860608,0.0,227.9899999999999,22.8942400385604,1.0,12107.894483307493,462.9433543504322
2025-07-02 11:00:00,1446.82,1511.32,1338.6,1555.69,1298.42,1162.21,1007.05,1824.55,64.5,4.2677923934044415,1.0,136.21000000000004,11.719912924514505,1.0,12265.300488941702,548.2602903672843
2025-07-02 12:00:00,1482.06,1536.94,1411.49,1561.4,1433.63,1379.49,1066.08,2074.14,54.88000000000011,3.5707314534074266,1.0,54.1400000000001,3.92463881579425,1.0,12275.560897765723,617.4298737845193
2025-07-02 13:00:00,1479.98,1528.28,1386.72,1563.38,1666.67,1641.84,1095.88,2272.76,48.299999999999955,3.160415630643596,1.0,24.830000000000155,1.5123276324124248,1.0,12514.009177790598,695.8206246135771
2025-07-02 14:00:00,1448.05,1446.7,1219.41,1566.93,1802.12,1849.32,1166.89,2484.61,1.349999999999909,0.09331582221607168,1.0,47.200000000000045,2.5522894901909914,1.0,12593.897957773432,767.5832199217984
2025-07-02 15:00:00,1418.07,1388.66,1227.88,1537.82,1890.34,2164.71,1323.67,2441.98,29.409999999999854,2.117869024815279,1.0,274.3700000000001,12.674676977516624,1.0,12725.828103310912,838.7178717379015
2025-07-02 16:00:00,1307.62,1345.93,994.01,1498.74,1998.55,2321.88,1499.1,2439.81,38.31000000000017,2.8463590231290015,1.0,323.33000000000015,13.925353592778272,1.0,12658.448345168614,894.4674820853537
2025-07-02 17:00:00,1159.73,1094.09,796.68,1389.12,2030.65,2361.21,1127.08,2471.23,65.6400000000001,5.999506439141214,1.0,330.55999999999995,13.999601899026345,1.0,12229.324708892695,917.7234282505916
2025-07-02 19:00:00,568.44,698.77,525.0,732.68,1989.69,1713.42,1235.64,2401.04,130.32999999999993,18.651344505345097,1.0,276.27,16.123892565745702,1.0,11540.227950940736,918.9905616729062
2025-07-02 20:00:00,180.78,289.86,168.73,249.16,2348.22,1742.47,1371.45,2611.7,109.08000000000001,37.63196025667564,0.0,605.7499999999998,34.76386967924841,1.0,11496.966039508883,908.0050547558495
2025-07-02 21:00:00,20.4,26.17,16.06,32.91,2779.06,1644.56,1820.8,3213.1,5.770000000000003,22.04814673290028,1.0,1134.5,68.98501726905677,0.0,11426.629463765465,901.5980458658148
2025-07-02 22:00:00,0.0,6.98,0.0,0.0,3168.61,1779.82,2460.76,3900.92,6.98,100.0,0.0,1388.7900000000002,78.02980076636965,0.0,10958.571329490356,895.5149791312701
2025-07-02 23:00:00,0.0,0.93,0.0,0.0,3021.73,1788.08,2012.88,3859.68,0.93,100.0,0.0,1233.65,68.99299807614872,0.0,10478.055169159812,897.2431633715619
2025-07-03 00:00:00,0.0,0.0,0.0,0.0,3196.87,1825.82,2109.18,3726.83,0.0,,1.0,1371.05,75.0922873010483,0.0,10374.93130314161,903.7799182917867
2025-07-03 01:00:00,0.0,0.0,0.0,0.0,3319.39,1960.18,2533.05,3917.4,0.0,,1.0,1359.2099999999998,69.34108092113989,0.0,10175.62287941333,910.2703320957736
2025-07-03 02:00:00,0.0,0.0,0.0,0.0,3353.96,1857.59,2949.9,3956.93,0.0,,1.0,1496.3700000000001,80.55437421605414,0.0,10108.045049575832,914.8012478674091
2025-07-03 03:00:00,0.0,0.0,0.0,0.0,3311.27,2194.22,2892.46,3734.34,0.0,,1.0,1117.0500000000002,50.90875117353776,0.0,9989.289702711983,924.8267643782514
2025-07-03 04:00:00,0.0,0.0,0.0,0.0,3217.99,2711.57,2718.2,3512.19,0.0,,1.0,506.4199999999996,18.67626504202361,0.0,10026.3228783002,931.0479985798446
2025-07-03 05:00:00,28.53,9.42,20.34,36.78,3043.35,2913.14,2434.48,3633.78,19.11,202.86624203821657,0.0,130.21000000000004,4.469747420309359,1.0,10398.449667934627,929.8964341728837
2025-07-03 06:00:00,282.65,204.67,227.57,323.24,2795.57,2649.28,2234.47,3231.41,77.97999999999999,38.10035667171544,0.0,146.28999999999996,5.521877642227321,1.0,10590.795683470385,936.1769751506473
2025-07-03 07:00:00,773.98,767.5,672.87,848.68,2308.58,1961.54,1793.01,2828.78,6.480000000000018,0.8442996742671034,1.0,347.03999999999996,17.692221417865554,1.0,11031.990569601589,937.013582478462
2025-07-03 08:00:00,1164.59,1716.0,1078.3,1236.75,1852.24,1384.0,978.88,2544.7,551.4100000000001,32.13344988344989,0.0,468.24,33.832369942196536,1.0,10964.348004735468,939.2010232722848
2025-07-03 09:00:00,1375.1,1716.0,1320.89,1421.12,1678.0,1384.0,473.34,2642.06,340.9000000000001,19.86596736596737,0.0,294.0,21.242774566473987,1.0,11103.429205039929,938.3217836311044
2025-07-03 10:00:00,1506.6,1716.0,1460.07,1525.93,1861.23,1384.0,380.3,2995.62,209.4000000000001,12.202797202797209,0.0,477.23,34.48193641618497,1.0,11194.492204711198,924.0649816964878
2025-07-03 11:00:00,1557.91,1716.0,1519.2,1576.63,2179.45,1384.0,498.78,3435.32,158.08999999999992,9.212703962703959,0.0,795.4499999999998,57.47471098265895,1.0,11222.313134781263,900.8226395921598
2025-07-03 12:00:00,1538.45,1675.34,1503.52,1566.16,2314.82,1096.47,798.62,3391.34,136.88999999999987,8.170878747000602,0.0,1218.3500000000001,111.11567119939443,1.0,11313.613329578675,874.4259849282843
2025-07-03 13:00:00,1474.89,1654.53,1418.25,1507.34,2454.35,1281.48,1006.47,3607.5,179.63999999999987,10.857464053235654,0.0,1172.87,91.52464338109061,1.0,11437.551790995127,831.4121749424254
2025-07-03 14:00:00,1465.06,1598.03,1413.25,1505.86,2617.95,1606.37,1231.6,3811.63,132.97000000000003,8.320870071275259,0.0,1011.5799999999999,62.97303859011312,1.0,11444.642506609343,777.1289536919655
2025-07-03 15:00:00,1441.39,1564.47,1374.7,1534.98,2702.21,1988.59,1510.24,3531.23,123.07999999999993,7.867201032937668,0.0,713.6200000000001,35.88572807868893,1.0,11564.347051799297,705.7721404742483
2025-07-03 16:00:00,1373.2,1466.29,1326.4,1500.55,2761.12,2429.19,1711.21,3686.41,93.08999999999992,6.348675909949596,1.0,331.92999999999984,13.664225523734242,1.0,11403.282553783878,625.088684664105
2025-07-03 17:00:00,1267.01,1312.34,1221.63,1397.7,2901.63,2574.7,2119.84,4038.96,45.32999999999993,3.4541353612630816,1.0,326.9300000000003,12.697790033790357,1.0,11599.542506898211,584.0241166108943
2025-07-03 19:00:00,612.84,835.53,476.65,664.66,2930.25,2916.51,2475.48,4054.26,222.68999999999994,26.652543894294634,0.0,13.739999999999782,0.4711110196776209,1.0,11141.093109470656,536.2590524013644
2025-07-03 20:00:00,200.21,256.31,156.04,217.88,2884.55,2886.62,2479.89,3794.07,56.099999999999994,21.887558035191756,0.0,2.069999999999709,0.07171016621514814,1.0,11006.17771115938,523.7684226574933
2025-07-03 21:00:00,24.05,17.23,17.44,28.82,2873.58,2998.85,2553.68,3599.16,6.82,39.5821242019733,0.0,125.26999999999998,4.177267952715207,1.0,10940.823194159386,513.0632892833961
2025-07-03 22:00:00,0.0,0.0,0.0,0.0,2747.69,2754.01,2148.17,3417.57,0.0,,1.0,6.320000000000164,0.22948355307352417,1.0,10588.470590615107,517.1128828360307
2025-07-03 23:00:00,0.0,0.0,0.0,0.0,2370.87,2674.28,1504.16,3050.7,0.0,,1.0,303.4100000000003,11.345483644195832,1.0,10245.319985341297,527.3609645625758
2025-07-04 00:00:00,0.0,0.0,0.0,0.0,2071.58,2440.86,1122.28,2818.66,0.0,,1.0,369.2800000000002,15.129093843973033,1.0,10119.35287415925,540.540126609199
2025-07-04 01:00:00,0.0,0.0,0.0,0.0,1864.78,2129.21,965.59,2506.56,0.0,,1.0,264.43000000000006,12.419160157992874,1.0,9934.039444044882,556.1558623747434
2025-07-04 02:00:00,0.0,0.0,0.0,0.0,1578.54,1733.19,803.91,2200.58,0.0,,1.0,154.6500000000001,8.92285323594067,1.0,9754.9125444472,581.1626730545809
2025-07-04 03:00:00,0.0,0.0,0.0,0.0,1285.28,1189.49,536.87,1844.77,0.0,,1.0,95.78999999999996,8.053031130988908,1.0,9602.862778636681,610.6589511703193
2025-07-04 04:00:00,0.0,0.0,0.0,0.0,1041.75,915.14,536.48,1498.05,0.0,,1.0,126.61000000000001,13.83504163297419,1.0,9624.502931122659,638.6393043114678
2025-07-04 05:00:00,26.6,2.62,12.75,38.08,853.79,827.55,510.75,1282.89,23.98,915.267175572519,0.0,26.24000000000001,3.1708053894024544,1.0,9644.768966402647,677.4878204609531
2025-07-04 06:00:00,237.07,88.03,125.72,322.88,763.9,789.36,403.81,1071.94,149.04,169.30591843689652,0.0,25.460000000000036,3.2253977906151867,1.0,9969.365441184967,696.8732255779191
2025-07-04 07:00:00,606.84,250.73,357.39,772.96,659.35,636.94,341.21,1229.01,356.11,142.02927451840625,0.0,22.409999999999968,3.518384777216059,1.0,10159.071054449149,704.8043805525346
2025-07-04 08:00:00,927.98,595.15,596.2,1134.39,601.35,669.64,351.9,1218.66,332.83000000000004,55.9237167100731,0.0,68.28999999999996,10.198016844871866,1.0,10291.606071954742,708.1913405608099
2025-07-04 09:00:00,1123.56,939.45,747.38,1298.18,711.47,765.39,496.69,1279.92,184.1099999999999,19.597636915216338,1.0,53.91999999999996,7.044774559374954,1.0,10697.83094131413,702.8596373400165
2025-07-04 10:00:00,1240.79,1290.68,830.51,1389.91,855.35,782.54,548.85,1400.79,49.8900000000001,3.8654042830136124,1.0,72.81000000000006,9.304316712244749,1.0,10914.726678604955,696.2249012269648
2025-07-04 11:00:00,1368.48,1573.44,1075.07,1509.14,899.71,890.02,586.41,1395.33,204.96000000000004,13.026235509456988,0.0,9.690000000000055,1.0887395788858738,1.0,10981.699930257933,689.5847357901354
2025-07-04 12:00:00,1394.37,1575.75,1147.56,1540.94,892.06,928.62,598.71,1228.36,181.3800000000001,11.510709186101863,0.0,36.56000000000006,3.9370248325472272,1.0,11035.618095736094,680.3521650837745
2025-07-04 13:00:00,1409.37,1503.11,1142.53,1519.14,838.11,879.75,542.29,1160.63,93.74000000000001,6.236403190717913,1.0,41.639999999999986,4.73316283034953,1.0,11066.53750224327,665.6310337894498
2025-07-04 14:00:00,1387.84,1518.77,1036.21,1514.77,809.1,838.67,473.98,1127.67,130.93000000000006,8.620791824963627,0.0,29.569999999999936,3.525820644592025,1.0,11139.436934340352,652.1729199467233
2025-07-04 15:00:00,1328.94,1378.74,875.67,1472.06,821.64,724.39,495.82,1072.23,49.799999999999955,3.6119935593367827,1.0,97.25,13.42508869531606,1.0,11171.607518708028,631.9951898071002
2025-07-04 16:00:00,1171.85,1440.09,584.71,1401.71,888.71,682.78,579.02,1164.41,268.24,18.62661361442688,0.0,205.93000000000006,30.160520226134345,1.0,10985.664724487717,614.4530687018425
2025-07-04 17:00:00,858.86,1170.1,404.36,1175.48,1007.17,652.34,682.43,1299.4,311.2399999999999,26.599435945645666,1.0,354.8299999999999,54.39341447711315,0.0,10535.141964920498,575.0935150896854
2025-07-04 19:00:00,272.29,366.51,140.5,478.08,1191.1,732.12,1012.12,1544.62,94.21999999999997,25.707347684919913,1.0,458.9799999999999,62.69190843031196,0.0,10300.695719064528,530.250533257271
2025-07-04 20:00:00,86.11,108.07,40.28,152.05,1171.24,1148.33,833.36,1672.38,21.959999999999994,20.320162857407233,1.0,22.910000000000082,1.9950711032542983,1.0,10334.926352036186,517.7370440023797
2025-07-04 21:00:00,8.31,7.23,3.65,15.7,1245.33,1522.33,859.15,1825.4,1.08,14.937759336099585,1.0,277.0,18.195791976772448,1.0,10436.966491083935,506.2921153872932
2025-07-04 22:00:00,0.0,0.0,0.0,0.0,1295.29,1567.85,825.9,1842.81,0.0,,1.0,272.55999999999995,17.38431610166789,1.0,10337.633236988557,505.05469159493083
2025-07-04 23:00:00,0.0,0.0,0.0,0.0,1086.77,1553.72,695.69,1516.8,0.0,,1.0,466.95000000000005,30.053677625312158,0.0,10195.1740195153,505.8275088156869
2025-07-05 00:00:00,0.0,0.0,0.0,0.0,1028.07,1645.96,484.49,1490.37,0.0,,1.0,617.8900000000001,37.53979440569638,0.0,9978.779008826854,509.99548437175713
2025-07-05 01:00:00,0.0,0.0,0.0,0.0,963.27,1613.99,412.71,1388.28,0.0,,1.0,650.72,40.31747408596088,0.0,9951.35955991265,509.33034563861753
2025-07-05 02:00:00,0.0,0.0,0.0,0.0,815.54,1308.25,234.14,1304.97,0.0,,1.0,492.71000000000004,37.66176189566215,0.0,9900.706408639899,502.2058324531229
2025-07-05 03:00:00,0.0,0.0,0.0,0.0,722.87,1201.98,120.24,1272.84,0.0,,1.0,479.11,39.860064227358194,1.0,9871.206715908464,486.4429722839007
2025-07-05 04:00:00,0.0,0.0,0.0,0.0,614.98,893.12,99.47,1305.33,0.0,,1.0,278.14,31.142511644571837,1.0,9883.644391614207,470.8647195631295
2025-07-05 05:00:00,4.08,0.69,2.48,7.12,585.47,650.15,279.83,1309.08,3.39,491.304347826087,0.0,64.67999999999995,9.948473429208637,1.0,9762.995388885347,462.9395425149212
2025-07-05 06:00:00,46.6,28.87,28.14,74.96,500.94,554.12,210.65,1107.37,17.73,61.41323172843782,1.0,53.18000000000001,9.597199162636254,1.0,9685.763301878224,478.46675088540394
2025-07-05 07:00:00,150.1,115.4,116.51,238.77,383.93,633.03,141.28,825.66,34.69999999999999,30.069324090121306,0.0,249.09999999999997,39.350425730218156,1.0,9844.933669315207,489.9148121970239
2025-07-05 08:00:00,266.01,247.44,210.51,440.56,306.16,771.96,111.25,549.77,18.569999999999993,7.50484966052376,1.0,465.8,60.33991398518058,0.0,9995.092457380295,496.49590494978077
2025-07-05 09:00:00,368.5,342.93,268.84,498.31,321.17,880.42,171.21,504.15,25.569999999999993,7.456332196074998,1.0,559.25,63.52081960882307,0.0,10004.839534057068,497.90013661629683
2025-07-05 10:00:00,442.49,510.4,314.85,493.58,415.03,902.67,181.34,685.53,67.90999999999997,13.305250783699055,0.0,487.64,54.02195708287636,0.0,10067.05414618419,486.7853542266772
2025-07-05 11:00:00,521.21,646.62,350.14,544.89,,752.83,,,125.40999999999997,19.394698586495927,0.0,,,0.0,10136.471721608465,467.3783846778882
2025-07-05 12:00:00,601.77,715.22,357.58,645.52,467.09,792.29,240.02,730.03,113.45000000000005,15.862252174156211,0.0,325.2,41.0455767458885,0.0,10314.33012522219,439.68728028812154
2025-07-05 13:00:00,667.67,875.16,384.73,713.63,507.02,849.1,360.42,846.4,207.49,23.708807532336944,0.0,342.08000000000004,40.28736309033094,0.0,10375.916308953902,405.87070883887003
2025-07-05 14:00:00,706.28,1162.36,462.48,778.03,524.69,851.74,351.91,955.58,456.0799999999999,39.23741353797446,0.0,327.04999999999995,38.39786789395824,1.0,10388.33782725895,359.0058131731164
2025-07-05 15:00:00,743.1,1139.08,526.03,934.67,509.04,825.05,340.02,930.68,395.9799999999999,34.76314218492116,0.0,316.00999999999993,38.30192109569116,1.0,10383.336099927888,296.876861124798
2025-07-05 16:00:00,792.69,1124.12,558.47,1029.32,449.02,823.81,345.82,854.49,331.42999999999984,29.48350709888623,0.0,374.78999999999996,45.49471358687075,1.0,10480.202137789547,250.55772768450956
2025-07-05 17:00:00,832.34,1049.34,560.67,1044.39,475.76,857.53,312.04,739.16,216.9999999999999,20.679665313435102,0.0,381.77,44.5197252574254,0.0,10481.521057808084,247.1481421532999
2025-07-05 19:00:00,516.71,799.32,415.32,627.76,454.28,788.62,354.44,1186.94,282.61,35.356302857428815,0.0,334.34000000000003,42.39557708402019,1.0,10289.058113624196,246.30705729142943
2025-07-05 20:00:00,168.15,272.26,143.21,212.62,511.02,797.02,347.74,1209.15,104.10999999999999,38.23918313376919,0.0,286.0,35.883666658302175,1.0,10348.208332867034,246.7736984764092
2025-07-05 21:00:00,18.86,10.88,12.81,26.94,683.02,885.99,423.28,1175.6,7.979999999999999,73.3455882352941,0.0,202.97000000000003,22.908836442849246,1.0,10329.105944630553,242.11835989614997
2025-07-05 22:00:00,0.0,1.07,0.0,0.0,886.19,1131.66,541.28,1204.46,1.07,100.0,0.0,245.47000000000003,21.69114398317516,1.0,10348.223310579971,242.50709743460322
2025-07-05 23:00:00,0.0,0.0,0.0,0.0,1010.24,1225.32,728.7,1272.73,0.0,,1.0,215.07999999999993,17.552965755884173,1.0,10218.580819456056,242.79153940999606
2025-07-06 00:00:00,0.0,0.0,0.0,0.0,1151.07,1403.34,800.8,1407.47,0.0,,1.0,252.26999999999998,17.97639916199923,1.0,10075.50105871502,240.80155665310207
2025-07-06 01:00:00,0.0,0.0,0.0,0.0,1192.62,1517.59,867.14,1526.17,0.0,,1.0,324.97,21.413557021329872,1.0,9974.54550768627,240.04218432900666
2025-07-06 02:00:00,0.0,0.0,0.0,0.0,1247.68,1511.26,791.35,1478.46,0.0,,1.0,263.5799999999999,17.441075658721854,0.0,9811.175521580486,244.64784083890845
2025-07-06 03:00:00,0.0,0.0,0.0,0.0,1258.17,1272.21,736.99,1472.2,0.0,,1.0,14.039999999999964,1.103591388214207,1.0,9849.809442778727,245.70974068186553
2025-07-06 04:00:00,0.0,0.0,0.0,0.0,1243.61,1057.55,658.67,1435.42,0.0,,1.0,186.05999999999995,17.593494397428014,1.0,9845.7813543486,247.54146924547197
2025-07-06 05:00:00,10.73,2.5,7.88,13.63,1325.36,1012.98,534.15,1655.55,8.23,329.20000000000005,0.0,312.3799999999999,30.837726312464202,1.0,9855.71551664782,242.0923697006916
2025-07-06 06:00:00,134.87,75.94,106.01,180.97,1242.98,1006.2,314.68,1686.83,58.93000000000001,77.60073742428234,0.0,236.77999999999997,23.532100973961434,1.0,9980.070229573776,224.80331520681048
2025-07-06 07:00:00,379.33,210.09,314.98,462.82,1080.25,988.57,225.58,1611.98,169.23999999999998,80.55595221095719,0.0,91.67999999999995,9.274001841043116,1.0,10177.707331958049,214.92718035218422
2025-07-06 08:00:00,603.13,367.5,470.49,767.62,769.18,488.47,89.87,1272.73,235.63,64.1170068027211,0.0,280.7099999999999,57.467193481687694,1.0,10405.648988669378,216.86884372879229
2025-07-06 09:00:00,771.26,491.18,585.92,898.27,615.88,295.83,96.2,1028.53,280.08,57.021865711144585,0.0,320.05,108.18713450292398,1.0,10495.305130728397,222.15497706253308
2025-07-06 10:00:00,935.5,964.87,644.3,1136.7,676.8,340.63,150.8,1012.9,29.370000000000005,3.0439333796262713,1.0,336.16999999999996,98.69066142148371,1.0,10317.296413675398,221.2267264705494
2025-07-06 11:00:00,1042.75,1148.35,844.06,1213.21,630.62,609.77,221.32,921.44,105.59999999999991,9.195802673400959,1.0,20.850000000000023,3.419322039457504,1.0,10364.875500949827,222.55203387220078
2025-07-06 12:00:00,1141.8,1272.59,860.93,1259.42,638.01,1039.81,151.0,950.4,130.78999999999996,10.277465640936985,0.0,401.79999999999995,38.64167492137987,0.0,10541.943833228292,231.17076749973717
2025-07-06 13:00:00,1201.37,1360.15,862.12,1285.04,607.73,1082.89,246.08,995.6,158.7800000000002,11.673712458184774,0.0,475.1600000000001,43.878879664601214,0.0,10670.637745138569,246.2980820372837
2025-07-06 14:00:00,1231.59,1364.67,827.77,1324.02,627.51,1071.7,233.42,1131.74,133.08000000000015,9.751808129437897,0.0,444.19000000000005,41.44723336754689,1.0,10803.757381899684,270.07006708379737
2025-07-06 15:00:00,1225.78,1379.23,793.28,1287.17,628.0,1139.71,56.32,1525.9,153.45000000000005,11.125773076281696,0.0,511.71000000000004,44.898263593370245,1.0,10868.758042358028,296.23558425999965
2025-07-06 16:00:00,1148.96,1408.95,738.18,1223.58,715.84,1207.85,79.71,1806.77,259.99,18.45274850065652,0.0,492.0099999999999,40.734362710601474,1.0,11031.487256692888,331.31639231545444
2025-07-06 17:00:00,1101.51,1308.27,658.21,1209.29,558.98,1246.29,137.88,1109.73,206.76,15.8040771400399,0.0,687.31,55.14848069068996,0.0,10696.928005673313,339.0464008614562
2025-07-06 19:00:00,559.93,798.95,326.05,622.94,536.61,1107.53,233.78,923.22,239.0200000000001,29.91676575505352,0.0,570.92,51.54894224084223,0.0,10118.221882554277,341.7507009329848
2025-07-06 20:00:00,171.88,300.11,107.27,218.8,506.1,856.51,249.09,939.2,128.23000000000002,42.72766652227517,0.0,350.40999999999997,40.91137289698894,1.0,9976.768034389408,348.4285008957343
2025-07-06 21:00:00,17.97,25.74,9.86,28.78,438.24,575.74,228.2,962.25,7.77,30.186480186480185,1.0,137.5,23.882307986243788,1.0,9883.99579938456,358.3741585227591
2025-07-06 22:00:00,0.0,10.76,0.0,0.0,396.03,375.92,196.16,877.24,10.76,100.0,0.0,20.109999999999957,5.349542455841657,1.0,9612.095291537282,382.84840950742785
2025-07-06 23:00:00,0.0,23.94,0.0,0.0,428.4,221.77,275.94,634.49,23.94,100.0,0.0,206.62999999999997,93.17310727330114,0.0,9401.614658642047,420.10544498236004
2025-07-07 00:00:00,0.0,23.71,0.0,0.0,453.66,173.46,315.7,641.62,23.71,100.0,0.0,280.20000000000005,161.53580076098237,0.0,9263.351576127294,462.3477567439091
2025-07-07 01:00:00,0.0,9.0,0.0,0.0,444.35,159.41,330.63,725.06,9.0,100.0,0.0,284.94000000000005,178.74662819145604,0.0,9215.492913692333,501.3540397685963
2025-07-07 02:00:00,0.0,9.0,0.0,0.0,460.53,219.36,318.99,792.8,9.0,100.0,0.0,241.16999999999996,109.94256017505468,0.0,9199.539282733649,533.7562950704222
2025-07-07 03:00:00,0.0,9.0,0.0,0.0,466.76,195.56,320.34,790.9,9.0,100.0,0.0,271.2,138.6786663939456,0.0,9320.44536433147,556.0198096924781
2025-07-07 04:00:00,0.0,9.0,0.0,0.0,445.42,182.03,298.48,694.91,9.0,100.0,0.0,263.39,144.69592924243256,0.0,9400.208891657781,572.1238527155667
2025-07-07 05:00:00,23.44,19.01,13.17,32.58,351.53,161.83,144.75,531.36,4.43,23.303524460810095,1.0,189.69999999999996,117.2217759377124,1.0,9636.89486951099,577.6141823401676
2025-07-07 06:00:00,236.38,300.2,153.87,300.98,236.04,127.79,152.79,358.97,63.81999999999999,21.259160559626913,1.0,108.24999999999999,84.70928867673526,0.0,9999.742891711916,577.4897864721021
2025-07-07 07:00:00,662.46,822.64,512.85,757.49,151.11,95.68,108.88,214.44,160.17999999999995,19.471457745794023,0.0,55.43000000000001,57.932692307692314,0.0,10150.285430407635,577.3034211404681
2025-07-07 08:00:00,1047.68,1079.79,898.55,1136.25,81.65,51.18,53.09,149.02,32.1099999999999,2.9737263727206127,1.0,30.470000000000006,59.53497459945293,0.0,10393.102637637307,576.9948605085417
2025-07-07 09:00:00,1239.94,1476.33,1047.24,1333.31,65.35,65.63,37.63,120.39,236.38999999999987,16.01200273651554,0.0,0.28000000000000114,0.426634161206767,1.0,10553.195359694379,578.956246172472
2025-07-07 10:00:00,1377.69,1606.98,1226.87,1450.84,112.39,106.84,75.81,193.0,229.28999999999996,14.268379195758502,0.0,5.549999999999997,5.194683639086482,1.0,10774.740821377507,594.596455000875
2025-07-07 11:00:00,1438.83,1653.44,1306.98,1516.48,171.09,155.85,124.89,274.76,214.61000000000013,12.979606154441656,0.0,15.240000000000009,9.77863330125121,1.0,10855.269107779166,612.4630583005851
2025-07-07 12:00:00,1438.78,1650.59,1295.4,1534.52,230.04,235.96,161.04,343.44,211.80999999999995,12.832381148558996,0.0,5.920000000000016,2.508899813527723,1.0,11012.097371854597,633.8723548056271
2025-07-07 13:00:00,1431.68,1645.59,1210.4,1536.08,259.46,275.48,208.98,361.4,213.90999999999985,12.99898516641447,0.0,16.02000000000004,5.815304196311906,1.0,11139.728994144993,657.9108550044617
2025-07-07 14:00:00,1438.44,1631.01,1225.29,1531.45,280.87,253.12,187.25,446.79,192.56999999999994,11.806794562878213,0.0,27.75,10.96317951959545,1.0,11195.312057227697,679.2411406027264
2025-07-07 15:00:00,1439.73,1570.76,1280.49,1516.07,290.02,330.76,175.87,638.53,131.02999999999997,8.341821793272045,0.0,40.74000000000001,12.31708791873262,1.0,11245.299806475126,700.1109566845091
2025-07-07 16:00:00,1406.93,1616.42,1279.17,1453.27,327.24,463.33,185.15,845.44,209.49,12.960121750535134,0.0,136.08999999999997,29.372153756501838,1.0,11224.45915594758,711.2661398020952
2025-07-07 17:00:00,1289.57,1532.27,1102.5,1326.33,372.91,528.21,220.99,982.46,242.70000000000005,15.839245041670205,0.0,155.3,29.401185134700214,1.0,11102.504921836931,728.3542064528198
2025-07-07 19:00:00,631.63,891.18,566.5,675.76,546.7,624.83,323.98,1046.57,259.54999999999995,29.124307098453734,0.0,78.13,12.504201142710816,1.0,10764.732632835136,752.1811428633506
2025-07-07 20:00:00,200.41,302.23,164.93,224.8,806.77,834.99,510.72,1495.12,101.82000000000002,33.68957416537075,0.0,28.220000000000027,3.3796811937867552,1.0,10693.911366427583,754.5585544777609
2025-07-07 21:00:00,22.33,16.77,15.17,27.73,1318.5,1288.9,917.9,2375.13,5.559999999999999,33.15444245676803,1.0,29.59999999999991,2.2965319264489024,1.0,10644.852783176419,752.615447679715
2025-07-07 22:00:00,0.0,0.0,0.0,0.0,1983.93,2055.21,1505.75,3038.0,0.0,,1.0,71.27999999999997,3.4682587180872013,1.0,10568.547166266177,738.4394771789191
2025-07-07 23:00:00,0.0,0.0,0.0,0.0,2600.75,2882.45,2025.68,3229.95,0.0,,1.0,281.6999999999998,9.772936217453896,1.0,10612.92342333908,710.6465855214408
2025-07-08 00:00:00,0.0,0.0,0.0,0.0,3042.18,2969.1,2458.88,3393.59,0.0,,1.0,73.07999999999993,2.4613519248257023,1.0,10494.809619513211,667.006691276374
2025-07-08 01:00:00,0.0,0.0,0.0,0.0,3278.07,2838.4,2814.3,3582.06,0.0,,1.0,439.6700000000001,15.490064825253667,1.0,10263.187271905648,613.7524183974399
2025-07-08 02:00:00,0.0,0.0,0.0,0.0,3297.8,2755.52,2956.93,3729.76,0.0,,1.0,542.2800000000002,19.67977006154919,0.0,10100.14929412663,554.8639141903894
2025-07-08 03:00:00,0.0,0.0,0.0,0.0,3259.5,2643.01,2934.76,3720.38,0.0,,1.0,616.4899999999998,23.32529956375495,0.0,10060.680924034716,501.7281776258777
2025-07-08 04:00:00,0.0,0.0,0.0,0.0,3214.71,2443.09,2834.88,3613.63,0.0,,1.0,771.6199999999999,31.583773008771672,0.0,10205.538335349982,443.01402988343983
2025-07-08 05:00:00,26.45,7.87,19.07,31.75,3124.73,2353.19,2652.29,3570.62,18.58,236.0864040660737,0.0,771.54,32.78698277657138,0.0,10444.712685652898,393.6660666431274
2025-07-08 06:00:00,276.53,257.12,241.5,308.75,2978.25,2316.87,2382.57,3480.62,19.409999999999968,7.549004355942738,1.0,661.3800000000001,28.546271478330688,0.0,10847.983431679804,370.5781028209881
2025-07-08 07:00:00,784.65,705.68,724.43,842.18,2555.17,1907.76,1834.66,3292.79,78.97000000000003,11.19062464573178,0.0,647.4100000000001,33.93561034931019,1.0,11125.928624583463,363.29818992267354
2025-07-08 08:00:00,1191.21,1251.57,1138.22,1242.03,2038.9,1262.11,1401.2,2962.26,60.3599999999999,4.822742635250118,0.0,776.7900000000002,61.54693331009186,0.0,11443.568877934731,384.67522958162306
2025-07-08 09:00:00,1384.87,1423.35,1337.29,1431.17,1537.26,993.01,1219.11,2517.28,38.48000000000002,2.703481223873258,1.0,544.25,54.808108679670895,0.0,11598.099058124171,417.38101749542426
2025-07-08 10:00:00,1486.74,1534.96,1429.56,1538.77,1451.8,1137.72,1022.01,2468.11,48.22000000000003,3.1414499400635862,1.0,314.0799999999999,27.6060893717259,1.0,11796.234523127567,463.32100590829253
2025-07-08 11:00:00,1534.28,1648.07,1475.0,1589.03,1635.33,1252.05,1043.4,2470.53,113.78999999999996,6.904439738603334,0.0,383.28,30.61219599856236,1.0,12188.843046089725,537.8013388289485
2025-07-08 12:00:00,1541.92,1678.13,1477.88,1601.31,1779.56,1430.87,1294.94,2525.42,136.21000000000004,8.116772836431029,0.0,348.69000000000005,24.369090133974442,1.0,12012.699294880926,583.1855242727587
2025-07-08 13:00:00,1521.34,1665.62,1454.58,1577.14,1851.07,1546.34,1476.19,2520.7,144.27999999999997,8.662239886648814,0.0,304.73,19.706532845299225,1.0,12242.888422307533,639.6506180887727
2025-07-08 14:00:00,1525.56,1693.41,1462.52,1581.87,1948.03,1651.3,1618.34,2667.16,167.85000000000014,9.911952805286383,0.0,296.73,17.969478592623993,1.0,12407.607821427986,701.1119981995258
2025-07-08 15:00:00,1519.2,1690.06,1448.99,1576.68,2093.4,1900.42,1886.76,2870.53,170.8599999999999,10.109700247328492,0.0,192.98000000000002,10.154597404784207,1.0,12370.435233824204,750.9334352906883
2025-07-08 16:00:00,1474.27,1649.93,1405.88,1535.26,2253.87,2094.93,2184.8,2983.01,175.66000000000008,10.646512276278392,0.0,158.94000000000005,7.586888344717965,0.0,12366.51171983123,794.6140071409837
2025-07-08 17:00:00,1359.8,1529.53,1287.41,1416.79,2358.18,2312.47,2193.85,2954.13,169.73000000000002,11.09687289559538,0.0,45.710000000000036,1.9766742919908167,1.0,12183.51701881167,822.5735272076201
2025-07-08 19:00:00,654.85,932.66,604.08,688.85,2731.91,2392.88,2096.82,3313.88,277.80999999999995,29.786846224776443,0.0,339.02999999999975,14.168282571629156,1.0,11738.753475085265,833.5136428492821
2025-07-08 20:00:00,205.33,296.65,177.9,232.76,3001.99,2783.48,2264.81,3685.73,91.31999999999996,30.783751896173932,0.0,218.50999999999976,7.850245017029033,1.0,11447.103399245718,825.3470806289171
2025-07-08 21:00:00,22.9,10.02,16.91,29.33,3389.73,3117.9,2666.92,4045.4,12.879999999999999,128.5429141716567,0.0,271.8299999999999,8.718368132396803,1.0,11445.755967643823,814.1144741612968
2025-07-08 22:00:00,0.0,0.0,0.0,0.0,3770.07,3295.36,2889.79,4320.64,0.0,,1.0,474.71000000000004,14.405406389590212,1.0,11301.457002140085,798.037680065318
2025-07-08 23:00:00,0.0,0.0,0.0,0.0,3966.25,3316.65,3039.18,4370.18,0.0,,1.0,649.5999999999999,19.586028070492816,1.0,10979.545016301325,786.6034016218997
2025-07-09 00:00:00,0.0,0.0,0.0,0.0,4111.94,3269.22,3314.14,4411.73,0.0,,1.0,842.7199999999998,25.77740256085549,0.0,10619.586300868219,780.9439949405509
2025-07-09 01:00:00,0.0,0.0,0.0,0.0,4145.47,3190.21,3482.73,4395.03,0.0,,1.0,955.2600000000002,29.943483344356647,0.0,10393.273280060821,773.2881399142872
2025-07-09 02:00:00,0.0,0.0,0.0,0.0,4123.58,3115.86,3652.29,4309.33,0.0,,1.0,1007.7199999999998,32.34163280763577,0.0,10313.227078671058,759.0124177370114
2025-07-09 03:00:00,0.0,0.0,0.0,0.0,4063.46,3057.65,3768.88,4316.1,0.0,,1.0,1005.81,32.894870243487645,0.0,10325.105160148822,740.5457175800199
2025-07-09 04:00:00,0.0,0.0,0.0,0.0,3913.77,2973.72,3459.81,4326.65,0.0,,1.0,940.0500000000002,31.611920422904653,0.0,10373.913405596331,729.424831498223
2025-07-09 05:00:00,23.52,7.09,18.15,28.96,3764.56,2806.24,3369.34,4161.71,16.43,231.73483779971792,0.0,958.3200000000002,34.14960944181539,0.0,10562.854062685503,722.9993619444682
2025-07-09 06:00:00,253.37,210.76,224.63,281.35,3428.94,2625.02,3060.47,3909.46,42.610000000000014,20.217308787246164,0.0,803.9200000000001,30.625290473977344,0.0,10567.448972014694,734.7321960945018
2025-07-09 07:00:00,697.14,705.58,642.98,749.26,2632.48,2208.39,2230.09,3257.25,8.440000000000055,1.1961790300178652,1.0,424.09000000000015,19.20358270051939,0.0,10481.288698799299,756.7544884785294
2025-07-09 08:00:00,1020.07,1084.09,992.31,1071.63,1853.78,1783.55,1470.73,2654.2,64.01999999999987,5.905413757160371,0.0,70.23000000000002,3.937652434750919,1.0,10552.767060103433,774.9304721879374
2025-07-09 09:00:00,1171.66,1265.77,1137.77,1225.42,1402.6,1491.27,925.99,2448.27,94.1099999999999,7.43500003950164,0.0,88.67000000000007,5.945938696547244,1.0,10816.814211051947,779.9674283150241
2025-07-09 10:00:00,1238.8,1408.94,1216.52,1285.87,1443.91,1421.44,723.21,2438.43,170.1400000000001,12.075744886226532,0.0,22.470000000000027,1.5807913102206232,1.0,11155.29210330961,773.4139001576541
2025-07-09 11:00:00,1268.85,1539.39,1140.64,1377.9,1783.01,1650.15,868.68,2725.88,270.5400000000002,17.574493792995938,0.0,132.8599999999999,8.05138926764233,1.0,11275.251900623192,748.8161907269499
2025-07-09 12:00:00,1276.53,1534.16,1176.69,1351.75,2036.69,1867.39,1227.24,2763.68,257.6300000000001,16.792902956666847,0.0,169.29999999999995,9.066129731871754,1.0,11364.322138450154,731.2810747460779
2025-07-09 13:00:00,1252.54,1220.05,1149.82,1304.45,2161.21,1870.08,1615.13,2774.66,32.49000000000001,2.6630056145239958,1.0,291.1300000000001,15.567783196440802,1.0,11716.900882490872,706.5911625396818
2025-07-09 14:00:00,1233.29,1329.97,1057.54,1291.16,2380.1,1926.36,2062.07,2985.18,96.68000000000006,7.269336902336147,0.0,453.74,23.554268153408504,0.0,11987.428639100566,679.8823054024776
2025-07-09 15:00:00,1164.22,1352.56,917.73,1232.77,2615.86,2042.45,2222.68,3263.83,188.33999999999992,13.92470574318329,0.0,573.4100000000001,28.074616269676127,0.0,12062.036115986662,658.9015061877349
2025-07-09 16:00:00,1019.07,1041.45,775.65,1112.2,2919.05,1998.6,2456.4,3606.64,22.379999999999995,2.1489269768111763,1.0,920.4500000000003,46.05473831682179,0.0,12121.254433662245,641.075446655707
2025-07-09 17:00:00,794.95,659.95,550.72,941.46,3011.12,2016.57,2590.55,3804.77,135.0,20.456095158724143,1.0,994.55,49.31889297172922,0.0,11668.16283923012,613.0467125880826
2025-07-09 19:00:00,275.49,329.63,168.62,376.05,3423.97,2573.66,3067.41,3875.85,54.139999999999986,16.424475927555136,1.0,850.31,33.03894065261145,0.0,11104.714440647773,577.265809844653
2025-07-09 20:00:00,87.6,141.01,50.39,120.49,3156.58,2534.41,2695.87,4031.58,53.41,37.87674633004752,0.0,622.1700000000001,24.548908819015082,0.0,10971.92037659853,572.1149048645722
2025-07-09 21:00:00,6.77,10.04,3.67,8.79,2794.95,2168.6,2097.99,4244.49,3.2699999999999996,32.569721115537845,0.0,626.3499999999999,28.882689292631188,1.0,10662.70659106041,571.268535803283
2025-07-09 22:00:00,0.0,0.0,0.0,0.0,2272.56,1874.46,1411.57,4107.09,0.0,,1.0,398.0999999999999,21.23811657757434,1.0,10196.504686163917,592.057644027757
2025-07-09 23:00:00,0.0,0.0,0.0,0.0,1694.41,1524.29,860.41,3373.6,0.0,,1.0,170.12000000000012,11.160605921445402,1.0,9895.257446033838,631.9349073850383
2025-07-10 00:00:00,0.0,0.0,0.0,0.0,1252.65,1057.86,689.32,2199.88,0.0,,1.0,194.7900000000002,18.413589699960315,1.0,9856.879537963578,666.582663104336
2025-07-10 01:00:00,0.0,0.0,0.0,0.0,984.48,945.94,604.39,1744.75,0.0,,1.0,38.539999999999964,4.0742541810262765,1.0,9754.320969409317,699.6691273488574
2025-07-10 02:00:00,0.0,0.0,0.0,0.0,812.65,1006.6,430.44,1567.64,0.0,,1.0,193.95000000000005,19.267832306775286,1.0,9666.927848171674,733.7992454805845
2025-07-10 03:00:00,0.0,0.0,0.0,0.0,786.73,894.03,363.11,1544.94,0.0,,1.0,107.29999999999995,12.001834390344838,1.0,9575.569024149325,771.9427208212151
2025-07-10 04:00:00,0.0,0.0,0.0,0.0,874.3,856.62,418.49,1522.39,0.0,,1.0,17.67999999999995,2.063925661320066,1.0,9663.9876316448,802.6094299256323
2025-07-10 05:00:00,3.45,3.07,2.13,5.86,951.69,948.86,499.91,1593.39,0.38000000000000034,12.37785016286646,1.0,2.830000000000041,0.2982526400101217,1.0,9804.465957286271,826.3686094552096
2025-07-10 06:00:00,54.51,83.68,29.28,140.2,1012.93,1050.43,539.87,1714.8,29.17000000000001,34.85898661567878,1.0,37.500000000000114,3.5699665851127738,1.0,10124.204395137247,835.6375488851616
2025-07-10 07:00:00,160.16,206.09,89.63,370.82,766.95,1088.2,322.25,1331.75,45.93000000000001,22.286379737008104,1.0,321.25,29.521227715493474,1.0,10510.979970789034,835.2655293461713
2025-07-10 08:00:00,246.43,513.06,157.89,445.87,874.05,1281.97,65.63,1554.89,266.62999999999994,51.96858067282578,0.0,407.9200000000001,31.81977737388551,1.0,10684.0611579312,834.4324590743857
2025-07-10 09:00:00,308.0,1025.37,193.99,518.87,1106.76,1433.99,130.07,1743.66,717.3699999999999,69.962062475009,0.0,327.23,22.81954546405484,1.0,10883.58329256282,834.8005387688978
2025-07-10 10:00:00,399.86,970.41,233.83,631.21,1389.99,1464.47,693.91,1882.41,570.55,58.794736245504474,0.0,74.48000000000002,5.085798957984801,1.0,11136.67513271404,834.4120165311767
2025-07-10 11:00:00,541.2,745.9,276.18,895.37,1822.06,1566.11,1525.29,2160.89,204.69999999999993,27.443357018367067,1.0,255.95000000000005,16.34304103798584,1.0,11165.793619317492,831.6823564425623
2025-07-10 12:00:00,578.69,725.39,345.96,911.12,2183.5,1990.43,1529.31,2665.05,146.69999999999993,20.223603854478274,1.0,193.06999999999994,9.699914088915456,1.0,11193.068830162245,826.8172605671427
2025-07-10 13:00:00,634.72,603.05,295.23,1029.73,2352.69,2692.18,1872.2,2784.23,31.670000000000073,5.2516375093275975,1.0,339.4899999999998,12.61022665646427,1.0,11439.799247053332,814.325114720237
2025-07-10 14:00:00,666.14,647.25,276.15,838.29,2432.57,2916.35,1939.84,2843.52,18.889999999999986,2.918501351873308,1.0,483.77999999999975,16.58854389905189,0.0,11385.732898902148,782.2967372875493
2025-07-10 15:00:00,684.02,691.25,255.04,825.95,2250.06,2807.03,1750.54,2915.33,7.230000000000018,1.04593128390597,1.0,556.9700000000003,19.841968201266113,1.0,11311.433808137766,739.1527133406681
2025-07-10 16:00:00,740.85,736.95,210.29,1013.2,1929.68,2286.62,1301.79,2724.0,3.8999999999999773,0.5292082230816171,1.0,356.9399999999998,15.609939561448769,1.0,10873.89969520654,673.250162121761
2025-07-10 17:00:00,836.61,885.93,182.19,1074.19,1560.94,1518.69,1120.87,2587.22,49.319999999999936,5.5670312552910435,1.0,42.25,2.782002910403045,1.0,10726.931100631795,635.4943403703941
2025-07-10 19:00:00,538.8,795.08,275.16,558.43,1247.44,1137.98,920.29,1780.6,256.2800000000001,32.23323439150778,0.0,109.46000000000004,9.61879822140987,1.0,10206.346331429117,613.7378984021917
2025-07-10 20:00:00,160.26,245.36,96.98,173.99,1177.06,1090.96,839.18,1660.65,85.10000000000002,34.683730029344645,0.0,86.09999999999991,7.892131700520634,1.0,10163.983976889314,609.2313711616795
2025-07-10 21:00:00,15.72,21.9,9.79,17.92,1167.29,1255.27,701.38,1735.46,6.179999999999998,28.219178082191775,0.0,87.98000000000002,7.008850685509891,1.0,10149.77843066035,611.2685143347388
2025-07-10 22:00:00,0.0,0.01,0.0,0.0,1369.61,1629.71,915.74,1921.28,0.01,100.0,0.0,260.10000000000014,15.959894705192957,1.0,10012.746061815156,615.7333472019377
2025-07-10 23:00:00,0.0,0.0,0.0,0.0,1712.69,2020.85,959.35,2261.61,0.0,,1.0,308.15999999999985,15.249028873988662,1.0,10051.995274137242,610.4727673277067
2025-07-11 00:00:00,0.0,0.0,0.0,0.0,1918.21,1924.81,1067.48,2435.74,0.0,,1.0,6.599999999999909,0.34289098664283274,1.0,10121.668864253752,601.6125576621151
2025-07-11 01:00:00,0.0,0.0,0.0,0.0,1981.21,1884.68,1283.47,2388.14,0.0,,1.0,96.52999999999997,5.121824394592184,1.0,10049.079322987564,589.4399390049383
2025-07-11 02:00:00,0.0,0.0,0.0,0.0,2009.8,1783.64,1617.79,2363.95,0.0,,1.0,226.15999999999985,12.679688726424606,1.0,9964.422659137166,574.6842955919439
2025-07-11 03:00:00,0.0,0.0,0.0,0.0,1998.98,1573.6,1842.0,2281.68,0.0,,1.0,425.3800000000001,27.03228266395527,0.0,10056.902714034708,549.3760910289881
2025-07-11 04:00:00,0.0,0.0,0.0,0.0,1809.52,1511.19,1675.61,2080.57,0.0,,1.0,298.3299999999999,19.741395853598814,0.0,9945.064688116081,533.4110569129905
2025-07-11 05:00:00,22.86,3.59,15.32,27.39,1521.82,1345.78,1382.08,1731.65,19.27,536.7688022284123,0.0,176.03999999999996,13.080889892850239,0.0,9797.343706576377,533.8269046359184
2025-07-11 06:00:00,259.62,200.93,208.48,299.34,1203.71,1058.2,971.72,1496.54,58.69,29.20917732543672,0.0,145.51,13.750708750708748,1.0,9996.811021042768,538.5188747634238
2025-07-11 07:00:00,772.24,775.07,687.45,849.35,816.7,683.81,454.4,1096.75,2.830000000000041,0.3651283109912706,1.0,132.8900000000001,19.43376083999943,1.0,10080.950261676307,545.6626462450636
2025-07-11 08:00:00,1220.78,1321.66,1169.46,1264.49,416.11,306.52,166.28,645.1,100.88000000000011,7.632825386256685,0.0,109.59000000000003,35.75296881117057,1.0,10272.966666238412,545.8935616465716
2025-07-11 09:00:00,1432.05,1547.23,1400.76,1463.92,209.86,192.53,136.3,375.8,115.18000000000006,7.444271375296502,0.0,17.330000000000013,9.001194619020419,1.0,10498.508021327609,539.0397870573146
2025-07-11 10:00:00,1531.47,1654.79,1489.51,1566.02,202.63,206.87,149.49,269.09,123.31999999999994,7.452305126330226,0.0,4.240000000000009,2.049596364866829,1.0,10601.766002216944,520.629983330935
2025-07-11 11:00:00,1569.3,1727.18,1528.52,1612.07,246.07,250.78,190.69,338.07,157.8800000000001,9.140911775263731,0.0,4.710000000000008,1.878140202567991,1.0,10763.238713688457,502.34928843321086
2025-07-11 12:00:00,1569.45,1739.57,1529.02,1619.67,285.7,322.77,212.23,448.25,170.1199999999999,9.77942824950993,0.0,37.06999999999999,11.484958329460605,1.0,10853.426156735359,484.13364548354446
2025-07-11 13:00:00,1558.22,1720.48,1511.89,1616.68,368.17,428.38,282.01,632.17,162.26,9.431088998419044,0.0,60.20999999999998,14.055278024184132,1.0,10959.439338578015,448.20793802152355
2025-07-11 14:00:00,1537.3,1664.61,1482.42,1611.49,460.82,624.71,314.57,893.68,127.30999999999995,7.64803767849526,0.0,163.89000000000004,26.2345728417986,1.0,11136.878040535681,426.4672774481037
2025-07-11 15:00:00,1483.04,1658.91,1404.07,1547.83,594.53,809.04,376.33,1158.58,175.87000000000012,10.60153956513615,0.0,214.51,26.514140215564126,1.0,11238.87161435946,419.76176679631004
2025-07-11 16:00:00,1357.71,1532.75,1239.69,1380.51,709.4,943.44,495.89,1379.74,175.03999999999996,11.419996737889413,0.0,234.04000000000008,24.80708895107268,1.0,11234.341380463693,444.1519064008799
2025-07-11 17:00:00,1188.33,1427.15,999.8,1282.6,885.24,1036.74,745.32,1540.96,238.82000000000016,16.734050380128238,0.0,151.5,14.61311418484866,1.0,11048.19560103173,459.34947354320985
2025-07-11 19:00:00,505.18,714.79,273.73,597.18,1017.01,1320.79,821.29,1688.53,209.60999999999996,29.32469676408455,0.0,303.78,22.9998712891527,1.0,10836.975580424509,477.16351963305175
2025-07-11 20:00:00,155.02,269.49,89.03,180.99,1208.35,1408.11,1002.74,1864.3,114.47,42.47652974136331,0.0,199.76,14.186391688149364,1.0,10756.138096984985,477.09667051762756
2025-07-11 21:00:00,13.39,8.89,6.38,15.64,1605.51,1722.89,1232.09,2235.85,4.5,50.618672665916755,1.0,117.38000000000011,6.812971228575249,1.0,10856.410038775884,478.0446867994445
2025-07-11 22:00:00,0.0,0.0,0.0,0.0,2169.39,2257.41,1556.31,2757.15,0.0,,1.0,88.01999999999998,3.8991587704493194,1.0,10815.717784469956,470.27121645892953
2025-07-11 23:00:00,0.0,0.0,0.0,0.0,2859.78,2710.76,2130.66,3353.23,0.0,,1.0,149.01999999999998,5.497351296315423,1.0,10596.63177545151,458.87561062598473
2025-07-12 00:00:00,0.0,0.0,0.0,0.0,3209.81,2880.82,2651.01,3541.93,0.0,,1.0,328.9899999999998,11.42001235759262,1.0,10340.303444061445,451.92893217301764
2025-07-12 01:00:00,0.0,0.0,0.0,0.0,3251.78,2936.03,2831.28,3603.88,0.0,,1.0,315.75,10.754317905470993,1.0,10191.038183371897,445.7236388645629
2025-07-12 02:00:00,0.0,0.0,0.0,0.0,3112.24,2747.31,2724.45,3412.74,0.0,,1.0,364.92999999999984,13.283175178629273,1.0,10117.692535432941,437.6307290338707
2025-07-12 03:00:00,0.0,0.0,0.0,0.0,2950.19,2455.91,2570.83,3266.12,0.0,,1.0,494.2800000000002,20.126144687712507,0.0,10069.334517350826,436.9907549800076
2025-07-12 04:00:00,0.0,0.0,0.0,0.0,2828.19,2285.93,2370.68,3112.23,0.0,,1.0,542.2600000000002,23.721636270576976,0.0,10047.052882013371,430.99082929624865
2025-07-12 05:00:00,10.48,0.34,8.5,27.48,2749.1,2231.18,2296.8,2941.75,10.14,2982.3529411764707,0.0,517.9200000000001,23.212829085954525,0.0,10007.878545666415,416.14008654313693
2025-07-12 06:00:00,147.17,85.66,100.42,299.05,2541.5,2102.02,1777.52,2760.06,61.50999999999999,71.80714452486573,0.0,439.48,20.907508016098802,1.0,10167.79600800592,406.8278353742003
2025-07-12 07:00:00,434.1,330.28,273.33,894.28,2091.66,1678.2,1072.63,2515.88,103.82000000000005,31.433934843163396,1.0,413.4599999999998,24.637111190561303,1.0,10313.532079624363,396.5336067382486
2025-07-12 08:00:00,857.71,1031.62,561.86,1318.78,1442.16,1186.77,696.92,2009.63,173.90999999999985,16.85795157131501,1.0,255.3900000000001,21.51975530220684,1.0,10541.591797415598,390.31989646857926
2025-07-12 09:00:00,1176.11,1477.04,790.65,1503.77,984.74,1207.4,611.19,1814.78,300.93000000000006,20.373855819747607,1.0,222.66000000000008,18.441278780851423,1.0,10721.00924770767,389.8967075537198
2025-07-12 10:00:00,1377.26,1597.1,958.08,1596.72,833.84,1296.4,538.11,1772.96,219.83999999999992,13.764948970008136,0.0,462.56000000000006,35.68034557235421,1.0,10888.359092517892,393.3214532102911
2025-07-12 11:00:00,1554.41,1648.96,1361.33,1650.79,813.21,1271.65,477.97,1525.06,94.54999999999995,5.733917135649134,1.0,458.44000000000005,36.050800141548386,1.0,10901.32696326385,396.15054639588885
2025-07-12 12:00:00,1597.66,1613.35,1533.21,1674.86,803.12,1066.45,513.8,1434.79,15.689999999999827,0.9725106145597563,1.0,263.33000000000004,24.692203103755453,1.0,11116.871128522005,405.5940904292767
2025-07-12 13:00:00,1606.81,1646.84,1549.62,1657.99,855.65,701.41,511.13,1537.87,40.02999999999997,2.4307157950984903,1.0,154.24,21.989991588371996,1.0,11261.006323675832,419.6959153134672
2025-07-12 14:00:00,1586.56,1595.88,1520.1,1617.55,960.12,706.58,527.96,1733.15,9.320000000000164,0.5840038098102717,1.0,253.53999999999996,35.88270259560134,1.0,11388.201644794286,434.65020605121873
2025-07-12 15:00:00,1544.29,1539.06,1495.92,1563.77,1063.24,836.75,577.14,1753.94,5.230000000000018,0.33981781087157215,1.0,226.49,27.067821930086644,1.0,11257.789686533772,435.7176530705958
2025-07-12 16:00:00,1466.82,1504.05,1418.24,1495.22,1147.13,939.28,669.24,1684.78,37.23000000000002,2.475316645058344,0.0,207.85000000000014,22.1286517332425,1.0,11191.213163828079,433.4319768020833
2025-07-12 17:00:00,1362.21,1443.69,1291.35,1405.22,1177.85,945.97,756.94,1636.65,81.48000000000002,5.6438709141159125,0.0,231.87999999999988,24.51240525598062,1.0,11005.04830090572,431.9346067099702
2025-07-12 19:00:00,660.84,834.38,630.2,702.99,1059.51,814.71,594.93,1725.39,173.53999999999996,20.798676861861498,0.0,244.79999999999995,30.047501564974034,1.0,10501.406230953162,429.2416582886738
2025-07-12 20:00:00,195.55,310.68,177.97,225.57,1037.53,654.49,525.1,1617.5,115.13,37.05742242822196,0.0,383.03999999999996,58.5249583645281,1.0,10282.244628278477,435.51847483102733
2025-07-12 21:00:00,17.53,48.29,13.29,22.31,1068.04,556.6,605.54,1495.98,30.759999999999998,63.698488299855036,0.0,511.43999999999994,91.88645346748112,0.0,10257.246922222384,439.7879445054543
2025-07-12 22:00:00,0.0,11.42,0.0,0.0,1127.86,534.89,568.4,1590.32,11.42,100.0,0.0,592.9699999999999,110.8583073155228,0.0,10033.267724239631,453.14382095302557
2025-07-12 23:00:00,0.0,0.0,0.0,0.0,1116.38,488.59,556.42,1651.43,0.0,,1.0,627.7900000000002,128.49014511144318,0.0,9785.439491708896,481.4862992372794
2025-07-13 00:00:00,0.0,0.0,0.0,0.0,1150.27,452.72,423.72,1789.43,0.0,,1.0,697.55,154.07978441420744,1.0,9716.597530412922,509.3063168465766
2025-07-13 01:00:00,0.0,0.0,0.0,0.0,1145.92,548.07,269.65,1873.07,0.0,,1.0,597.85,109.08278139653693,1.0,9465.335240768032,549.8435633913197
2025-07-13 02:00:00,0.0,0.0,0.0,0.0,1143.2,816.12,348.39,2022.63,0.0,,1.0,327.08000000000004,40.077439592216834,1.0,9601.141280565183,574.7378430438318
2025-07-13 03:00:00,0.0,0.0,0.0,0.0,1148.65,1034.34,422.95,1795.79,0.0,,1.0,114.31000000000017,11.051491772531294,1.0,9657.062707411924,593.1595851135421
2025-07-13 04:00:00,0.0,0.0,0.0,0.0,1015.1,1239.88,383.92,1377.59,0.0,,1.0,224.7800000000001,18.129173791012036,1.0,9678.036155801441,608.7646435525836
2025-07-13 05:00:00,14.53,4.48,11.0,18.27,1083.84,1122.7,363.4,2272.97,10.049999999999999,224.3303571428571,0.0,38.86000000000013,3.461298655028069,1.0,9851.672122048205,614.3875768075535
2025-07-13 06:00:00,211.77,211.1,190.72,227.02,965.7,1034.09,364.17,2011.98,0.6700000000000159,0.31738512553293036,1.0,68.38999999999987,6.613544275643307,1.0,9986.955258821808,618.8723296410179
2025-07-13 07:00:00,647.9,635.75,613.77,744.16,736.02,872.57,227.44,1434.4,12.149999999999977,1.9111285882815539,1.0,136.55000000000007,15.649174278281405,1.0,10026.309597587175,623.8849892257928
2025-07-13 08:00:00,993.83,1187.71,978.68,1089.16,459.34,833.51,118.65,861.09,193.88,16.323850098087917,0.0,374.17,44.890883132775855,1.0,10287.758613559392,623.7681421434615
2025-07-13 09:00:00,1229.32,1433.85,1182.09,1322.77,345.35,828.48,142.85,770.46,204.52999999999997,14.264393067615162,0.0,483.13,58.31522788721514,0.0,10434.818069914612,620.1451128214562
2025-07-13 10:00:00,1340.02,1575.11,1240.64,1404.59,384.64,1011.72,204.46,811.51,235.08999999999992,14.925306803969244,0.0,627.08,61.98157593009924,0.0,10590.472936592665,612.6911515369927
2025-07-13 11:00:00,1450.96,1639.71,1289.05,1476.7,395.18,1060.98,230.72,798.64,188.75,11.511181855328076,0.0,665.8,62.75330354954852,0.0,10813.954641375782,609.7014742139197
2025-07-13 12:00:00,1449.34,1688.82,1259.39,1467.71,408.24,836.22,216.99,847.8,239.48000000000002,14.180315249700975,0.0,427.98,51.18031140130588,1.0,11126.413867773505,610.2093500524426
2025-07-13 13:00:00,1414.06,1662.37,1210.39,1461.85,467.91,593.47,220.4,953.24,248.30999999999995,14.937107864073578,0.0,125.56,21.15692452861981,1.0,11163.672744042029,604.3615958178177
2025-07-13 14:00:00,1313.46,1590.72,1189.69,1378.34,628.45,520.77,355.1,917.27,277.26,17.429843089921544,0.0,107.68000000000006,20.677074332238814,1.0,10969.81093565419,579.2619855909136
2025-07-13 15:00:00,1164.7,1392.85,1047.81,1255.87,787.32,527.63,527.12,1345.83,228.14999999999986,16.380084000430763,0.0,259.69000000000005,49.21820214923338,1.0,10881.7160270005,558.455275943878
2025-07-13 16:00:00,960.78,1196.16,851.03,1039.68,829.69,404.79,630.3,1310.13,235.3800000000001,19.677969502407713,0.0,424.90000000000003,104.96800810296698,0.0,10699.653631096362,534.2959294358834
2025-07-13 17:00:00,674.43,905.08,435.79,840.17,888.96,360.02,459.31,1497.28,230.6500000000001,25.483935121757202,0.0,528.94,146.91961557691243,0.0,10302.246694929074,513.846412995794
2025-07-13 19:00:00,244.56,304.23,170.02,281.51,1095.25,925.52,549.94,1961.23,59.670000000000016,19.613450350064102,0.0,169.73000000000002,18.33887976488893,1.0,10076.055876367112,502.27276410870934
2025-07-13 20:00:00,71.14,85.52,50.54,88.32,1238.94,1491.8,852.4,2313.43,14.379999999999995,16.81478016838166,1.0,252.8599999999999,16.94999329668856,1.0,10107.813955449084,502.88479557768
2025-07-13 21:00:00,4.96,13.25,3.16,7.15,1346.76,1498.02,1110.31,2302.29,8.29,62.566037735849044,0.0,151.26,10.097328473585133,1.0,10263.073446816132,502.8989430808696
2025-07-13 22:00:00,0.0,0.0,0.0,0.0,1336.35,1738.98,1153.38,1953.52,0.0,,1.0,402.6300000000001,23.153227754200746,1.0,10182.930681998838,501.2501803534482
2025-07-13 23:00:00,0.0,0.0,0.0,0.0,1533.2,1781.15,1071.97,2228.08,0.0,,1.0,247.95000000000005,13.920781517558883,1.0,10191.148093209102,492.06595616513636
2025-07-14 00:00:00,0.0,0.0,0.0,0.0,1488.15,1643.05,1023.75,2143.45,0.0,,1.0,154.89999999999986,9.427588935211945,1.0,9891.654987569673,484.9792587325894
2025-07-14 01:00:00,0.0,0.0,0.0,0.0,1376.67,1144.33,603.34,2270.3,0.0,,1.0,232.34000000000015,20.30358375643391,1.0,10017.210557521717,457.8576018741537
2025-07-14 02:00:00,0.0,0.0,0.0,0.0,1232.51,987.14,645.11,1823.75,0.0,,1.0,245.37,24.856656603926496,1.0,9990.736995287049,439.0547269283358
2025-07-14 03:00:00,0.0,0.0,0.0,0.0,1041.54,1225.38,582.58,1641.23,0.0,,1.0,183.84000000000015,15.002693042158361,1.0,9710.935794511437,435.74001276607044
2025-07-14 04:00:00,0.0,0.0,0.0,0.0,864.57,1267.29,510.66,1870.18,0.0,,1.0,402.7199999999999,31.77804606680396,1.0,9823.158952094569,427.6053110906331
2025-07-14 05:00:00,1.11,0.11,0.55,1.55,799.95,1433.62,378.87,2147.18,1.0,909.0909090909091,0.0,633.6699999999998,44.200694744771965,1.0,9982.111888177813,422.3208583049228
2025-07-14 06:00:00,19.71,6.3,9.94,27.94,716.68,1441.74,339.22,2217.13,13.41,212.85714285714286,0.0,725.0600000000001,50.29062105511396,1.0,10002.393202367615,421.80999809938
2025-07-14 07:00:00,75.6,46.84,27.97,92.86,661.16,1371.44,278.63,1339.77,28.75999999999999,61.40051238257897,1.0,710.2800000000001,51.79081840984659,0.0,10414.185371116537,417.6288198054147
2025-07-14 08:00:00,142.73,129.04,47.43,166.62,686.09,1145.09,259.23,1389.92,13.689999999999998,10.609113453192807,1.0,458.9999999999999,40.084185522535336,1.0,10639.820811288606,422.1515841057391
2025-07-14 09:00:00,192.15,180.86,61.74,219.01,735.38,1082.87,383.56,1486.56,11.289999999999992,6.242397434479703,1.0,347.4899999999999,32.089724528336724,1.0,10777.79115233365,430.9646349454415
2025-07-14 10:00:00,236.83,259.36,74.59,283.59,877.39,1177.76,543.91,1607.78,22.53,8.68676742751388,1.0,300.37,25.503498166010054,1.0,10934.94115531906,444.4521361012971
2025-07-14 11:00:00,257.2,331.8,85.46,300.21,1157.08,1333.35,688.54,2121.51,74.60000000000002,22.48342374924654,0.0,176.26999999999998,13.22008474894064,1.0,10922.751048163855,449.64096736057934
2025-07-14 12:00:00,267.1,414.02,91.26,331.49,1470.86,1392.94,1139.75,2656.07,146.91999999999996,35.48620839572967,0.0,77.91999999999985,5.59392364351658,1.0,11000.730779609536,441.2258237689156
2025-07-14 13:00:00,266.31,434.4,93.99,311.48,1998.35,1347.65,1543.48,3032.44,168.08999999999997,38.69475138121546,0.0,650.6999999999998,48.28405001298555,0.0,11078.811872547973,434.92585761442217
2025-07-14 14:00:00,244.21,349.86,109.73,276.13,2438.79,1472.97,1585.96,3107.21,105.65,30.19779340307552,0.0,965.8199999999999,65.56956353489886,0.0,11119.979950943507,444.87463425373124
2025-07-14 15:00:00,229.42,346.75,119.73,261.26,2839.17,1742.65,1590.05,3469.91,117.33000000000001,33.83705839942322,0.0,1096.52,62.92256046825238,1.0,11135.659575052423,460.1409162110489
2025-07-14 16:00:00,204.35,249.86,119.56,233.69,3074.03,2060.79,1805.43,4062.23,45.51000000000002,18.21419995197311,0.0,1013.2400000000002,49.1675522493801,1.0,11079.470829789307,477.51832120381584
2025-07-14 17:00:00,170.91,233.88,106.84,199.68,3206.96,2152.17,1990.33,4022.18,62.97,26.924063622370447,0.0,1054.79,49.01053355450545,1.0,10873.379048935987,486.36953084911534
2025-07-14 19:00:00,69.79,72.98,30.31,100.51,2933.06,2068.36,2161.95,3782.5,3.1899999999999977,4.371060564538226,1.0,864.6999999999998,41.80606857606992,0.0,10645.121424826566,478.8523851728776
2025-07-14 20:00:00,20.5,25.98,9.84,24.96,2729.33,1727.77,1793.56,3721.67,5.48,21.093148575827563,0.0,1001.56,57.9683638447247,0.0,10470.345681426443,472.2198960679114
2025-07-14 21:00:00,1.59,2.6,0.94,1.88,2582.19,1455.75,1597.93,3754.62,1.01,38.84615384615385,0.0,1126.44,77.37867078825347,0.0,10300.698927740488,471.4723143162587
2025-07-14 22:00:00,0.0,0.0,0.0,0.0,2366.75,1533.71,1363.82,3596.7,0.0,,1.0,833.04,54.31535296764055,1.0,9969.062524025614,479.6424880607661
2025-07-14 23:00:00,0.0,0.0,0.0,0.0,2171.78,1554.36,1172.73,3316.28,0.0,,1.0,617.4200000000003,39.72181476620605,1.0,9730.793877445742,500.82521689588157
2025-07-15 00:00:00,0.0,0.0,0.0,0.0,2177.51,1556.35,1084.49,3118.31,0.0,,1.0,621.1600000000003,39.911330998811344,1.0,9486.880665431974,527.2725457156048
2025-07-15 01:00:00,0.0,0.0,0.0,0.0,1898.22,1434.28,882.87,2397.63,0.0,,1.0,463.94000000000005,32.34654321331958,1.0,9378.639455294327,564.9993153503594
2025-07-15 02:00:00,0.0,0.0,0.0,0.0,1641.03,1292.72,695.41,2392.51,0.0,,1.0,348.30999999999995,26.943963116529485,1.0,9451.50835300836,593.1130849799357
2025-07-15 03:00:00,0.0,0.0,0.0,0.0,1390.3,1016.45,658.88,2197.48,0.0,,1.0,373.8499999999999,36.779969501697074,1.0,9463.482088813185,607.6622200017163
2025-07-15 04:00:00,0.0,0.0,0.0,0.0,1232.09,892.65,664.88,1837.38,0.0,,1.0,339.43999999999994,38.026102055676915,1.0,9493.8169396827,624.5954517838961
2025-07-15 05:00:00,4.62,2.19,3.22,5.24,1193.45,769.5,794.97,1596.13,2.43,110.95890410958904,0.0,423.95000000000005,55.09421702404159,0.0,9641.085128158493,637.786265585202
2025-07-15 06:00:00,86.07,74.27,56.12,100.68,928.27,697.2,467.41,1173.5,11.799999999999997,15.88797630267941,1.0,231.06999999999994,33.14257028112449,1.0,9954.04861157789,639.0597430921715
2025-07-15 07:00:00,295.12,280.16,234.31,360.32,658.99,575.67,241.23,858.2,14.95999999999998,5.339805825242711,1.0,83.32000000000005,14.473569927215255,1.0,10139.238475706139,640.5837276469025
2025-07-15 08:00:00,537.99,467.82,400.48,663.83,427.9,472.46,109.0,608.5,70.17000000000002,14.999358727715792,1.0,44.56,9.431486263387377,1.0,10253.455445325473,637.8997237906774
2025-07-15 09:00:00,689.83,635.3,554.64,867.69,292.79,397.44,50.83,460.97,54.530000000000086,8.583346450495844,1.0,104.64999999999998,26.331018518518512,1.0,10424.417000482335,631.3141787728532
2025-07-15 10:00:00,890.9,815.62,722.98,1169.16,265.18,287.09,17.81,458.69,75.27999999999997,9.229788381844484,1.0,21.909999999999968,7.631753108781209,1.0,10580.292856441583,620.392940266581
2025-07-15 11:00:00,1133.56,849.0,871.42,1475.91,258.08,234.0,11.23,347.3,284.55999999999995,33.51707891637219,0.0,24.079999999999984,10.290598290598284,1.0,10594.544145555907,609.7548598104205
2025-07-15 12:00:00,1183.43,1082.9,870.72,1469.76,265.65,183.51,80.48,353.67,100.52999999999997,9.283405669960288,1.0,82.13999999999999,44.76050351479483,1.0,10682.541175857872,597.0303275047776
2025-07-15 13:00:00,1192.67,1176.25,928.1,1366.46,272.61,173.28,90.09,434.43,16.420000000000073,1.3959617428267863,1.0,99.33000000000001,57.32340720221607,1.0,10665.260902207934,578.65868465204
2025-07-15 14:00:00,1179.09,1388.37,936.12,1342.83,248.87,133.28,98.05,379.19,209.27999999999997,15.073791568530002,0.0,115.59,86.72719087635055,1.0,10618.761193093429,554.935409793643
2025-07-15 15:00:00,1144.91,1452.78,833.65,1331.92,204.66,114.31,19.66,331.45,307.8699999999999,21.191784027863815,0.0,90.35,79.03945411600034,1.0,10699.630667945908,531.0252048423639
2025-07-15 16:00:00,1077.76,1168.63,766.65,1286.64,174.64,91.42,21.34,257.35,90.87000000000012,7.775771630028333,1.0,83.21999999999998,91.03040910085318,1.0,10548.181679585672,504.19716844551954
2025-07-15 17:00:00,1024.52,1188.19,750.33,1202.17,147.25,90.74,37.22,238.46,163.67000000000007,13.774732997247922,1.0,56.510000000000005,62.27683491293807,1.0,10523.545806748287,488.751817221126
2025-07-15 19:00:00,527.01,643.19,370.8,580.39,178.99,74.23,123.24,237.87,116.18000000000006,18.063091776924402,0.0,104.76,141.12892361578878,0.0,10226.228442560016,464.0316093034539
2025-07-15 20:00:00,154.15,279.15,107.5,174.92,259.51,106.59,146.85,375.37,124.99999999999997,44.778792763747084,0.0,152.92,143.46561591143634,0.0,10062.066955027274,459.36065014324936
2025-07-15 21:00:00,11.15,9.85,6.46,14.25,391.18,221.16,216.45,537.42,1.3000000000000007,13.197969543147217,1.0,170.02,76.87646952432628,1.0,10162.230904597442,458.07266570192223
2025-07-15 22:00:00,0.0,0.0,0.0,0.0,540.89,491.26,333.17,675.47,0.0,,1.0,49.629999999999995,10.102593331433456,1.0,10059.30427311904,457.05963771107963
2025-07-15 23:00:00,0.0,0.0,0.0,0.0,632.74,838.76,326.51,865.82,0.0,,1.0,206.01999999999998,24.562449329963275,1.0,9815.467420000037,454.12771082714187
2025-07-16 00:00:00,0.0,0.0,0.0,0.0,785.42,996.73,459.83,1042.06,0.0,,1.0,211.31000000000006,21.200325062955873,1.0,9759.508352594723,440.3400223174824
2025-07-16 01:00:00,0.0,0.0,0.0,0.0,861.85,1023.62,551.38,1135.25,0.0,,1.0,161.76999999999998,15.80371622281706,1.0,9664.305069056278,422.0914044294483
2025-07-16 02:00:00,0.0,0.0,0.0,0.0,918.06,958.15,527.74,1340.47,0.0,,1.0,40.09000000000003,4.184104785263272,1.0,9599.192917718448,412.2603922971847
2025-07-16 03:00:00,0.0,0.0,0.0,0.0,933.92,948.02,477.22,1494.96,0.0,,1.0,14.100000000000023,1.4873103942954813,1.0,9627.528913864366,401.3006362611383
2025-07-16 04:00:00,0.0,0.0,0.0,0.0,891.39,933.58,477.12,1555.63,0.0,,1.0,42.190000000000055,4.5191627926905085,1.0,9777.555757153614,384.2069915794933
2025-07-16 05:00:00,13.45,3.76,11.13,16.54,880.2,893.86,497.86,1641.13,9.69,257.7127659574468,0.0,13.659999999999968,1.528203521804306,1.0,9947.001668790206,370.1676138593497
2025-07-16 06:00:00,217.54,161.57,182.12,247.24,859.99,1038.29,461.68,1744.61,55.97,34.64133193043263,0.0,178.29999999999995,17.17246626664997,1.0,9990.19183753122,369.20190749626755
2025-07-16 07:00:00,665.81,583.48,582.58,738.95,830.28,1125.77,310.08,1745.05,82.32999999999993,14.110166586686763,1.0,295.49,26.247812608259235,1.0,10168.060968387756,369.0423180603922
2025-07-16 08:00:00,1009.74,1044.25,935.08,1149.28,662.69,770.46,334.76,1491.25,34.50999999999999,3.3047641848216416,1.0,107.76999999999998,13.987747579368168,1.0,10324.778040957111,369.76737769282363
2025-07-16 09:00:00,1142.21,1357.92,1049.49,1328.09,670.06,760.65,436.38,1471.04,215.71000000000004,15.885324614115708,0.0,90.59000000000003,11.909551041872088,1.0,10505.380772841954,372.22470907891295
2025-07-16 10:00:00,1206.13,1531.12,1068.06,1435.89,1056.5,1158.11,664.62,1770.98,324.9899999999998,21.22563874810595,0.0,101.6099999999999,8.77377796582362,1.0,10583.86650223015,372.3809610053726
2025-07-16 11:00:00,1255.38,1677.13,1028.8,1489.74,1340.02,1472.81,950.36,1859.63,421.75,25.147126340832255,0.0,132.78999999999996,9.016098478418803,1.0,10583.285689089476,371.8792729594862
2025-07-16 12:00:00,1306.86,1697.75,1135.26,1441.98,1541.05,1442.89,1249.56,1964.58,390.8900000000001,23.024002356059498,0.0,98.15999999999985,6.803013396724618,1.0,10703.501878045292,373.0666675523586
2025-07-16 13:00:00,1377.94,1662.09,1267.08,1454.33,1729.37,1605.69,1525.22,2054.8,284.14999999999986,17.095945466250313,0.0,123.67999999999984,7.702607601716386,1.0,10997.862660370742,396.2428467049057
2025-07-16 14:00:00,1393.47,1603.98,1243.02,1458.56,1796.75,1784.14,1549.73,2051.97,210.51,13.12422848165189,0.0,12.6099999999999,0.7067830999809376,1.0,11092.795224133408,427.46375243933556
2025-07-16 15:00:00,1352.85,1501.41,1136.37,1437.34,1732.23,1924.8,1431.55,2067.37,148.56000000000017,9.894698982956033,0.0,192.56999999999994,10.004675810473811,1.0,11149.843711065592,457.2697939042703
2025-07-16 16:00:00,1255.15,1475.51,986.39,1372.19,1732.56,1923.06,1238.85,2165.18,220.3599999999999,14.934497224688407,0.0,190.5,9.906087173567128,1.0,11146.922108993878,488.8858871921034
2025-07-16 17:00:00,1081.37,1349.45,730.75,1212.58,1755.85,1890.16,1106.72,2265.12,268.08000000000015,19.865871280892225,0.0,134.31000000000017,7.1057476615736315,1.0,11047.671648501457,511.18101605319
2025-07-16 19:00:00,398.08,573.36,221.07,549.81,1719.9,1716.17,1177.15,2142.23,175.28000000000003,30.570671131575278,0.0,3.730000000000018,0.21734443557456534,1.0,10840.86310482848,538.7432052234434
2025-07-16 20:00:00,115.77,149.17,70.03,165.13,1796.24,1802.92,1246.23,2229.27,33.39999999999999,22.390561104779778,1.0,6.680000000000064,0.370510061455864,1.0,10642.604424718176,537.9132725719339
2025-07-16 21:00:00,6.96,6.88,3.66,9.73,2063.84,2184.99,1678.01,2492.33,0.08000000000000007,1.1627906976744196,1.0,121.14999999999964,5.544647801591753,1.0,10542.276236328913,536.7510285839244
2025-07-16 22:00:00,0.0,0.0,0.0,0.0,2356.48,2559.01,1904.25,2738.75,0.0,,1.0,202.5300000000002,7.914388767531201,1.0,10168.972213260638,534.2033316550271
2025-07-16 23:00:00,0.0,0.0,0.0,0.0,2454.38,2658.12,1824.29,2715.78,0.0,,1.0,203.73999999999978,7.664815734428837,1.0,9869.493474119703,531.7300246900082
2025-07-17 00:00:00,0.0,0.0,0.0,0.0,2455.8,2609.58,1778.98,2778.46,0.0,,1.0,153.77999999999975,5.892902306118216,1.0,9628.050863269187,539.2894353419131
2025-07-17 01:00:00,0.0,0.0,0.0,0.0,2327.42,2326.34,1587.67,2646.12,0.0,,1.0,1.0799999999999272,0.046424856211900546,1.0,9527.83649218132,548.0248650401962
2025-07-17 02:00:00,0.0,0.0,0.0,0.0,2076.03,2020.76,1348.61,2511.18,0.0,,1.0,55.27000000000021,2.735109562738782,1.0,9409.753093814237,561.1713040581479
2025-07-17 03:00:00,0.0,0.0,0.0,0.0,1841.96,1866.8,1360.8,2297.41,0.0,,1.0,24.839999999999918,1.330619241482747,1.0,9391.901286900855,576.8549467209231
2025-07-17 04:00:00,0.0,0.0,0.0,0.0,1586.5,1651.66,1142.79,2057.42,0.0,,1.0,65.16000000000008,3.94512187738397,1.0,9480.762498790506,593.1899609471827
2025-07-17 05:00:00,4.96,0.46,2.93,6.34,1486.4,1533.67,879.17,1887.0,4.5,978.2608695652174,0.0,47.26999999999998,3.082149354163541,1.0,9697.180601427033,602.9291744468865
2025-07-17 06:00:00,77.94,36.1,57.44,94.39,1316.04,1371.13,605.21,1695.97,41.839999999999996,115.90027700831023,0.0,55.090000000000146,4.01785388693998,1.0,9943.761770170315,604.2174800827496
2025-07-17 07:00:00,230.16,189.64,168.48,437.38,1006.94,850.76,439.35,1411.77,40.52000000000001,21.366800253111165,1.0,156.18000000000006,18.357703700220988,1.0,10306.03358891731,603.0544715781532
2025-07-17 08:00:00,361.91,305.95,270.67,628.58,674.94,540.92,306.11,969.26,55.960000000000036,18.29057035463312,1.0,134.0200000000001,24.77630703246323,1.0,10374.107002167197,603.0241138870637
2025-07-17 09:00:00,426.7,330.0,305.28,647.99,488.12,497.0,219.55,642.51,96.69999999999999,29.303030303030297,1.0,8.879999999999995,1.7867203219315886,1.0,10352.69731724572,602.2175955477168
2025-07-17 10:00:00,448.69,330.0,343.58,640.63,430.35,497.0,189.17,606.03,118.69,35.96666666666666,0.0,66.64999999999998,13.410462776659957,1.0,10435.10545324603,600.4973572281973
2025-07-17 11:00:00,524.89,330.0,347.02,784.27,395.18,497.0,200.78,502.96,194.89,59.057575757575755,0.0,101.82,20.48692152917505,1.0,10566.11958161613,600.2131471402917
2025-07-17 12:00:00,572.58,664.25,386.86,872.5,405.18,569.8,299.62,526.7,91.66999999999996,13.800526910048921,1.0,164.61999999999995,28.890838890838882,0.0,10727.43799977683,600.8530273391644
2025-07-17 13:00:00,609.2,870.04,450.49,841.37,470.56,777.1,273.98,683.28,260.8399999999999,29.980230793986472,0.0,306.54,39.44666066143353,0.0,10461.701422066879,585.3584845757407
2025-07-17 14:00:00,581.7,920.93,488.65,687.79,514.66,621.89,187.83,809.85,339.2299999999999,36.8355901099975,0.0,107.23000000000002,17.242599173487275,1.0,10649.436080621808,566.7543315054102
2025-07-17 15:00:00,563.03,992.27,492.59,679.76,542.21,425.59,270.27,817.11,429.24,43.25838733409253,0.0,116.62000000000006,27.40195963251018,1.0,10662.787889440084,543.4630756202146
2025-07-17 16:00:00,528.72,806.97,448.94,649.98,551.53,420.92,258.39,953.01,278.25,34.48083571879995,0.0,130.60999999999996,31.029649339541944,1.0,10557.222180708171,515.4371808464734
2025-07-17 17:00:00,557.77,926.01,402.02,842.53,578.72,480.6,260.13,1010.27,368.24,39.7663092191229,0.0,98.12,20.416146483562216,1.0,10622.231344438485,494.0811681727402
2025-07-17 19:00:00,296.05,586.89,223.25,458.94,694.04,481.2,285.49,1001.06,290.84,49.55613488047164,0.0,212.83999999999997,44.231088944305895,1.0,10223.968793984113,450.7225271114947
2025-07-17 20:00:00,86.39,242.78,66.63,149.59,662.94,397.12,258.3,1116.24,156.39,64.41634401515775,0.0,265.82000000000005,66.93694601128124,1.0,10148.45394066128,440.45238509808485
2025-07-17 21:00:00,5.23,36.43,2.82,11.73,630.98,334.74,233.28,1092.18,31.2,85.64370024704914,0.0,296.24,88.49853617733167,1.0,10255.244127264717,433.81463993282097
2025-07-17 22:00:00,0.0,15.41,0.0,0.0,591.24,341.33,256.88,1018.63,15.41,100.0,0.0,249.91000000000003,73.21653531772773,1.0,9974.894652780551,435.45125330709897
2025-07-17 23:00:00,0.0,0.0,0.0,0.0,526.99,254.14,293.71,848.84,0.0,,1.0,272.85,107.36208389076889,0.0,9827.316006127787,436.7250072497173
2025-07-18 00:00:00,0.0,0.0,0.0,0.0,433.35,212.79,308.3,745.01,0.0,,1.0,220.56000000000003,103.65148738192586,0.0,9733.45295268221,431.7450691165762
2025-07-18 01:00:00,0.0,0.0,0.0,0.0,322.66,205.49,187.53,602.96,0.0,,1.0,117.17000000000002,57.01980631660909,1.0,9613.933936522197,426.63636345017545
2025-07-18 02:00:00,0.0,0.0,0.0,0.0,256.41,194.69,110.08,478.65,0.0,,1.0,61.72000000000003,31.70167959319946,1.0,9533.61341772813,417.84497367881295
2025-07-18 03:00:00,0.0,0.0,0.0,0.0,238.84,169.99,83.68,438.14,0.0,,1.0,68.85,40.50238249308782,1.0,9561.272119001605,405.4930469343354
2025-07-18 04:00:00,0.0,0.0,0.0,0.0,198.37,195.54,57.23,502.95,0.0,,1.0,2.8300000000000125,1.447274214994381,1.0,9600.80403127065,397.270602767347
2025-07-18 05:00:00,8.46,1.54,5.42,10.12,183.22,225.43,42.39,562.47,6.920000000000001,449.3506493506494,0.0,42.21000000000001,18.72421594286475,1.0,9738.384342019985,395.1966819223323
2025-07-18 06:00:00,173.99,172.74,117.55,205.28,167.56,210.63,65.48,578.13,1.25,0.7236308903554475,1.0,43.06999999999999,20.448179271708682,1.0,10052.636457458975,393.0176627197743
2025-07-18 07:00:00,559.07,714.72,399.57,675.81,168.7,198.34,35.14,363.07,155.64999999999998,21.777759122453546,0.0,29.640000000000015,14.944035494605231,1.0,10287.79833402718,392.78477186435185
2025-07-18 08:00:00,957.32,1242.55,751.81,1073.86,134.11,136.34,33.41,307.33,285.2299999999999,22.955213069896576,0.0,2.2299999999999898,1.635616840252303,1.0,10423.151825317795,393.9582846780847
2025-07-18 09:00:00,1186.01,1499.7,1066.7,1292.72,137.33,146.82,66.3,417.46,313.69000000000005,20.916850036674003,0.0,9.48999999999998,6.463697043999442,1.0,10582.324490004794,400.98037292653197
2025-07-18 10:00:00,1329.31,1630.65,1107.12,1452.23,271.82,259.75,143.3,627.17,301.34000000000015,18.47974734001779,0.0,12.069999999999993,4.646775745909526,1.0,10774.363452237447,415.6092126727954
2025-07-18 11:00:00,1387.39,1645.57,1208.94,1537.75,514.93,394.66,328.51,1235.19,258.17999999999984,15.689396379370057,0.0,120.26999999999992,30.474332336694854,1.0,10819.70719239338,428.17320028788555
2025-07-18 12:00:00,1402.43,1625.98,1131.14,1544.49,720.99,533.71,492.66,1638.8,223.54999999999995,13.748631594484554,0.0,187.27999999999997,35.0902175338667,1.0,10841.181509153566,434.64427074326215
2025-07-18 13:00:00,1425.0,1623.33,1181.9,1532.25,891.98,602.45,628.05,1847.15,198.32999999999993,12.217478885993602,0.0,289.53,48.058760063075766,0.0,10891.405581480733,453.3863730068353
2025-07-18 14:00:00,1414.33,1574.6,1177.09,1499.31,954.66,647.5,672.66,1902.65,160.26999999999998,10.17845802108472,0.0,307.15999999999997,47.43783783783783,0.0,10969.783788936942,470.3597367881215
2025-07-18 15:00:00,1357.4,1543.57,1172.4,1429.22,1007.17,685.97,687.26,1985.0,186.16999999999985,12.061001444702853,0.0,321.19999999999993,46.82420514016647,0.0,10880.33794298294,480.5770446933816
2025-07-18 16:00:00,1207.32,1380.32,1034.06,1282.09,1159.42,719.69,653.02,2156.78,173.0,12.533325605656659,0.0,439.73,61.09991802025873,1.0,10859.336314001055,492.44299333692305
2025-07-18 17:00:00,971.6,1113.2,724.79,1018.18,1344.83,779.71,735.86,1831.31,141.60000000000002,12.720086237872803,0.0,565.1199999999999,72.47822908517267,1.0,10544.698139178401,490.3163104130322
2025-07-18 19:00:00,316.61,342.88,230.03,378.91,1670.72,1001.21,879.05,2183.35,26.269999999999982,7.661572561829207,1.0,669.51,66.87008719449466,1.0,10396.334027140658,491.98614278571654
2025-07-18 20:00:00,91.29,135.2,71.36,107.08,2030.72,1574.43,1184.7,2504.46,43.90999999999998,32.47781065088756,0.0,456.28999999999996,28.981282114797096,1.0,10411.334399953133,491.79509941099457
2025-07-18 21:00:00,4.09,7.75,2.98,4.78,2576.01,2428.88,1781.87,3245.66,3.66,47.225806451612904,0.0,147.1300000000001,6.057524455716219,1.0,10575.197807857809,495.0362763945092
2025-07-18 22:00:00,0.0,0.0,0.0,0.0,3030.41,3077.53,2379.0,3680.49,0.0,,1.0,47.120000000000346,1.531097990921302,1.0,10664.222051184326,494.93172381861706
2025-07-18 23:00:00,0.0,0.0,0.0,0.0,3262.57,3111.85,2860.87,3777.98,0.0,,1.0,150.72000000000025,4.843421116056374,1.0,10370.443802882715,482.9502050497334
2025-07-19 00:00:00,0.0,0.0,0.0,0.0,3351.68,3060.59,2868.21,3755.44,0.0,,1.0,291.0899999999997,9.51091129488104,1.0,10186.026111969617,466.03191981071274
2025-07-19 01:00:00,0.0,0.0,0.0,0.0,3209.63,2828.48,2881.63,3687.89,0.0,,1.0,381.1500000000001,13.475435569634579,0.0,9976.967090208407,445.6280555812061
2025-07-19 02:00:00,0.0,0.0,0.0,0.0,2843.3,2779.5,2265.76,3665.38,0.0,,1.0,63.80000000000018,2.295376866342874,1.0,9924.366175125539,419.25031724158407
2025-07-19 03:00:00,0.0,0.0,0.0,0.0,2388.08,2034.97,1739.06,3763.86,0.0,,1.0,353.1099999999999,17.352098556735477,1.0,9842.722179023234,397.91383377655194
2025-07-19 04:00:00,0.0,0.0,0.0,0.0,2007.72,1565.13,1137.24,3565.49,0.0,,1.0,442.5899999999999,28.278162197389346,1.0,9982.962684955357,370.39014771578417
2025-07-19 05:00:00,3.51,0.0,1.64,4.62,1768.08,874.49,751.0,3228.79,3.51,,0.0,893.5899999999999,102.18413017873273,1.0,9976.433451091196,353.70247856581113
2025-07-19 06:00:00,99.01,63.95,37.84,150.52,1639.97,1230.72,809.76,3150.35,35.06,54.82408131352619,1.0,409.25,33.252892615704624,1.0,10116.797165603299,350.8300176151335
2025-07-19 07:00:00,372.09,329.92,173.57,496.14,1322.9,1509.29,896.81,2355.57,42.16999999999996,12.78188651794373,1.0,186.38999999999987,12.34951533502507,1.0,10116.29059111498,355.9609727504294
2025-07-19 08:00:00,690.6,366.87,482.88,839.42,978.9,1065.55,713.9,2062.87,323.73,88.24106631776925,0.0,86.64999999999998,8.131950635821875,1.0,10430.143638857284,355.94804667498164
2025-07-19 09:00:00,921.77,573.18,760.35,1032.39,859.49,619.94,561.27,1777.74,348.59000000000003,60.816846365888566,0.0,239.54999999999995,38.64083620995579,1.0,10839.368010266697,364.12916871618586
2025-07-19 10:00:00,1104.74,1094.08,969.98,1239.1,871.89,572.81,533.27,1662.39,10.660000000000082,0.9743346007604637,1.0,299.08000000000004,52.21277561495087,1.0,10639.355120465329,359.96183592284973
2025-07-19 11:00:00,1162.3,1277.5,885.01,1230.37,872.44,652.18,520.17,1617.25,115.20000000000005,9.017612524461843,0.0,220.2600000000001,33.77288478640868,1.0,10197.775786891456,354.3070776104877
2025-07-19 12:00:00,1235.35,1368.51,1008.8,1296.08,803.99,572.64,568.74,1849.62,133.16000000000008,9.730290608033561,0.0,231.35000000000002,40.40060072645991,1.0,10420.009679831039,342.8405789034164
2025-07-19 13:00:00,1264.92,1442.41,1081.45,1328.93,769.6,568.1,581.32,1979.97,177.49,12.305100491538466,0.0,201.5,35.46910755148741,0.0,10633.929316747428,330.7252989558923
2025-07-19 14:00:00,1236.46,1369.51,1082.94,1315.17,804.99,709.8,571.4,1962.61,133.04999999999995,9.71515359508145,0.0,95.19000000000005,13.410819949281496,1.0,10595.678145253749,310.5505007116796
2025-07-19 15:00:00,1181.19,1280.54,898.22,1273.01,807.72,830.79,636.0,1917.17,99.34999999999991,7.758445655738979,0.0,23.069999999999936,2.7768750225688725,1.0,10667.71437996024,298.36796717775593
2025-07-19 16:00:00,1059.46,1211.68,838.35,1189.42,849.23,861.11,520.69,1946.58,152.22000000000003,12.562722831110525,0.0,11.879999999999995,1.3796146833737846,1.0,10634.210263200779,285.52417523154793
2025-07-19 17:00:00,838.24,1074.38,596.11,1096.12,855.68,901.55,441.64,2010.69,236.1400000000001,21.97918799679816,1.0,45.870000000000005,5.087904165049083,1.0,10410.1886222655,283.02978021531663
2025-07-19 19:00:00,277.49,453.21,211.6,466.73,855.69,796.93,678.1,1670.91,175.71999999999997,38.77231305575781,1.0,58.760000000000105,7.373295019637874,1.0,10222.53769433573,282.8768205328397
2025-07-19 20:00:00,75.51,143.5,48.62,134.72,847.04,917.61,651.93,1418.2,67.99,47.37979094076655,0.0,70.57000000000005,7.690631095999395,1.0,10154.994475963642,284.8776118302008
2025-07-19 21:00:00,3.33,2.33,2.15,5.77,855.23,990.17,639.45,1220.11,1.0,42.91845493562232,1.0,134.93999999999994,13.627962875061852,1.0,10170.571424538071,281.61505590862185
2025-07-19 22:00:00,0.0,1.28,0.0,0.0,880.6,743.48,674.69,1140.04,1.28,100.0,0.0,137.12,18.442997794157208,1.0,10120.02679341706,273.81646565498875
2025-07-19 23:00:00,0.0,1.5,0.0,0.0,900.97,650.24,462.88,1192.46,1.5,100.0,0.0,250.73000000000002,38.559608759842526,1.0,9917.21389734206,283.43362300988946
2025-07-20 00:00:00,0.0,0.37,0.0,0.0,910.94,674.3,426.78,1275.6,0.37,100.0,0.0,236.6400000000001,35.09417173364972,1.0,9909.423870394052,292.49116444806754
2025-07-20 01:00:00,0.0,0.47,0.0,0.0,802.68,675.7,398.41,1407.75,0.47,100.0,0.0,126.9799999999999,18.79236347491489,1.0,9655.565472433716,312.622826637015
2025-07-20 02:00:00,0.0,0.0,0.0,0.0,780.65,854.41,349.71,1514.07,0.0,,1.0,73.75999999999999,8.632857761496236,1.0,9567.051662074766,336.1980223032357
2025-07-20 03:00:00,0.0,0.0,0.0,0.0,735.07,851.29,297.12,1322.45,0.0,,1.0,116.21999999999991,13.652221922024212,1.0,9451.159786314249,364.1744219577801
2025-07-20 04:00:00,0.0,0.0,0.0,0.0,622.23,873.84,307.82,1111.04,0.0,,1.0,251.61,28.793600659159573,1.0,9546.949954552725,386.4105103187503
2025-07-20 05:00:00,2.79,0.43,1.33,5.22,671.01,790.06,332.58,1028.38,2.36,548.8372093023256,0.0,119.04999999999995,15.068475811963644,1.0,9539.385172137208,406.9635870944221
2025-07-20 06:00:00,70.73,73.41,33.86,125.57,576.79,609.34,323.21,899.12,2.6799999999999926,3.6507287835444666,1.0,32.55000000000007,5.341845275215818,1.0,9661.508738285716,420.32631127313414
2025-07-20 07:00:00,269.26,231.67,153.86,435.09,475.5,434.46,265.39,778.03,37.59,16.22566581775802,1.0,41.04000000000002,9.446209087142666,1.0,9803.95016142156,426.4930356895038
2025-07-20 08:00:00,492.07,343.62,293.53,744.96,387.29,320.68,199.08,756.65,148.45,43.20179267795821,1.0,66.61000000000001,20.771485593114637,1.0,9925.282697341505,424.307985328629
2025-07-20 09:00:00,630.03,496.59,430.17,877.89,347.51,267.69,153.28,726.24,133.44,26.87126200688697,1.0,79.82,29.818073144308716,1.0,10030.350465563622,396.2859278263516
2025-07-20 10:00:00,748.4,745.76,642.46,967.11,342.77,333.55,135.68,816.9,2.6399999999999864,0.3540012872774065,1.0,9.21999999999997,2.7642032678758715,1.0,10163.935225739773,379.2051107036276
2025-07-20 11:00:00,863.3,1045.56,851.47,995.39,436.78,487.84,254.64,811.49,182.26,17.431806878610505,0.0,51.06,10.466546408658578,1.0,10253.631072713062,380.18502024839825
2025-07-20 12:00:00,945.64,1264.89,829.75,1043.79,470.17,764.06,270.73,894.44,319.2500000000001,25.239348876186867,0.0,293.88999999999993,38.46425673376436,1.0,10348.986362443306,377.6397514551641
2025-07-20 13:00:00,1020.65,1302.09,801.11,1119.28,589.98,863.28,358.5,933.14,281.43999999999994,21.61448133385557,0.0,273.29999999999995,31.65832638309702,1.0,10673.23990085254,380.264997187177
2025-07-20 14:00:00,1052.15,1381.39,776.2,1126.29,662.89,683.91,432.77,923.71,329.24,23.83396434026596,0.0,21.019999999999982,3.0735038236025183,1.0,10768.271835157106,392.0421472372072
2025-07-20 15:00:00,1010.52,1414.55,740.96,1090.71,706.29,614.91,485.2,850.26,404.03,28.562440352055425,0.0,91.38,14.860711323608333,1.0,10722.451497097172,395.7543485406639
2025-07-20 16:00:00,925.82,1261.72,662.47,1061.45,743.2,561.57,535.83,1005.79,335.9,26.622388485559394,0.0,181.63,32.34325195434229,1.0,10578.34806782297,392.5152137564953
2025-07-20 17:00:00,835.13,997.07,620.23,1100.72,756.31,561.94,616.55,1044.37,161.94000000000005,16.24158785240756,1.0,194.3699999999999,34.58910203936361,0.0,10527.281648211447,397.50061568002747
2025-07-20 19:00:00,394.44,488.55,269.09,480.36,865.84,669.6,534.87,1604.15,94.11000000000001,19.263125575683144,0.0,196.24,29.30704898446834,1.0,10161.111703187886,399.3346119619027
2025-07-20 20:00:00,106.63,140.79,81.37,137.71,886.19,795.26,588.58,1567.13,34.16,24.263086866964983,0.0,90.93000000000006,11.43399642884089,1.0,10082.024797584469,399.05937123819245
2025-07-20 21:00:00,4.19,4.81,2.9,6.47,960.83,1031.68,697.5,1547.52,0.6199999999999992,12.889812889812873,1.0,70.85000000000002,6.867439516129034,1.0,10022.481367997229,398.7808734004154
2025-07-20 22:00:00,0.0,0.0,0.0,0.0,1071.55,1056.56,764.86,1479.59,0.0,,1.0,14.990000000000009,1.4187552055728032,1.0,9947.531016523102,399.5101727928914
2025-07-20 23:00:00,0.0,0.31,0.0,0.0,1120.83,906.63,792.65,1499.48,0.31,100.0,0.0,214.19999999999993,23.625955461434096,1.0,10036.203855251322,398.281064337136
2025-07-21 00:00:00,0.0,0.95,0.0,0.0,1038.6,924.3,805.84,1204.43,0.95,100.0,0.0,114.29999999999995,12.366114897760463,1.0,10003.726289231197,397.0505502780675
2025-07-21 01:00:00,0.0,0.52,0.0,0.0,919.2,797.66,662.86,1252.1,0.52,100.0,0.0,121.54000000000008,15.237068425143555,1.0,9851.292430664562,389.94558796221014
2025-07-21 02:00:00,0.0,0.0,0.0,0.0,766.87,712.96,592.01,1360.62,0.0,,1.0,53.90999999999997,7.561434021543981,1.0,9827.208369134156,378.33433386119833
2025-07-21 03:00:00,0.0,0.68,0.0,0.0,691.61,560.03,445.17,1362.93,0.68,100.0,0.0,131.58000000000004,23.49516990161242,1.0,9720.370649604321,361.99520396506426
2025-07-21 04:00:00,0.0,0.0,0.0,0.0,644.6,488.68,317.89,1238.72,0.0,,1.0,155.92000000000002,31.906359990177624,1.0,9879.878894309471,345.5625668373074
2025-07-21 05:00:00,2.49,0.5,1.8,2.89,488.05,439.86,238.9,1101.24,1.9900000000000002,398.00000000000006,0.0,48.19,10.955758650479696,1.0,10004.121458488335,323.8352860744074
2025-07-21 06:00:00,64.84,45.63,52.77,77.43,392.47,431.65,184.11,967.76,19.21,42.09949594564979,0.0,39.17999999999995,9.076798331981918,1.0,9982.943645938221,309.4555922729444
2025-07-21 07:00:00,249.66,196.56,193.43,327.36,335.92,410.34,146.0,558.2,53.099999999999994,27.014652014652015,1.0,74.41999999999996,18.13617975337524,1.0,10274.28814482256,301.0543771175091
2025-07-21 08:00:00,471.92,401.93,371.83,570.67,227.15,270.22,73.55,413.18,69.99000000000001,17.413479959196877,1.0,43.07000000000002,15.938864628820967,1.0,10422.984719363028,300.29437078567065
2025-07-21 09:00:00,616.54,669.41,510.05,736.26,153.12,175.51,71.34,236.06,52.870000000000005,7.897999731106498,1.0,22.389999999999986,12.75710785710215,1.0,10554.10563334391,306.7654564510903
2025-07-21 10:00:00,731.9,713.93,611.74,926.19,126.38,174.58,74.22,210.76,17.970000000000027,2.5170534926393384,1.0,48.20000000000002,27.609119028525615,1.0,10676.330967116513,320.4455152933793
2025-07-21 11:00:00,868.7,1011.39,671.78,1006.91,153.4,227.93,60.37,250.53,142.68999999999994,14.108306390215441,0.0,74.53,32.698635546000965,1.0,10711.672393006347,334.7241651144168
2025-07-21 12:00:00,922.46,1210.16,745.33,1034.99,154.29,251.16,72.18,236.29,287.70000000000005,23.773715872281354,0.0,96.87,38.56903965599618,0.0,10644.664007179845,343.56922307715735
2025-07-21 13:00:00,933.78,1215.54,695.69,1205.64,144.81,289.66,83.84,232.65,281.76,23.179821313983908,0.0,144.85000000000002,50.00690464682732,0.0,10683.07848448873,344.077222709038
2025-07-21 14:00:00,826.11,992.18,589.23,1064.22,173.26,336.45,71.12,329.99,166.06999999999994,16.73789030216291,1.0,163.19,48.50349234655967,0.0,10575.053652622422,334.02661964212643
2025-07-21 15:00:00,690.52,712.87,497.84,847.02,191.98,333.54,31.1,365.58,22.350000000000023,3.1352139941363815,1.0,141.56000000000003,42.44168615458416,1.0,10464.3493195578,322.5139607635434
2025-07-21 16:00:00,527.01,493.85,359.98,664.53,193.38,420.95,54.96,322.5,33.15999999999997,6.714589450237919,1.0,227.57,54.061052381517996,0.0,10281.890517712973,315.03153391032146
2025-07-21 17:00:00,408.16,342.85,300.11,512.69,209.73,638.78,104.48,368.25,65.31,19.049146857226194,1.0,429.04999999999995,67.16709978396318,0.0,10147.873070516582,309.39989011810746
2025-07-21 19:00:00,149.12,125.23,99.22,192.39,393.0,812.11,244.78,636.03,23.89,19.076898506747582,1.0,419.11,51.60754085037741,0.0,10339.585989891302,308.6221204808901
2025-07-21 20:00:00,38.31,37.54,22.38,54.75,488.7,834.97,280.18,777.38,0.7700000000000031,2.0511454448588253,1.0,346.27000000000004,41.470951052133614,0.0,10453.37519089616,310.31681310578045
2025-07-21 21:00:00,1.86,0.74,0.97,3.45,569.65,900.65,326.07,921.03,1.12,151.35135135135135,0.0,331.0,36.75123521900849,1.0,10379.773846344873,307.8404918750651
2025-07-21 22:00:00,0.0,0.0,0.0,0.0,640.02,1099.26,427.46,960.33,0.0,,1.0,459.24,41.777195567927514,0.0,10260.92170389302,300.66865341362205
2025-07-21 23:00:00,0.0,0.0,0.0,0.0,721.21,1190.12,588.39,842.21,0.0,,1.0,468.90999999999985,39.40022854838167,0.0,9996.166556062653,302.13493976751124
2025-07-22 00:00:00,0.0,0.0,0.0,0.0,772.2,1071.25,703.59,883.56,0.0,,1.0,299.04999999999995,27.915985997666276,0.0,9873.429412223895,308.22251027456764
2025-07-22 01:00:00,0.0,0.0,0.0,0.0,718.25,926.58,666.6,803.14,0.0,,1.0,208.33000000000004,22.483757473720566,0.0,9775.065568664422,313.01358847503684
2025-07-22 02:00:00,0.0,0.0,0.0,0.0,700.81,937.26,488.69,846.16,0.0,,1.0,236.45000000000005,25.227791647995225,0.0,9728.578797067541,319.5309473967861
2025-07-22 03:00:00,0.0,0.0,0.0,0.0,725.46,1054.96,474.95,885.18,0.0,,1.0,329.5,31.233411693334347,0.0,9781.613247039666,315.27938803233855
2025-07-22 04:00:00,0.0,0.0,0.0,0.0,707.08,1230.29,458.5,883.85,0.0,,1.0,523.2099999999999,42.527371595314925,0.0,9818.968277678134,318.6912018629955
2025-07-22 05:00:00,0.63,0.0,0.43,0.77,691.36,1503.12,411.44,933.39,0.63,,0.0,811.7599999999999,54.00500292724466,0.0,10004.217657165816,318.68788980654796
2025-07-22 06:00:00,17.0,2.81,11.56,21.23,642.13,1562.42,335.6,909.39,14.19,504.9822064056939,0.0,920.2900000000001,58.901575760678945,0.0,10270.768160006843,313.31499777561436
2025-07-22 07:00:00,74.21,20.59,46.12,106.26,569.34,1476.83,276.17,753.38,53.61999999999999,260.41767848470124,0.0,907.4899999999999,61.44850795284494,0.0,10531.640798887698,317.8912167594313
2025-07-22 08:00:00,144.95,62.96,89.57,199.0,521.37,1351.49,229.44,752.01,81.98999999999998,130.22554002541293,0.0,830.12,61.422578043492734,0.0,10680.859762773149,327.1830484442612
2025-07-22 09:00:00,204.16,137.61,128.05,233.92,602.2,1123.23,177.14,1083.18,66.54999999999998,48.36131095123899,1.0,521.03,46.386759612902075,0.0,10777.689496841696,338.03332142410795
2025-07-22 10:00:00,232.42,181.8,169.62,261.46,804.11,1152.64,167.5,1559.43,50.619999999999976,27.84378437843783,1.0,348.5300000000001,30.237541643531372,1.0,10822.099915557239,346.31031335098095
2025-07-22 11:00:00,289.87,239.88,208.51,409.12,1163.76,1177.45,218.44,1964.79,49.99000000000001,20.83958645989662,1.0,13.690000000000055,1.162682067179078,1.0,10870.97007717972,355.8314943713009
2025-07-22 12:00:00,329.01,320.2,135.02,429.27,1336.92,1301.89,280.55,2043.92,8.810000000000002,2.7514053716427243,1.0,35.02999999999997,2.6907035156580026,1.0,10865.916988682862,367.49911195547145
2025-07-22 13:00:00,334.98,354.31,151.87,397.67,1603.44,1535.08,390.97,2217.89,19.329999999999984,5.455674409415479,1.0,68.36000000000013,4.453188107460206,1.0,10850.1650061246,376.13307000430694
2025-07-22 14:00:00,329.04,344.09,175.61,442.78,1888.86,1643.44,1115.66,2361.58,15.049999999999955,4.373855677293719,1.0,245.41999999999985,14.933310616755088,1.0,10898.553509946738,390.87162762089264
2025-07-22 15:00:00,305.08,348.33,189.66,514.01,2013.94,1586.0,1193.88,2605.0,43.25,12.416386759681911,1.0,427.94000000000005,26.982345523329133,1.0,10678.440669549216,396.1995595336542
2025-07-22 16:00:00,273.01,309.13,188.57,414.85,2064.23,1338.77,1161.38,2835.53,36.120000000000005,11.684404619415782,1.0,725.46,54.18854620285784,1.0,10585.697561556095,398.75387879091573
2025-07-22 17:00:00,230.4,244.86,148.84,312.65,1621.37,1000.84,804.2,2450.84,14.460000000000008,5.9054153393776065,1.0,620.5299999999999,62.00091922784859,1.0,10437.70015129212,396.3286213555897
2025-07-22 19:00:00,116.38,93.96,61.4,154.87,992.92,902.88,378.71,1352.25,22.42,23.861217539378462,1.0,90.03999999999996,9.97253234095339,1.0,10317.870589610611,396.506670761828
2025-07-22 20:00:00,32.64,31.86,15.29,44.23,795.27,631.86,298.76,1044.45,0.7800000000000011,2.4482109227871978,1.0,163.40999999999997,25.86174152502136,1.0,10306.755482577459,396.4425576711566
2025-07-22 21:00:00,1.55,2.28,0.87,2.03,608.83,441.02,216.74,800.0,0.7299999999999998,32.017543859649116,0.0,167.81000000000006,38.05042855199312,1.0,10387.05598849547,396.4507355947613
2025-07-22 22:00:00,0.0,0.0,0.0,0.0,447.95,356.32,159.84,665.39,0.0,,1.0,91.63,25.71564885496183,1.0,10099.060446751713,399.8085815100441
2025-07-22 23:00:00,0.0,11.13,0.0,0.0,305.72,297.3,164.18,512.7,11.13,100.0,0.0,8.420000000000016,2.832156071308448,1.0,9873.241207236271,405.50702508412667
2025-07-23 00:00:00,0.0,0.77,0.0,0.0,289.76,291.46,177.81,466.41,0.77,100.0,0.0,1.6999999999999886,0.5832704316201156,1.0,9771.369057258627,411.3406694475166
2025-07-23 01:00:00,0.0,0.0,0.0,0.0,252.72,255.75,126.02,448.46,0.0,,1.0,3.030000000000001,1.1847507331378304,1.0,9791.280672891016,410.3550603007522
2025-07-23 02:00:00,0.0,0.0,0.0,0.0,227.07,257.08,150.67,364.09,0.0,,1.0,30.00999999999999,11.673409055546909,1.0,9748.843301983145,409.02257678183224
2025-07-23 03:00:00,0.0,0.0,0.0,0.0,235.84,242.31,178.0,337.26,0.0,,1.0,6.469999999999999,2.6701333003177745,1.0,9794.779174610376,408.2229456107958
2025-07-23 04:00:00,0.0,0.0,0.0,0.0,241.0,293.55,188.26,327.26,0.0,,1.0,52.55000000000001,17.901549991483567,1.0,9873.254060892135,405.2384921406121
2025-07-23 05:00:00,4.78,0.19,1.9,6.86,236.69,283.3,139.2,337.49,4.59,2415.7894736842104,0.0,46.610000000000014,16.452523826332513,1.0,10077.877956645638,402.6854663478575
2025-07-23 06:00:00,159.81,81.57,78.21,183.88,275.47,246.64,151.41,421.51,78.24000000000001,95.91761677087166,1.0,28.83000000000004,11.689101524489152,1.0,10225.140925145439,403.25506183262576
2025-07-23 07:00:00,554.42,465.3,321.97,677.42,263.34,245.19,143.25,416.02,89.11999999999995,19.153234472383396,1.0,18.149999999999977,7.4024226110363305,1.0,10438.383445769938,402.0038223025514
2025-07-23 08:00:00,959.56,1079.05,563.61,1163.53,239.63,230.1,149.59,374.15,119.49000000000001,11.07362958157639,1.0,9.530000000000001,4.141677531508041,1.0,10391.16002192717,396.2214217605332
2025-07-23 09:00:00,1162.47,1272.24,768.7,1402.49,286.17,336.39,180.4,438.43,109.76999999999998,8.62808903980381,1.0,50.21999999999997,14.929100151609731,1.0,10607.897927745986,389.65373371456417
2025-07-23 10:00:00,1304.23,1320.11,1040.09,1502.62,413.09,513.53,243.55,784.12,15.879999999999882,1.2029300588587226,1.0,100.44,19.558740482542404,1.0,10690.492166012687,383.4459341383817
2025-07-23 11:00:00,1363.7,1375.13,1207.7,1556.91,511.03,585.55,291.81,1080.43,11.430000000000064,0.8311941416447945,1.0,74.51999999999998,12.726496456323114,1.0,10742.51660421676,376.4605611216927
2025-07-23 12:00:00,1453.4,1535.14,1397.2,1587.82,481.63,558.29,241.38,1013.8,81.74000000000001,5.324595802337247,1.0,76.65999999999997,13.731214959967037,1.0,10839.974415728157,374.8853375988856
2025-07-23 13:00:00,1495.53,1510.43,1451.82,1583.14,471.68,459.73,275.03,982.38,14.900000000000091,0.9864740504359746,1.0,11.949999999999989,2.5993517934439754,1.0,11032.883671525084,387.59566601067837
2025-07-23 14:00:00,1506.48,1579.29,1454.65,1576.4,481.7,466.55,319.6,954.23,72.80999999999995,4.610299564994393,0.0,15.149999999999977,3.2472403815239477,1.0,11103.079601681275,402.47915728153924
2025-07-23 15:00:00,1470.02,1523.86,1393.77,1555.39,552.71,554.21,390.84,936.61,53.83999999999992,3.5331329649705303,1.0,1.5,0.27065552768806045,1.0,11123.655849656463,428.0190007815116
2025-07-23 16:00:00,1382.21,1403.06,1302.86,1486.08,664.39,587.68,471.23,947.03,20.84999999999991,1.4860376605419519,1.0,76.71000000000004,13.053022052817868,1.0,11283.6029224611,465.8793677613608
2025-07-23 17:00:00,1234.93,1210.24,1127.42,1342.68,737.12,617.6,555.11,894.47,24.690000000000055,2.0400912215758904,1.0,119.51999999999998,19.352331606217614,1.0,11151.576274972102,491.06432033572185
2025-07-23 19:00:00,456.29,704.93,351.55,547.15,918.35,478.45,750.26,1196.43,248.63999999999993,35.27158724979784,0.0,439.90000000000003,91.94273173790366,0.0,10973.685548409894,516.6824429481923
2025-07-23 20:00:00,124.78,257.63,101.85,151.91,1188.7,616.82,927.03,1465.14,132.85,51.566199588557225,0.0,571.88,92.71424402580979,0.0,10890.101880241458,522.2132521711924
2025-07-23 21:00:00,4.93,12.99,3.62,7.01,1604.5,981.52,1335.57,1881.82,8.06,62.04772902232487,0.0,622.98,63.47094302714158,0.0,10779.486436821553,524.7486622434138
2025-07-23 22:00:00,0.0,0.24,0.0,0.0,2120.31,1347.18,1779.29,2389.25,0.24,100.0,0.0,773.1299999999999,57.388767647975754,0.0,10336.301646309776,518.7998435741564
2025-07-23 23:00:00,0.0,0.0,0.0,0.0,2570.75,1702.93,2194.63,2763.96,0.0,,1.0,867.8199999999999,50.96040353978143,0.0,10055.420893654824,510.13161806353276
2025-07-24 00:00:00,0.0,0.0,0.0,0.0,2809.78,2105.58,2306.07,3013.75,0.0,,1.0,704.2000000000003,33.44446660777554,0.0,9996.701083481676,497.4564929959448
2025-07-24 01:00:00,0.0,0.0,0.0,0.0,2905.39,2290.97,2266.26,3284.84,0.0,,1.0,614.4200000000001,26.819207584560257,1.0,9885.155814150738,491.6442236710917
2025-07-24 02:00:00,0.0,0.0,0.0,0.0,2923.07,2339.95,2200.12,3496.48,0.0,,1.0,583.1200000000003,24.920190602363316,1.0,9826.87254166229,486.38413277394284
2025-07-24 03:00:00,0.0,0.0,0.0,0.0,2929.6,2417.96,2250.06,3613.49,0.0,,1.0,511.6399999999999,21.15998610398848,1.0,9798.786314782417,486.11505385074
2025-07-24 04:00:00,0.0,0.0,0.0,0.0,2868.92,2383.23,2327.63,3443.93,0.0,,1.0,485.69000000000005,20.379484984663673,1.0,9883.406218292354,485.50654645231594
2025-07-24 05:00:00,8.15,0.01,5.39,11.83,2777.95,2325.72,2368.76,3138.03,8.14,81400.0,0.0,452.23,19.4447310940268,0.0,10060.239340036569,486.2623396769483
2025-07-24 06:00:00,204.26,134.57,183.27,232.63,2631.05,2275.48,2122.05,2993.55,69.69,51.78717396150703,0.0,355.57000000000016,15.626153602756348,1.0,10435.682378105745,482.0742328147801
2025-07-24 07:00:00,701.64,584.31,627.74,783.76,2401.23,2104.8,1471.42,2952.36,117.33000000000004,20.080094470400994,0.0,296.42999999999984,14.083523375142523,1.0,10746.605022432033,482.90079131500624
2025-07-24 08:00:00,1161.99,1247.27,1078.63,1224.3,1885.42,1484.94,1085.09,2471.33,85.27999999999997,6.837332734692566,0.0,400.48,26.969439842687247,1.0,10934.679998909176,486.91840283581615
2025-07-24 09:00:00,1362.25,1457.42,1343.76,1451.6,1439.0,1169.34,1008.07,2038.1,95.17000000000007,6.530032523225978,0.0,269.6600000000001,23.06087194485779,1.0,11211.736640708186,503.11748232214836
2025-07-24 10:00:00,1455.24,1576.21,1436.2,1530.66,1335.12,1383.44,823.27,1921.77,120.97000000000003,7.67473877211793,0.0,48.320000000000164,3.492742728271567,1.0,11366.776498334284,525.8402416691019
2025-07-24 11:00:00,1504.92,1571.38,1474.03,1568.89,1462.88,1543.52,1011.46,2037.14,66.46000000000004,4.229403454288589,0.0,80.63999999999987,5.224422100134748,1.0,11542.835995854715,556.7518006187527
2025-07-24 12:00:00,1507.81,1625.3,1473.03,1561.79,1645.96,1599.05,1310.19,2180.22,117.49000000000001,7.228819294899404,0.0,46.91000000000008,2.933616834995784,1.0,11647.308329910069,590.3111341172009
2025-07-24 13:00:00,1491.3,1624.08,1448.55,1550.87,1835.04,1785.75,1520.49,2359.47,132.77999999999997,8.175705630264519,0.0,49.289999999999964,2.7601847963040718,1.0,11747.793237462753,624.2620264115438
2025-07-24 14:00:00,1468.43,1611.66,1409.71,1560.04,1923.51,1880.02,1582.11,2510.62,143.23000000000002,8.887110184530236,0.0,43.49000000000001,2.3132732630503936,1.0,11850.85875175815,660.6712246757286
2025-07-24 15:00:00,1440.39,1536.73,1367.66,1555.8,1972.13,1811.08,1630.3,2608.36,96.33999999999992,6.269155935004843,1.0,161.05000000000018,8.89248404267068,1.0,11862.74767913171,694.1028582413643
2025-07-24 16:00:00,1362.55,1471.57,1269.76,1504.32,2028.29,1815.19,1751.13,2710.15,109.01999999999998,7.408414142718319,1.0,213.0999999999999,11.739817870305583,1.0,11808.358557156764,717.7347903191511
2025-07-24 17:00:00,1242.14,1332.78,1170.15,1382.3,1947.76,1619.54,1602.81,2670.46,90.63999999999987,6.800822341271619,1.0,328.22,20.266248440915323,1.0,11408.807356217072,724.6990207958636
2025-07-24 19:00:00,511.19,745.6,501.37,603.75,1844.6,1236.24,1246.34,2508.1,234.41000000000003,31.439109442060087,0.0,608.3599999999999,49.21050928622273,0.0,11175.750116117597,731.4956491009226
2025-07-24 20:00:00,127.12,217.92,120.27,157.11,2112.91,1462.19,1267.98,3009.63,90.79999999999998,41.666666666666664,0.0,650.7199999999998,44.50310835117185,1.0,11320.934465967674,737.6692759654632
2025-07-24 21:00:00,5.05,1.53,4.06,6.31,2531.92,1798.12,1469.36,3496.62,3.5199999999999996,230.06535947712416,0.0,733.8000000000002,40.80928970257826,1.0,11070.185930608272,738.4636720954389
2025-07-24 22:00:00,0.0,0.0,0.0,0.0,2870.11,2139.24,1848.02,3625.38,0.0,,1.0,730.8700000000003,34.1649370804585,1.0,10558.027178120688,732.6714331053307
2025-07-24 23:00:00,0.0,0.0,0.0,0.0,2944.95,2371.66,2223.75,3449.95,0.0,,1.0,573.29,24.172520513058366,1.0,10198.093935148632,726.1233188492372
2025-07-25 00:00:00,0.0,0.0,0.0,0.0,3122.81,2314.81,2633.2,3423.42,0.0,,1.0,808.0,34.90567260379901,0.0,9945.08274903131,728.9850405160722
2025-07-25 01:00:00,0.0,0.0,0.0,0.0,3141.73,2259.19,2650.92,3401.97,0.0,,1.0,882.54,39.06444345097137,0.0,9857.688943952488,730.6631344236544
2025-07-25 02:00:00,0.0,0.0,0.0,0.0,3016.89,2247.63,2635.89,3329.46,0.0,,1.0,769.2599999999998,34.225384071221676,0.0,9829.783758208785,730.4780771770746
2025-07-25 03:00:00,0.0,0.0,0.0,0.0,2894.2,2376.36,2579.81,3246.93,0.0,,1.0,517.8399999999997,21.791311080812658,0.0,9691.16054781452,737.8036452491579
2025-07-25 04:00:00,0.0,0.0,0.0,0.0,2745.71,2237.82,2413.17,3228.41,0.0,,1.0,507.8899999999999,22.695748540990778,0.0,9830.846826615558,740.9987250643046
2025-07-25 05:00:00,5.65,0.12,1.95,8.25,2543.43,2286.98,2103.0,3164.58,5.53,4608.333333333334,0.0,256.4499999999998,11.213478036537259,1.0,10029.010592331588,742.5446499313848
2025-07-25 06:00:00,161.24,76.98,86.87,184.7,2387.72,2383.1,1906.96,3123.33,84.26,109.45700181865419,0.0,4.619999999999891,0.19386513364944363,1.0,10357.28648007887,744.7924295923847
2025-07-25 07:00:00,614.96,638.44,366.82,692.3,2084.49,1920.25,1328.66,2561.79,23.480000000000018,3.6777144289204964,1.0,164.23999999999978,8.55305298789219,1.0,10612.938428931153,746.3725252792779
2025-07-25 08:00:00,1023.56,1213.69,593.36,1103.92,1527.49,1115.28,986.47,2258.13,190.1300000000001,15.665449991348703,0.0,412.21000000000004,36.96022523491859,1.0,10686.827966187157,747.2928692753546
2025-07-25 09:00:00,1223.0,1457.92,734.9,1305.7,1073.77,699.38,585.98,2020.24,234.92000000000007,16.113366988586485,0.0,374.39,53.531699505276094,1.0,10720.172130374367,744.231537961554
2025-07-25 10:00:00,1321.8,1564.75,840.45,1413.34,976.54,495.44,431.18,2007.42,242.95000000000005,15.526441923629974,0.0,481.09999999999997,97.1056031002745,1.0,10828.30713382882,736.011332631182
2025-07-25 11:00:00,1388.88,1650.69,1052.36,1473.18,1065.81,366.07,301.67,2281.46,261.80999999999995,15.86064009595987,0.0,699.74,191.14923375310732,1.0,10840.997470795095,720.0808721183544
2025-07-25 12:00:00,1410.28,1607.34,1231.63,1476.75,1010.36,317.09,244.79,1971.71,197.05999999999995,12.260007216892504,0.0,693.27,218.63508782995368,1.0,10873.456257810732,697.3264801268782
2025-07-25 13:00:00,1393.79,1378.75,1316.09,1454.32,1005.9,342.2,382.8,1855.82,15.039999999999964,1.090843155031729,1.0,663.7,193.95090590298074,0.0,10911.369134067098,666.2815699046606
2025-07-25 14:00:00,1350.22,1322.76,1286.04,1399.38,1028.65,408.08,424.33,1674.61,27.460000000000036,2.075962381686779,1.0,620.5700000000002,152.07067241717317,0.0,10849.198160550515,622.9917527611964
2025-07-25 15:00:00,1263.69,1330.42,1195.98,1315.56,1114.49,560.7,620.86,1520.75,66.73000000000002,5.0157093248748525,0.0,553.79,98.7676119136793,0.0,10779.725414235781,571.3092125684522
2025-07-25 16:00:00,1099.43,1181.17,1026.54,1168.79,1266.84,880.88,809.58,1701.43,81.74000000000001,6.920257033280561,0.0,385.9599999999999,43.815275633457446,1.0,10845.57397448033,517.1793262157923
2025-07-25 17:00:00,907.88,1004.91,831.7,1054.26,1526.82,1294.11,976.11,2260.33,97.02999999999997,9.655591047954541,1.0,232.71000000000004,17.982242622342774,1.0,10805.100826642067,490.2712129141079
2025-07-25 19:00:00,332.34,387.91,201.71,428.42,2008.94,2088.31,1654.17,2769.47,55.57000000000005,14.325487870897902,1.0,79.36999999999989,3.800680933386322,1.0,10497.283944123554,450.98890769861515
2025-07-25 20:00:00,79.3,79.19,45.45,94.08,2060.98,1821.16,1461.94,3052.79,0.10999999999999943,0.13890642757923907,1.0,239.81999999999994,13.168529947945263,1.0,10438.19763063252,418.2590533206647
2025-07-25 21:00:00,1.94,2.68,1.0,2.29,2072.02,1793.81,1021.54,3230.04,0.7400000000000002,27.61194029850747,0.0,278.21000000000004,15.509446373919204,1.0,10437.267430215908,399.6620549369927
2025-07-25 22:00:00,0.0,2.0,0.0,0.0,1789.23,1657.49,811.15,2732.27,2.0,100.0,0.0,131.74,7.948162583183007,1.0,10202.8278740474,402.60092397710565
2025-07-25 23:00:00,0.0,2.0,0.0,0.0,1324.38,1686.78,676.76,2146.27,2.0,100.0,0.0,362.39999999999986,21.484722370433598,1.0,9876.200816942917,416.45886220325895
2025-07-26 00:00:00,0.0,2.0,0.0,0.0,1082.97,1593.57,607.25,1719.95,2.0,100.0,0.0,510.5999999999999,32.04126583708277,1.0,9652.183474757043,435.3328783804766
2025-07-26 01:00:00,0.0,2.0,0.0,0.0,1008.25,1487.39,570.48,1500.87,2.0,100.0,0.0,479.1400000000001,32.21347460988712,1.0,9581.918667744712,454.1558055934633
2025-07-26 02:00:00,0.0,2.0,0.0,0.0,852.25,1319.95,532.7,1188.77,2.0,100.0,0.0,467.70000000000005,35.433160346982845,0.0,9584.230553054826,470.32653225313095
2025-07-26 03:00:00,0.0,2.0,0.0,0.0,712.58,1123.5,459.27,936.2,2.0,100.0,0.0,410.91999999999996,36.57498887405429,0.0,9520.74821235973,482.64994519016244
2025-07-26 04:00:00,0.0,0.21,0.0,0.0,594.12,1003.02,366.63,815.91,0.21,100.0,0.0,408.9,40.766884010288926,0.0,9527.72545159714,501.6448569613023
2025-07-26 05:00:00,1.58,0.03,0.73,2.12,484.14,1014.64,302.96,701.58,1.55,5166.666666666667,0.0,530.5,52.28455412757235,0.0,9490.943078263286,529.3773064585761
2025-07-26 06:00:00,58.77,36.53,31.12,129.46,337.28,874.07,216.76,480.42,22.240000000000002,60.88146728716124,1.0,536.7900000000001,61.41270149987987,0.0,9603.292727510652,551.4506022469982
2025-07-26 07:00:00,252.86,258.91,133.01,497.69,209.03,545.19,86.84,382.49,6.050000000000011,2.336719323316987,1.0,336.1600000000001,61.659238063794284,0.0,9867.613548255558,555.7036486183501
2025-07-26 08:00:00,549.55,530.18,280.88,850.49,98.09,247.03,19.14,244.05,19.370000000000005,3.653476177901846,1.0,148.94,60.29227219366069,0.0,10147.041136242806,550.152805717186
2025-07-26 09:00:00,793.3,766.1,409.64,1035.86,62.66,143.38,13.23,153.1,27.199999999999932,3.5504503328547097,1.0,80.72,56.29794950481239,1.0,10327.047991599135,542.1129437703626
2025-07-26 10:00:00,995.54,1076.53,534.12,1160.65,58.39,108.06,19.23,109.55,80.99000000000001,7.523245984784448,1.0,49.67,45.96520451600962,1.0,10404.493840680532,529.5020080359435
2025-07-26 11:00:00,1076.5,1364.67,668.2,1143.19,57.53,91.05,28.88,96.7,288.1700000000001,21.116460389691287,0.0,33.519999999999996,36.814936847885775,1.0,10452.913209270317,516.1353229548109
2025-07-26 12:00:00,1177.91,1374.51,764.77,1233.96,67.99,77.95,24.66,134.55,196.5999999999999,14.303278986693432,0.0,9.960000000000008,12.777421423989747,1.0,10411.134729670415,499.219818026568
2025-07-26 13:00:00,1197.8,1379.22,923.84,1267.78,84.05,66.08,33.73,159.57,181.42000000000007,13.153811574658144,0.0,17.97,27.19430992736077,1.0,10373.416039586746,477.7615586216035
2025-07-26 14:00:00,1223.31,1316.11,1074.19,1252.27,100.39,75.66,43.5,164.58,92.79999999999995,7.051082356337993,0.0,24.730000000000004,32.685699180544546,1.0,10445.811033763377,460.07463889464407
2025-07-26 15:00:00,1198.43,1363.31,1076.35,1232.57,115.99,121.57,54.19,181.16,164.87999999999988,12.094094519955101,0.0,5.579999999999998,4.589948178004441,1.0,10550.798776814123,449.0427541230477
2025-07-26 16:00:00,1119.96,1287.69,927.21,1222.23,142.69,185.0,70.46,262.24,167.73000000000002,13.025650583603197,0.0,42.31,22.87027027027027,1.0,10662.002873537354,438.2314968920491
2025-07-26 17:00:00,995.82,1189.35,736.75,1146.43,194.0,348.73,110.67,278.49,193.52999999999986,16.271913229915487,0.0,154.73000000000002,44.369569581051245,0.0,10542.906011704768,424.2088187862564
2025-07-26 19:00:00,372.08,580.04,229.37,510.94,421.24,909.92,250.91,692.5,207.95999999999998,35.85269981380594,0.0,488.67999999999995,53.705820291893794,0.0,10378.782992063723,407.68682837059634
2025-07-26 20:00:00,89.73,108.43,53.17,126.56,628.85,1207.41,473.19,1203.78,18.700000000000003,17.246149589596975,1.0,578.5600000000001,47.91744312205465,0.0,10369.032400069067,405.5932789583572
2025-07-26 21:00:00,1.96,14.52,0.83,3.92,856.8,1607.54,660.98,1735.5,12.559999999999999,86.50137741046832,0.0,750.74,46.70117073292111,1.0,10149.349405199777,399.9920580715566
2025-07-26 22:00:00,0.0,0.0,0.0,0.0,900.72,1690.53,720.35,1968.38,0.0,,1.0,789.81,46.71966779648986,1.0,9980.67842359163,400.2503603438383
2025-07-26 23:00:00,0.0,0.0,0.0,0.0,851.44,1428.6,528.92,1606.04,0.0,,1.0,577.1599999999999,40.40039199216015,1.0,9760.139263417786,403.73050110142464
2025-07-27 00:00:00,0.0,0.0,0.0,0.0,827.61,1488.93,285.75,1520.35,0.0,,1.0,661.32,44.41578851927223,1.0,9572.506901854438,407.819705819544
2025-07-27 01:00:00,0.0,0.0,0.0,0.0,802.6,1223.77,413.75,1492.91,0.0,,1.0,421.16999999999996,34.41578074311349,1.0,9606.385711718358,406.5237756545182
2025-07-27 02:00:00,0.0,0.0,0.0,0.0,706.12,897.65,268.8,1313.16,0.0,,1.0,191.52999999999997,21.33682392914833,1.0,9600.706126157847,405.6443122503061
2025-07-27 03:00:00,0.0,0.0,0.0,0.0,620.69,718.53,229.4,1061.17,0.0,,1.0,97.83999999999992,13.616689630217238,1.0,9619.744209151815,400.05435938781807
2025-07-27 04:00:00,0.0,0.0,0.0,0.0,533.38,320.5,203.26,902.12,0.0,,1.0,212.88,66.42121684867395,1.0,9754.231017203645,388.58488691339875
2025-07-27 05:00:00,1.16,0.23,0.58,2.11,391.06,202.73,182.93,600.35,0.9299999999999999,404.34782608695645,0.0,188.33,92.89695654318552,1.0,9673.622295649686,377.6708841786521
2025-07-27 06:00:00,56.43,58.25,31.41,112.12,316.07,415.47,169.58,549.18,1.8200000000000003,3.1244635193133052,1.0,99.40000000000003,23.924711772209793,1.0,9693.999105328305,372.7751922118861
2025-07-27 07:00:00,248.07,309.19,159.68,448.01,253.39,331.14,166.81,498.47,61.120000000000005,19.76778032924739,1.0,77.75,23.47949507761068,1.0,9906.17763356866,371.7381699489991
2025-07-27 08:00:00,478.02,595.22,314.06,795.72,207.68,173.31,140.43,457.14,117.20000000000005,19.6901985820369,1.0,34.370000000000005,19.83151578097052,1.0,10131.748700864431,371.69921705973377
2025-07-27 09:00:00,581.44,809.14,433.12,893.85,239.36,134.37,117.17,507.59,227.69999999999993,28.140989198408178,1.0,104.99000000000001,78.13500037210687,1.0,10225.584541155846,369.7819124361837
2025-07-27 10:00:00,689.12,761.16,604.79,890.55,349.27,163.47,101.73,740.41,72.03999999999996,9.46450155026538,1.0,185.79999999999998,113.65999877653393,1.0,10412.881627315659,370.0731682610278
2025-07-27 11:00:00,808.15,1016.35,738.42,1006.26,449.3,210.05,84.98,794.28,208.20000000000005,20.485069119889808,0.0,239.25,113.9014520352297,1.0,10436.247780458067,369.4235249647451
2025-07-27 12:00:00,857.37,1075.62,692.73,1090.29,511.02,246.79,87.42,738.39,218.2499999999999,20.29062308250125,1.0,264.23,107.06673690181938,1.0,10521.128553536426,373.94121322889384
2025-07-27 13:00:00,896.2,994.24,749.13,1107.23,458.0,307.26,152.52,659.29,98.03999999999996,9.860798197618276,1.0,150.74,49.05942849703834,1.0,10496.35384394089,378.41724329185274
2025-07-27 14:00:00,935.22,1159.24,746.08,1205.93,480.21,416.2,218.77,611.22,224.01999999999998,19.3247299955143,1.0,64.00999999999999,15.379625180201826,1.0,10525.597817050471,381.71776936321515
2025-07-27 15:00:00,921.21,1332.35,699.53,1197.63,558.45,530.95,257.84,714.67,411.1399999999999,30.858257965249365,0.0,27.5,5.179395423297862,1.0,10635.440904940251,386.1804738986514
2025-07-27 16:00:00,870.72,1222.71,682.29,1099.8,610.51,720.64,262.2,855.12,351.99,28.787692911647078,0.0,110.13,15.282249111900533,1.0,10695.253838372604,388.2289606226808
2025-07-27 17:00:00,789.32,626.54,543.38,1022.88,548.53,893.52,281.66,757.34,162.7800000000001,25.98078334982604,1.0,344.99,38.610215775808044,0.0,10737.979442688098,399.12409076571913
2025-07-27 19:00:00,300.3,273.55,207.54,365.95,486.27,882.1,251.11,897.22,26.75,9.7788338512155,1.0,395.83000000000004,44.87359709783472,1.0,10569.859540522491,416.07980375119985
2025-07-27 20:00:00,63.7,104.61,40.18,79.33,526.37,896.53,330.25,872.41,40.91,39.1071599273492,0.0,370.15999999999997,41.28807736495153,0.0,10603.32985368064,423.9590244046191
2025-07-27 21:00:00,1.07,0.29,0.53,1.32,669.25,587.54,425.99,932.32,0.78,268.96551724137936,0.0,81.71000000000004,13.90713823739661,1.0,10552.013400631555,431.16975813901865
2025-07-27 22:00:00,0.0,0.0,0.0,0.0,724.13,420.68,373.57,1054.3,0.0,,1.0,303.45,72.13321289341067,1.0,10212.51991186531,429.0323867566615
2025-07-27 23:00:00,0.0,0.0,0.0,0.0,745.67,326.0,318.18,1138.53,0.0,,1.0,419.66999999999996,128.73312883435582,1.0,9979.540276266664,421.69103119413563
2025-07-28 00:00:00,0.0,0.0,0.0,0.0,603.74,326.0,396.63,1059.15,0.0,,1.0,277.74,85.1963190184049,0.0,9737.87172233423,412.20651706160584
2025-07-28 01:00:00,0.0,0.0,0.0,0.0,461.0,326.0,240.81,872.21,0.0,,1.0,135.0,41.41104294478527,1.0,9697.797067934482,406.7862077047442
2025-07-28 02:00:00,0.0,0.0,0.0,0.0,369.79,326.0,183.15,701.22,0.0,,1.0,43.79000000000002,13.43251533742332,1.0,9631.106781094786,404.84109503632277
2025-07-28 03:00:00,,0.0,0.0,0.0,333.57,326.0,172.7,563.01,,,1.0,7.569999999999993,2.32208588957055,1.0,9651.859516436607,402.84052329228945
2025-07-28 04:00:00,0.0,0.0,0.0,0.0,274.84,326.0,144.89,514.5,0.0,,1.0,51.160000000000025,15.69325153374234,1.0,9749.809756305003,403.0613797979329
2025-07-28 05:00:00,0.51,0.0,0.33,0.92,239.03,326.0,104.94,397.55,0.51,,0.0,86.97,26.677914110429445,1.0,9974.9943969302,389.9465061616981
2025-07-28 06:00:00,27.01,0.0,16.51,91.01,213.39,326.0,85.25,352.53,27.01,,0.0,112.61000000000001,34.54294478527608,1.0,10326.21401797505,373.34421771615956
2025-07-28 07:00:00,123.33,0.0,71.91,355.5,167.76,326.0,44.72,394.79,123.33,,0.0,158.24,48.5398773006135,1.0,10581.047156468041,371.4345778929764
2025-07-28 08:00:00,249.54,0.0,185.68,493.91,137.18,326.0,24.86,307.63,249.54,,0.0,188.82,57.920245398773005,0.0,10713.354866727917,380.08397769081483
2025-07-28 09:00:00,349.49,0.0,274.12,523.66,128.0,326.0,13.22,249.02,349.49,,0.0,198.0,60.73619631901841,0.0,10882.227093817823,397.2780990516075
2025-07-28 10:00:00,472.47,0.0,334.01,617.87,91.34,326.0,17.9,275.03,472.47,,0.0,234.66,71.98159509202455,0.0,11009.190769996634,420.4307322910728
2025-07-28 11:00:00,666.77,0.0,549.2,775.76,91.2,326.0,27.65,270.51,666.77,,0.0,234.8,72.02453987730063,0.0,11108.436981075434,447.3722657552665
2025-07-28 12:00:00,817.58,0.0,621.26,943.2,86.46,326.0,35.25,221.17,817.58,,0.0,239.54000000000002,73.47852760736197,0.0,11145.69849537962,472.9853741271198
2025-07-28 13:00:00,923.49,0.0,741.4,986.72,89.11,326.0,32.82,150.62,923.49,,0.0,236.89,72.66564417177915,0.0,11105.144802802553,493.56194702132564
2025-07-28 14:00:00,1000.6,0.0,806.99,1143.26,94.63,326.0,32.87,175.06,1000.6,,0.0,231.37,70.97239263803681,0.0,11061.101464322674,509.5515472205606
2025-07-28 15:00:00,1001.78,0.0,748.57,1211.36,137.25,326.0,49.41,240.73,1001.78,,0.0,188.75,57.898773006134974,0.0,11084.037797715051,524.2796382025081
2025-07-28 16:00:00,943.94,0.0,697.11,1121.33,164.37,326.0,77.69,230.11,943.94,,0.0,161.63,49.579754601226995,0.0,11144.17103941357,540.108867131555
2025-07-28 17:00:00,822.01,0.0,468.59,1053.59,214.79,326.0,75.65,364.45,822.01,,0.0,111.21000000000001,34.11349693251534,1.0,11157.791764205082,554.8346350034591
2025-07-28 19:00:00,296.22,0.0,168.46,486.09,337.63,326.0,171.5,662.88,296.22,,0.0,11.629999999999995,3.567484662576686,1.0,11075.229237387164,581.850880754035
2025-07-28 20:00:00,65.07,0.0,34.37,118.82,538.78,326.0,286.41,1225.05,65.07,,0.0,212.77999999999997,65.26993865030674,1.0,10963.793381295804,587.7057193171589
2025-07-28 21:00:00,1.09,0.0,0.65,2.13,690.79,326.0,373.9,1497.76,1.09,,0.0,364.78999999999996,111.89877300613496,0.0,10742.952954560944,588.7062960107199
2025-07-28 22:00:00,0.0,0.0,0.0,0.0,741.48,326.0,358.51,1428.56,0.0,,1.0,415.48,127.4478527607362,0.0,10384.592769327925,585.0656223458383
2025-07-28 23:00:00,0.0,0.0,0.0,0.0,899.27,326.0,433.62,1665.88,0.0,,1.0,573.27,175.84969325153375,0.0,10089.64278631974,580.5031778991249
2025-07-29 00:00:00,0.0,0.0,0.0,0.0,968.26,326.0,344.85,2107.98,0.0,,1.0,642.26,197.01226993865032,0.0,9743.312702160618,580.1559334994072
2025-07-29 01:00:00,0.0,0.0,0.0,0.0,931.71,326.0,283.99,2165.3,0.0,,1.0,605.71,185.80061349693253,1.0,9670.170988844857,582.0327697287578
2025-07-29 02:00:00,0.0,0.0,0.0,0.0,775.22,326.0,215.45,1897.36,0.0,,1.0,449.22,137.79754601226995,1.0,9602.684749564165,584.0968664713156
2025-07-29 03:00:00,0.0,0.0,0.0,0.0,574.81,326.0,173.3,1158.74,0.0,,1.0,248.80999999999995,76.32208588957053,1.0,9671.747058134928,582.72024342412
2025-07-29 04:00:00,0.0,0.0,0.0,0.0,437.74,326.0,161.7,567.63,0.0,,1.0,111.74000000000001,34.2760736196319,1.0,9773.27410541922,581.2653324251327
2025-07-29 05:00:00,1.22,0.0,0.63,4.17,427.64,326.0,190.59,588.11,1.22,,0.0,101.63999999999999,31.177914110429445,1.0,9977.336765160924,581.1574111883092
2025-07-29 06:00:00,72.22,0.0,37.05,161.98,458.99,326.0,163.24,640.71,72.22,,0.0,132.99,40.79447852760737,1.0,10282.067442610165,582.1047221230771
2025-07-29 07:00:00,324.89,0.0,190.36,692.67,344.26,326.0,152.44,606.0,324.89,,0.0,18.25999999999999,5.601226993865028,1.0,10499.901544368453,582.3962685627711
2025-07-29 08:00:00,603.22,0.0,395.29,1208.51,215.01,326.0,99.24,407.84,603.22,,0.0,110.99000000000001,34.04601226993865,1.0,10723.954130483791,582.5003399608723
2025-07-29 09:00:00,774.69,0.0,539.17,1435.1,133.29,326.0,70.81,236.43,774.69,,0.0,192.71,59.11349693251534,0.0,10942.17252937227,583.9464986140281
2025-07-29 10:00:00,888.05,0.0,612.04,1514.76,131.3,326.0,51.76,223.14,888.05,,0.0,194.7,59.7239263803681,0.0,11121.933028917974,587.9067333247274
2025-07-29 11:00:00,1041.87,0.0,832.34,1521.2,132.57,326.0,50.81,210.82,1041.87,,0.0,193.43,59.334355828220865,0.0,11268.355176097411,594.8497101407942
2025-07-29 12:00:00,1152.06,0.0,914.52,1476.57,135.47,326.0,62.51,176.26,1152.06,,0.0,190.53,58.44478527607362,0.0,11302.253780990306,601.8969633428492
2025-07-29 13:00:00,1222.64,0.0,1029.19,1415.44,123.62,326.0,53.66,188.99,1222.64,,0.0,202.38,62.07975460122699,0.0,11342.80157456709,612.3013626262483
2025-07-29 14:00:00,1292.25,0.0,1107.57,1458.03,119.8,326.0,45.94,234.11,1292.25,,0.0,206.2,63.25153374233129,0.0,11429.3921881602,628.3048764051634
2025-07-29 15:00:00,1325.31,0.0,1218.45,1467.86,125.14,326.0,43.21,267.55,1325.31,,0.0,200.86,61.613496932515346,0.0,11434.876224904616,643.1614920915036
2025-07-29 16:00:00,1273.44,0.0,1228.3,1445.66,152.34,326.0,49.96,293.64,1273.44,,0.0,173.66,53.26993865030675,0.0,11170.933318089343,644.0824266913623
2025-07-29 17:00:00,1148.71,0.0,1052.77,1345.66,218.22,326.0,63.45,338.65,1148.71,,0.0,107.78,33.061349693251536,1.0,11162.585074033796,644.2478735844561
2025-07-29 19:00:00,458.93,0.0,322.43,605.85,370.58,326.0,244.79,620.21,458.93,,0.0,44.579999999999984,13.674846625766865,1.0,10528.827343405004,627.2087293630791
2025-07-29 20:00:00,104.39,0.0,72.42,149.34,575.15,326.0,411.48,932.98,104.39,,0.0,249.14999999999998,76.42638036809815,0.0,10856.848285100816,624.9443185425771
2025-07-29 21:00:00,1.82,0.0,0.77,3.55,816.11,326.0,615.94,1301.15,1.82,,0.0,490.11,150.340490797546,0.0,10614.282264077017,624.2447917771485
2025-07-29 22:00:00,0.0,0.0,0.0,0.0,1070.31,326.0,734.5,1681.54,0.0,,1.0,744.31,228.3159509202454,0.0,9977.09728987453,635.7331177005526
2025-07-29 23:00:00,0.0,0.0,0.0,0.0,1247.93,326.0,804.73,1871.14,0.0,,1.0,921.9300000000001,282.80061349693256,0.0,9884.856438320412,643.9342439520079
2025-07-30 00:00:00,0.0,0.0,0.0,0.0,1360.33,326.0,866.9,2030.98,0.0,,1.0,1034.33,317.27914110429447,0.0,9866.425624208425,637.5012729366246
2025-07-30 01:00:00,0.0,0.0,0.0,0.0,1385.67,326.0,859.9,1926.88,0.0,,1.0,1059.67,325.05214723926383,0.0,9840.026575452735,627.8609430096263
2025-07-30 02:00:00,0.0,0.0,0.0,0.0,1363.87,326.0,780.89,1750.18,0.0,,1.0,1037.87,318.3650306748466,0.0,9835.840664072235,613.6513968899009
2025-07-30 03:00:00,0.0,0.0,0.0,0.0,1477.83,326.0,1050.6,1793.3,0.0,,1.0,1151.83,353.32208588957053,0.0,9837.515530749692,603.6683588799576
2025-07-30 04:00:00,0.0,0.0,0.0,0.0,1482.78,326.0,937.42,1814.69,0.0,,1.0,1156.78,354.84049079754595,0.0,9937.187437508255,594.7561852243406
2025-07-30 05:00:00,2.29,0.0,1.37,4.33,1528.37,326.0,803.46,2045.5,2.29,,0.0,1202.37,368.8251533742331,0.0,10152.436969500714,587.7160235529367
2025-07-30 06:00:00,131.28,0.0,115.89,159.49,1495.8,326.0,589.98,1976.56,131.28,,0.0,1169.8,358.83435582822085,0.0,10482.920493487765,584.1843250708547
2025-07-30 07:00:00,568.63,0.0,523.16,676.22,1314.57,326.0,526.92,2043.09,568.63,,0.0,988.5699999999999,303.2423312883435,0.0,10748.77962069648,584.1010963206558
2025-07-30 08:00:00,1043.03,0.0,980.55,1188.68,947.06,326.0,318.92,1616.71,1043.03,,0.0,621.06,190.5092024539877,1.0,10987.326364409493,588.3230369620418
2025-07-30 09:00:00,1306.26,0.0,1241.42,1429.25,681.29,326.0,242.47,1209.96,1306.26,,0.0,355.28999999999996,108.98466257668711,1.0,11313.671132782267,601.2276096534363
2025-07-30 10:00:00,1457.0,0.0,1423.84,1538.37,694.62,326.0,260.33,1266.6,1457.0,,0.0,368.62,113.07361963190183,1.0,11538.488770733691,620.8218381164976
2025-07-30 11:00:00,1515.13,0.0,1501.76,1584.69,787.7,326.0,291.76,1262.51,1515.13,,0.0,461.70000000000005,141.62576687116567,1.0,11662.394595980923,641.9682360298834
2025-07-30 12:00:00,1481.58,0.0,1464.04,1553.51,787.98,326.0,269.23,1243.36,1481.58,,0.0,461.98,141.7116564417178,1.0,11717.847973739828,664.2984100533649
2025-07-30 13:00:00,1474.69,0.0,1453.36,1544.93,671.09,326.0,276.59,970.52,1474.69,,0.0,345.09000000000003,105.85582822085891,1.0,11554.956287174751,674.3982669084653
2025-07-30 14:00:00,1464.94,0.0,1443.62,1516.43,591.15,326.0,226.33,854.51,1464.94,,0.0,265.15,81.33435582822085,1.0,11450.059388310065,675.3554463907999
2025-07-30 15:00:00,1443.54,0.0,1325.11,1494.78,535.32,326.0,224.25,878.14,1443.54,,0.0,209.32000000000005,64.20858895705524,1.0,11428.768430222774,675.075939956594
2025-07-30 16:00:00,1382.75,0.0,1152.43,1411.59,530.35,326.0,237.19,851.65,1382.75,,0.0,204.35000000000002,62.68404907975461,1.0,11488.549177842438,687.2824780100759
2025-07-30 17:00:00,1234.6,0.0,945.71,1295.02,547.99,326.0,257.32,777.57,1234.6,,0.0,221.99,68.09509202453988,1.0,11342.098999863809,693.0990560303935
2025-07-30 19:00:00,472.93,0.0,422.86,582.76,962.03,326.0,629.99,1333.46,472.93,,0.0,636.03,195.10122699386503,0.0,10844.071431582197,693.0365825964534
2025-07-30 20:00:00,105.15,0.0,92.46,139.57,1435.69,326.0,1036.0,1995.12,105.15,,0.0,1109.69,340.3957055214724,0.0,10816.468859649607,692.8480239525541
2025-07-30 21:00:00,1.34,0.0,0.5,2.6,2019.02,326.0,1570.43,2547.91,1.34,,0.0,1693.02,519.3312883435583,0.0,10492.925842047714,694.4094268920464
2025-07-30 22:00:00,0.0,0.0,0.0,0.0,2429.91,326.0,1913.07,2868.23,0.0,,1.0,2103.91,645.3711656441717,0.0,10631.088896920664,675.0637251051705
2025-07-30 23:00:00,0.0,0.0,0.0,0.0,2603.43,326.0,2133.59,3004.58,0.0,,1.0,2277.43,698.5981595092024,0.0,10538.78977645735,649.9413099174983
2025-07-31 00:00:00,0.0,0.0,0.0,0.0,2632.28,326.0,2262.3,3021.95,0.0,,1.0,2306.28,707.4478527607363,0.0,10354.710908441544,626.3056648152632
2025-07-31 01:00:00,0.0,0.0,0.0,0.0,2500.24,326.0,2128.14,2825.93,0.0,,1.0,2174.24,666.9447852760736,0.0,10154.81645482613,607.6650335794926
2025-07-31 02:00:00,0.0,0.0,0.0,0.0,2387.4,326.0,1994.59,2774.25,0.0,,1.0,2061.4,632.3312883435583,0.0,10070.02137811563,592.457684883125
2025-07-31 03:00:00,0.0,0.0,0.0,0.0,2223.0,326.0,1839.79,2579.29,0.0,,1.0,1897.0,581.9018404907976,0.0,10023.627566555258,579.6533909341347
2025-07-31 04:00:00,0.0,0.0,0.0,0.0,1965.8,326.0,1670.73,2266.33,0.0,,1.0,1639.8,503.0061349693251,0.0,10120.289054798102,568.0433845475703
2025-07-31 05:00:00,2.61,0.0,1.12,5.46,1747.6,326.0,1468.23,1985.59,2.61,,0.0,1421.6,436.0736196319018,0.0,10272.478435994071,561.951401627723
2025-07-31 06:00:00,156.13,0.0,135.71,181.41,1555.03,326.0,1239.36,1768.29,156.13,,0.0,1229.03,377.00306748466255,0.0,10580.54804124022,559.3413746180471
2025-07-31 07:00:00,610.13,0.0,551.09,703.34,1278.02,326.0,975.49,1794.85,610.13,,0.0,952.02,292.03067484662574,0.0,10752.31748791159,559.3061644950135
2025-07-31 08:00:00,1127.51,0.0,1061.82,1241.59,879.36,326.0,621.76,1287.59,1127.51,,0.0,553.36,169.74233128834356,0.0,10842.8062784287,558.8630908530322
2025-07-31 09:00:00,1385.79,0.0,1313.83,1469.06,567.33,326.0,420.67,916.47,1385.79,,0.0,241.33000000000004,74.0276073619632,0.0,11055.972976434665,552.4598912345673
2025-07-31 10:00:00,1495.46,0.0,1380.07,1579.41,501.42,326.0,389.62,944.28,1495.46,,0.0,175.42000000000002,53.809815950920246,0.0,11257.777464401179,540.3515278498263
2025-07-31 11:00:00,1565.12,0.0,1510.57,1620.04,522.94,326.0,396.8,1038.71,1565.12,,0.0,196.94000000000005,60.4110429447853,0.0,11416.952498001601,526.45542725691
2025-07-31 12:00:00,1571.2,0.0,1522.15,1625.72,659.05,326.0,454.55,1126.36,1571.2,,0.0,333.04999999999995,102.16257668711654,0.0,11498.96742443139,512.2917266316947
2025-07-31 13:00:00,1561.43,0.0,1501.93,1618.8,719.77,326.0,433.14,903.2,1561.43,,0.0,393.77,120.78834355828221,0.0,11585.046444719657,514.1742742465135
2025-07-31 14:00:00,1537.46,0.0,1485.02,1618.52,738.79,326.0,428.56,937.94,1537.46,,0.0,412.78999999999996,126.62269938650306,0.0,11593.442972840783,522.4332859502272
2025-07-31 15:00:00,1518.86,0.0,1476.86,1611.32,721.94,326.0,416.13,959.84,1518.86,,0.0,395.94000000000005,121.45398773006137,0.0,11582.917298267525,530.89015323362
2025-07-31 16:00:00,1445.1,0.0,1409.74,1555.36,777.5,326.0,440.88,1107.77,1445.1,,0.0,451.5,138.49693251533745,0.0,11121.441713993061,516.6238274824459
2025-07-31 17:00:00,1307.79,0.0,1256.47,1429.1,860.48,326.0,484.16,1326.81,1307.79,,0.0,534.48,163.95092024539878,0.0,11013.21560125784,506.694225900454
2025-07-31 19:00:00,479.54,0.0,430.05,579.72,1260.2,326.0,760.67,1953.3,479.54,,0.0,934.2,286.5644171779141,0.0,11049.550355289774,508.7207678703461
2025-07-31 20:00:00,113.99,0.0,96.39,142.77,1636.07,326.0,1131.69,2463.2,113.99,,0.0,1310.07,401.86196319018404,0.0,11147.199164138883,512.9920652102087
2025-07-31 21:00:00,1.33,0.0,0.65,2.19,2030.75,326.0,1544.67,2789.74,1.33,,0.0,1704.75,522.9294478527607,0.0,11009.900709642536,508.75347338387365
2025-07-31 22:00:00,0.0,0.0,0.0,0.0,2248.26,326.0,1728.74,2924.87,0.0,,1.0,1922.2600000000002,589.6503067484663,0.0,10977.423119706296,506.93053768146933
2025-07-31 23:00:00,0.0,0.0,0.0,0.0,2302.78,326.0,1723.32,2898.41,0.0,,1.0,1976.7800000000002,606.3742331288344,0.0,,
