DT,SOLAR_FORECAST,SOLAR_ACTUAL,SOLAR_MIN,SOLAR_MAX,WIND_FORECAST,WIND_ACTUAL,WIND_MIN,WIND_MAX,SOLAR_AE,SOLAR_APE_%,SOLAR_IN_RANGE,WIND_AE,WIND_APE_%,WIND_IN_RANGE,TOTAL_SUPPLY_MW,ROLLING_STD_24H
2025-08-01 00:00:00,0.0,0.0,0.0,0.0,2333.23,326.0,1816.05,2854.48,0.0,,1.0,2007.23,615.7147239263803,0.0,10537.550991735476,
2025-08-01 01:00:00,0.0,0.0,0.0,0.0,2272.18,326.0,1807.75,2853.07,0.0,,1.0,1946.1799999999998,596.9877300613496,0.0,10446.234318401308,
2025-08-01 02:00:00,0.0,0.0,0.0,0.0,2131.64,326.0,1676.14,2791.74,0.0,,1.0,1805.6399999999999,553.8773006134969,0.0,10405.075101975335,
2025-08-01 03:00:00,0.0,0.0,0.0,0.0,1977.93,326.0,1452.42,2397.23,0.0,,1.0,1651.93,506.72699386503075,0.0,10330.069489486888,
2025-08-01 04:00:00,0.0,0.0,0.0,0.0,1769.08,326.0,1337.29,2185.02,0.0,,1.0,1443.08,442.66257668711654,0.0,10382.600833072729,
2025-08-01 05:00:00,2.34,0.0,1.31,5.06,1618.99,326.0,1243.44,2024.22,2.34,,0.0,1292.99,396.62269938650303,0.0,10506.076961003058,
2025-08-01 06:00:00,141.77,0.0,117.24,174.01,1491.62,326.0,1042.83,1794.31,141.77,,0.0,1165.62,357.5521472392638,0.0,10577.114396814513,
2025-08-01 07:00:00,575.29,0.0,530.92,651.3,1107.22,326.0,612.47,1408.45,575.29,,0.0,781.22,239.63803680981596,0.0,10792.63261017633,
2025-08-01 08:00:00,1111.57,0.0,1042.58,1189.81,627.15,326.0,283.67,918.56,1111.57,,0.0,301.15,92.37730061349693,1.0,11018.136786898192,
2025-08-01 09:00:00,1356.2,0.0,1297.57,1435.23,347.27,326.0,210.99,549.36,1356.2,,0.0,21.269999999999982,6.524539877300609,1.0,11170.315664810349,
2025-08-01 10:00:00,1479.15,0.0,1430.06,1530.79,299.55,326.0,193.04,445.82,1479.15,,0.0,26.44999999999999,8.113496932515334,1.0,11378.212692022485,
2025-08-01 11:00:00,1521.53,0.0,1477.15,1562.83,375.33,326.0,253.57,548.96,1521.53,,0.0,49.329999999999984,15.131901840490794,1.0,11619.710360957935,
2025-08-01 12:00:00,1500.72,0.0,1471.57,1557.84,522.1,326.0,321.94,1038.5,1500.72,,0.0,196.10000000000002,60.153374233128844,1.0,11745.972622303023,
2025-08-01 13:00:00,1454.34,0.0,1379.67,1546.59,573.17,326.0,339.53,1221.15,1454.34,,0.0,247.16999999999996,75.81901840490796,0.0,11504.330720744265,
2025-08-01 14:00:00,1421.22,0.0,1343.59,1546.75,620.43,326.0,355.09,1088.48,1421.22,,0.0,294.42999999999995,90.31595092024538,0.0,11293.339445339338,
2025-08-01 15:00:00,1378.94,0.0,1254.67,1523.52,712.19,326.0,384.43,1260.39,1378.94,,0.0,386.19000000000005,118.4631901840491,0.0,11205.223228728353,
2025-08-01 16:00:00,1278.06,0.0,1125.76,1465.23,816.76,326.0,417.81,1554.5,1278.06,,0.0,490.76,150.53987730061348,0.0,11195.206287770354,
2025-08-01 17:00:00,1084.11,0.0,915.9,1266.49,692.56,326.0,451.41,988.23,1084.11,,0.0,366.55999999999995,112.44171779141104,0.0,10911.008091537005,
2025-08-01 19:00:00,422.66,0.0,322.1,467.64,689.15,326.0,545.36,1459.37,422.66,,0.0,363.15,111.39570552147238,0.0,10481.558001090905,
2025-08-01 20:00:00,94.59,0.0,69.42,103.68,827.18,326.0,673.28,1838.41,94.59,,0.0,501.17999999999995,153.73619631901838,0.0,10567.961491813117,
2025-08-01 21:00:00,0.83,0.0,0.59,1.16,1034.57,326.0,839.53,2095.2,0.83,,0.0,708.5699999999999,217.3527607361963,0.0,10494.317405195174,
2025-08-01 22:00:00,0.0,0.0,0.0,0.0,1151.45,326.0,859.22,1878.63,0.0,,1.0,825.45,253.20552147239263,0.0,10415.645353238082,435.5048778146628
2025-08-01 23:00:00,0.0,0.0,0.0,0.0,1143.14,326.0,911.53,1517.51,0.0,,1.0,817.1400000000001,250.65644171779144,0.0,10290.03874626382,450.64243374259615
2025-08-02 00:00:00,0.0,0.0,0.0,0.0,1023.43,326.0,980.15,1448.42,0.0,,1.0,697.43,213.93558282208588,0.0,10365.57741336911,456.884611295296
2025-08-02 01:00:00,0.0,0.0,0.0,0.0,864.96,326.0,532.56,1865.7,0.0,,1.0,538.96,165.32515337423314,0.0,10304.58115124436,462.89016244999607
2025-08-02 02:00:00,0.0,0.0,0.0,0.0,763.37,326.0,379.38,1531.09,0.0,,1.0,437.37,134.16257668711657,0.0,9630.220556317949,517.012143044164
2025-08-02 03:00:00,0.0,0.0,0.0,0.0,665.8,326.0,421.81,1179.27,0.0,,1.0,339.79999999999995,104.23312883435581,0.0,9539.619205524805,569.9589899785747
2025-08-02 04:00:00,0.0,0.0,0.0,0.0,643.99,326.0,388.12,1087.39,0.0,,1.0,317.99,97.54294478527608,0.0,9645.022685843585,609.4660774591179
2025-08-02 05:00:00,1.47,0.0,0.43,3.43,682.42,326.0,341.78,1124.27,1.47,,0.0,356.41999999999996,109.33128834355827,0.0,9761.325105842692,639.322801550088
2025-08-02 06:00:00,113.65,0.0,49.62,160.76,651.19,326.0,288.64,1159.47,113.65,,0.0,325.19000000000005,99.7515337423313,1.0,10106.144764299537,650.1993562590565
2025-08-02 07:00:00,478.36,0.0,259.4,632.13,602.51,326.0,261.6,1083.97,478.36,,0.0,276.51,84.81901840490798,1.0,10197.329298902834,656.8098725108852
2025-08-02 08:00:00,897.78,0.0,512.13,1161.19,377.86,326.0,181.55,801.18,897.78,,0.0,51.860000000000014,15.907975460122703,1.0,10398.738403670795,653.8569995286772
2025-08-02 09:00:00,1035.76,0.0,783.98,1438.95,254.96,326.0,91.86,534.87,1035.76,,0.0,71.03999999999999,21.791411042944784,1.0,10527.66956180043,643.575682684771
2025-08-02 10:00:00,1073.41,0.0,873.07,1530.96,261.89,326.0,92.03,558.21,1073.41,,0.0,64.11000000000001,19.665644171779146,1.0,10850.556979583025,624.4529397801083
2025-08-02 11:00:00,989.39,0.0,591.3,1572.99,282.09,326.0,96.05,578.77,989.39,,0.0,43.910000000000025,13.469325153374239,1.0,11131.500285936841,596.2532333102366
2025-08-02 12:00:00,987.52,0.0,647.83,1472.29,324.62,326.0,131.97,680.36,987.52,,0.0,1.3799999999999955,0.42331288343558143,1.0,11222.69375024933,559.2096391623094
2025-08-02 13:00:00,947.85,0.0,585.96,1336.12,386.43,326.0,75.95,922.17,947.85,,0.0,60.43000000000001,18.53680981595092,1.0,11169.327414821126,537.6702205143763
2025-08-02 14:00:00,906.14,0.0,539.59,1334.62,414.53,326.0,99.41,911.93,906.14,,0.0,88.52999999999997,27.156441717791402,1.0,11027.190607570486,523.5604290818761
2025-08-02 15:00:00,860.98,0.0,526.08,1241.38,417.19,326.0,187.11,871.67,860.98,,0.0,91.19,27.97239263803681,1.0,10983.765125412974,512.5690740771339
2025-08-02 16:00:00,752.15,0.0,438.64,1181.2,548.09,326.0,194.94,1029.09,752.15,,0.0,222.09000000000003,68.12576687116565,1.0,10794.440262596587,495.1155360118242
2025-08-02 17:00:00,576.77,0.0,355.62,1092.82,620.13,326.0,217.9,1190.66,576.77,,0.0,294.13,90.22392638036808,1.0,10793.8518516274,491.2623407184709
2025-08-02 19:00:00,188.16,0.0,142.41,404.4,783.94,326.0,501.58,1261.36,188.16,,0.0,457.94000000000005,140.47239263803684,0.0,10426.875450726968,489.6075100501387
2025-08-02 20:00:00,38.2,0.0,24.93,79.67,972.93,326.0,608.33,1907.93,38.2,,0.0,646.93,198.44478527607362,0.0,10472.92381625637,489.1738116811644
2025-08-02 21:00:00,0.33,0.0,0.21,0.48,1142.11,326.0,713.46,1921.93,0.33,,0.0,816.1099999999999,250.34049079754598,0.0,10396.725119586761,489.3432941723428
2025-08-02 22:00:00,0.0,0.0,0.0,0.0,1201.8,326.0,789.78,1700.37,0.0,,1.0,875.8,268.6503067484662,0.0,10371.853295236966,489.60924012211456
2025-08-02 23:00:00,0.0,0.0,0.0,0.0,1191.17,326.0,806.16,2146.47,0.0,,1.0,865.1700000000001,265.3895705521473,0.0,10417.686200851616,488.3607312999009
2025-08-03 00:00:00,0.0,0.0,0.0,0.0,1114.91,326.0,517.65,1927.06,0.0,,1.0,788.9100000000001,241.99693251533745,0.0,10041.110953190964,495.7125906187409
2025-08-03 01:00:00,0.0,0.0,0.0,0.0,1057.86,326.0,488.8,1749.47,0.0,,1.0,731.8599999999999,224.4969325153374,0.0,9895.757534393026,507.90890036840807
2025-08-03 02:00:00,0.0,0.0,0.0,0.0,1027.69,326.0,547.47,1657.35,0.0,,1.0,701.69,215.2423312883436,0.0,9698.180484590439,503.39076598296515
2025-08-03 03:00:00,0.0,0.0,0.0,0.0,1028.95,326.0,508.37,1637.47,0.0,,1.0,702.95,215.62883435582822,0.0,9651.632040534752,495.1431964646496
2025-08-03 04:00:00,0.0,0.0,0.0,0.0,1052.42,326.0,470.02,1608.19,0.0,,1.0,726.4200000000001,222.82822085889572,0.0,9763.604088473841,487.3597825656829
2025-08-03 05:00:00,0.27,0.0,0.21,0.53,909.08,326.0,568.99,1161.1,0.27,,0.0,583.08,178.8588957055215,0.0,9818.09008185424,484.0065159119573
2025-08-03 06:00:00,32.88,0.0,23.66,43.09,915.48,326.0,626.24,1129.26,32.88,,0.0,589.48,180.82208588957056,0.0,9821.889959244674,496.1325687253199
2025-08-03 07:00:00,173.73,0.0,141.21,289.03,838.72,326.0,618.04,1899.6,173.73,,0.0,512.72,157.27607361963192,0.0,9690.543725256357,517.2000091171577
2025-08-03 08:00:00,339.36,0.0,243.19,500.09,771.67,326.0,592.92,1789.34,339.36,,0.0,445.66999999999996,136.7085889570552,0.0,9795.004013657297,532.6205728814607
2025-08-03 09:00:00,474.55,0.0,302.43,597.89,742.1,326.0,518.59,1756.57,474.55,,0.0,416.1,127.63803680981596,0.0,10031.704298698356,536.7599933448566
2025-08-03 10:00:00,533.42,0.0,352.58,641.82,799.51,326.0,387.78,2027.7,533.42,,0.0,473.51,145.24846625766872,0.0,10282.160911373587,527.1806289548742
2025-08-03 11:00:00,627.12,0.0,487.22,764.9,894.02,326.0,278.09,2457.98,627.12,,0.0,568.02,174.23926380368098,1.0,10450.681600982378,500.86570826251193
2025-08-03 12:00:00,689.64,0.0,444.48,931.4,1003.35,326.0,277.64,2804.01,689.64,,0.0,677.35,207.77607361963192,1.0,10570.71674526474,466.25926400603504
2025-08-03 13:00:00,767.77,0.0,474.74,1053.74,1155.15,326.0,282.72,3082.68,767.77,,0.0,829.1500000000001,254.34049079754604,1.0,10620.173398299694,433.7115367169508
2025-08-03 14:00:00,809.91,0.0,399.72,1188.76,1262.89,326.0,411.17,3312.97,809.91,,0.0,936.8900000000001,287.3895705521473,0.0,10330.048874728001,403.04845941086796
2025-08-03 15:00:00,790.27,0.0,380.74,1129.84,1072.7,326.0,525.59,2116.42,790.27,,0.0,746.7,229.04907975460125,0.0,10399.453796326286,372.72855151187866
2025-08-03 16:00:00,763.96,0.0,354.28,1038.73,977.26,326.0,485.34,2212.89,763.96,,0.0,651.26,199.77300613496934,0.0,10196.45935340248,351.8153158034045
2025-08-03 17:00:00,682.33,0.0,315.55,1040.78,892.16,326.0,468.14,2237.24,682.33,,0.0,566.16,173.6687116564417,0.0,10076.723951483817,328.09365612875075
2025-08-03 19:00:00,224.59,0.0,153.82,316.66,727.08,326.0,429.65,1324.38,224.59,,0.0,401.08000000000004,123.03067484662577,0.0,9920.631378760256,307.49901046239074
2025-08-03 20:00:00,45.53,0.0,31.16,61.72,614.9,326.0,323.91,1301.76,45.53,,0.0,288.9,88.61963190184048,1.0,9966.609272248728,299.14321711521546
2025-08-03 21:00:00,0.35,0.0,0.2,0.5,653.05,326.0,412.08,1288.4,0.35,,0.0,327.04999999999995,100.32208588957054,0.0,9955.081961551603,293.24257819626513
2025-08-03 22:00:00,0.0,0.0,0.0,0.0,697.96,326.0,435.09,1116.56,0.0,,1.0,371.96000000000004,114.09815950920246,0.0,9930.049354792112,287.6560549587129
2025-08-03 23:00:00,0.0,0.0,0.0,0.0,740.25,326.0,476.48,1073.62,0.0,,1.0,414.25,127.07055214723925,0.0,9752.375717811046,283.4402772191613
2025-08-04 00:00:00,0.0,0.0,0.0,0.0,793.3,326.0,342.57,1094.18,0.0,,1.0,467.29999999999995,143.34355828220856,0.0,9609.849727681047,296.0649117457751
2025-08-04 01:00:00,0.0,0.0,0.0,0.0,868.02,326.0,282.81,1147.69,0.0,,1.0,542.02,166.2638036809816,1.0,9471.17218798976,315.34457692626705
2025-08-04 02:00:00,0.0,0.0,0.0,0.0,905.04,326.0,370.69,1086.19,0.0,,1.0,579.04,177.61963190184048,0.0,9421.746218038326,331.26196596429077
2025-08-04 03:00:00,0.0,0.0,0.0,0.0,1024.75,326.0,393.04,1599.07,0.0,,1.0,698.75,214.340490797546,0.0,9551.223398831715,336.2177205437507
2025-08-04 04:00:00,0.0,0.0,0.0,0.0,1111.9,326.0,381.24,1729.22,0.0,,1.0,785.9000000000001,241.0736196319019,0.0,9752.414541734963,336.5358341512436
2025-08-04 05:00:00,1.18,0.0,0.42,2.24,1143.76,326.0,366.4,1758.67,1.18,,0.0,817.76,250.84662576687117,0.0,9880.169188340034,335.49247283206086
2025-08-04 06:00:00,114.93,0.0,79.17,151.0,1062.14,326.0,354.5,1686.02,114.93,,0.0,736.1400000000001,225.80981595092027,0.0,10092.464956294803,334.4820479668781
2025-08-04 07:00:00,519.21,0.0,378.73,662.52,808.97,326.0,306.21,1179.75,519.21,,0.0,482.97,148.15030674846628,1.0,10208.925834037947,330.91522586010683
2025-08-04 08:00:00,1035.65,0.0,804.63,1217.33,605.14,326.0,208.49,821.8,1035.65,,0.0,279.14,85.62576687116564,1.0,10392.816816751034,336.23477230453045
2025-08-04 09:00:00,1331.46,0.0,1196.19,1446.86,460.59,326.0,146.99,592.13,1331.46,,0.0,134.58999999999997,41.28527607361963,1.0,10469.099844177623,347.5373633737218
2025-08-04 10:00:00,1453.63,0.0,1403.61,1548.6,416.54,326.0,114.41,664.2,1453.63,,0.0,90.54000000000002,27.77300613496933,1.0,10579.40530561186,360.9723586939457
2025-08-04 11:00:00,1506.29,0.0,1440.29,1563.69,410.78,326.0,199.06,768.16,1506.29,,0.0,84.77999999999997,26.006134969325146,1.0,10631.189143444924,371.0179166065824
2025-08-04 12:00:00,1480.75,0.0,1422.25,1535.64,401.88,326.0,202.31,690.82,1480.75,,0.0,75.88,23.2760736196319,1.0,10808.080175827767,387.56714512962213
2025-08-04 13:00:00,1418.87,1607.23,1376.65,1530.11,381.72,412.49,186.37,590.19,188.36000000000013,11.719542318149868,0.0,30.769999999999982,7.45957477757036,1.0,10713.561898325333,393.5843300976155
2025-08-04 14:00:00,1322.86,1403.05,1179.04,1496.69,388.95,436.67,172.03,634.84,80.19000000000005,5.71540572324579,1.0,47.72000000000003,10.928160853733946,1.0,10596.042016575904,404.23849990455324
2025-08-04 15:00:00,1181.45,1221.59,893.5,1428.97,422.1,534.24,136.64,761.75,40.13999999999987,3.2858815150746055,1.0,112.13999999999999,20.990566037735846,1.0,10537.302019971114,409.60584125865256
2025-08-04 16:00:00,1032.46,1045.16,865.57,1325.95,403.88,802.06,111.25,878.81,12.700000000000045,1.2151249569443956,1.0,398.17999999999995,49.64466498765678,1.0,10375.474634282957,412.9253846328184
2025-08-04 17:00:00,850.07,736.57,690.84,1149.03,381.43,1433.17,121.34,699.95,113.5,15.409261848839892,1.0,1051.74,73.38557184423341,0.0,10192.38278258894,413.14271764028024
2025-08-04 19:00:00,281.9,206.53,218.43,390.47,498.34,1515.41,231.16,732.77,75.36999999999998,36.49348762891588,0.0,1017.0700000000002,67.11517015197208,0.0,9997.978527628278,412.0619654438957
2025-08-04 20:00:00,57.32,83.45,39.09,80.06,596.24,1549.61,184.66,942.32,26.130000000000003,31.312162971839424,0.0,953.3699999999999,61.52322197198005,0.0,10117.292976995317,410.7494270819681
2025-08-04 21:00:00,0.28,0.05,0.16,0.48,737.46,1080.38,281.2,1595.46,0.23000000000000004,460.00000000000006,0.0,342.9200000000001,31.740683833466004,1.0,10093.430522169665,409.19214626739125
2025-08-04 22:00:00,0.0,0.0,0.0,0.0,849.79,860.23,393.87,2101.23,0.0,,1.0,10.440000000000055,1.2136289131976394,1.0,9971.654048075465,408.38107027173123
2025-08-04 23:00:00,0.0,11.32,0.0,0.0,931.95,388.39,412.7,1867.15,11.32,100.0,0.0,543.5600000000001,139.95210999253328,0.0,9834.786876564602,405.3591602339833
2025-08-05 00:00:00,0.0,3.47,0.0,0.0,870.93,333.07,516.13,1794.21,3.47,100.0,0.0,537.8599999999999,161.48557360314646,0.0,9673.011292469755,401.96898829824676
2025-08-05 01:00:00,0.0,0.29,0.0,0.0,724.71,368.18,425.34,2819.19,0.29,100.0,0.0,356.53000000000003,96.83578684339183,0.0,9169.399727549368,427.72948701435195
2025-08-05 02:00:00,0.0,0.0,0.0,0.0,606.26,518.71,250.24,2675.86,0.0,,1.0,87.54999999999995,16.878409901486368,1.0,9203.223470019553,445.38966197500525
2025-08-05 03:00:00,0.0,0.0,0.0,0.0,511.59,658.48,174.93,2044.69,0.0,,1.0,146.89000000000004,22.307435305552186,1.0,9398.022539188649,454.88349405992125
2025-08-05 04:00:00,0.0,0.0,0.0,0.0,519.01,379.86,149.69,1398.13,0.0,,1.0,139.14999999999998,36.63191702206075,1.0,9506.74253805769,465.9798024600827
2025-08-05 05:00:00,0.2,0.0,0.12,0.8,467.79,278.11,120.96,1144.65,0.2,,0.0,189.68,68.20322893818992,1.0,9781.108768258662,468.4694077055395
2025-08-05 06:00:00,47.26,21.09,30.78,105.6,452.27,214.69,130.6,1171.28,26.169999999999998,124.0872451398767,0.0,237.57999999999998,110.66188457776327,1.0,9956.00188223807,469.3750125770674
2025-08-05 07:00:00,335.02,187.79,187.08,451.93,439.17,193.09,158.63,720.56,147.23,78.40140582565631,1.0,246.08,127.4431612201564,1.0,10181.35872932694,469.1125557545022
2025-08-05 08:00:00,659.17,547.76,377.75,893.65,391.29,274.82,173.82,643.75,111.40999999999997,20.339199649481518,1.0,116.47000000000003,42.38046721490431,1.0,10252.06299699441,466.05576721143314
2025-08-05 09:00:00,908.12,893.22,598.18,1105.8,406.71,314.2,133.95,817.94,14.899999999999977,1.6681220751886408,1.0,92.50999999999999,29.443029917250158,1.0,10521.585378119982,468.05067717864364
2025-08-05 10:00:00,1061.45,1186.14,870.72,1185.95,457.83,307.89,166.58,1052.82,124.69000000000005,10.51224981873978,0.0,149.94,48.69921075708857,1.0,10774.366038246597,478.5224026084708
2025-08-05 11:00:00,1165.39,1443.84,826.09,1279.82,496.84,270.75,176.61,1123.53,278.4499999999998,19.28537788120566,0.0,226.08999999999997,83.5050784856879,1.0,10930.886705329456,496.65553090198125
2025-08-05 12:00:00,1233.45,1545.14,1048.78,1361.57,476.75,266.88,178.48,1099.93,311.69000000000005,20.172282123302747,0.0,209.87,78.63833932853717,1.0,11096.43683023937,517.3651269704314
2025-08-05 13:00:00,1256.2,1583.18,1071.89,1369.25,511.36,312.31,213.39,1095.63,326.98,20.653368536742505,0.0,199.05,63.734750728442904,1.0,11224.40383960281,552.152809931452
2025-08-05 14:00:00,1241.75,1464.85,1051.28,1366.3,540.43,406.26,273.98,1102.33,223.0999999999999,15.230228351025696,0.0,134.16999999999996,33.025648599419085,1.0,11150.76734691511,582.7466815898673
2025-08-05 15:00:00,1172.03,1414.05,972.84,1363.76,578.39,464.09,377.16,1128.77,242.01999999999998,17.1153778154945,0.0,114.30000000000001,24.628843543278247,1.0,11172.094253905983,613.9426987123592
2025-08-05 16:00:00,1059.77,1342.98,649.45,1323.98,653.63,404.11,430.05,1144.42,283.21000000000004,21.088177039121955,0.0,249.51999999999998,61.745564326544745,0.0,10989.604968928586,634.3967649152576
2025-08-05 17:00:00,935.2,1141.5,502.32,1207.69,770.1,295.77,579.82,1496.39,206.29999999999995,18.072711344721853,1.0,474.33000000000004,160.3712344051121,0.0,10791.32580633408,645.0689221515363
2025-08-05 19:00:00,321.37,566.01,130.04,445.64,870.85,302.33,531.58,1327.56,244.64,43.22185120404233,0.0,568.52,188.04617470975424,0.0,10099.483982244783,642.907088945788
2025-08-05 20:00:00,63.77,79.54,27.61,88.49,818.54,429.79,605.96,1511.69,15.770000000000003,19.82650238873523,1.0,388.74999999999994,90.45115056190231,0.0,10143.448252922677,642.6713762773105
2025-08-05 21:00:00,0.19,0.17,0.12,0.36,835.3,368.23,593.22,1839.0,0.01999999999999999,11.764705882352935,1.0,467.06999999999994,126.84191945251607,0.0,10076.190864942868,642.880088899136
2025-08-05 22:00:00,0.0,0.0,0.0,0.0,912.13,531.04,631.58,2041.89,0.0,,1.0,381.09000000000003,71.76295570955108,0.0,9939.871205811865,643.5396603113817
2025-08-05 23:00:00,0.0,0.0,0.0,0.0,978.89,627.43,616.17,2028.77,0.0,,1.0,351.46000000000004,56.01581052866457,1.0,9876.476669551403,642.39130349467
2025-08-06 00:00:00,0.0,0.0,0.0,0.0,1148.41,849.51,673.23,2043.94,0.0,,1.0,298.9000000000001,35.184988993655175,1.0,9704.61641445313,641.1586653233963
2025-08-06 01:00:00,0.0,0.0,0.0,0.0,1305.78,1019.6,724.4,2061.43,0.0,,1.0,286.17999999999995,28.06786975284425,1.0,9526.703655961719,618.351526929215
2025-08-06 02:00:00,0.0,0.0,0.0,0.0,1426.31,919.13,721.7,2049.18,0.0,,1.0,507.17999999999995,55.18044237485448,1.0,9446.264012413716,601.7160431839928
2025-08-06 03:00:00,0.0,0.0,0.0,0.0,1435.75,848.44,734.34,2090.49,0.0,,1.0,587.31,69.22233746640892,1.0,9404.479892892137,601.3010738255815
2025-08-06 04:00:00,0.0,0.0,0.0,0.0,1506.8,686.64,774.24,2070.98,0.0,,1.0,820.16,119.44541535593616,0.0,9562.688490662526,598.2313808310103
2025-08-06 05:00:00,0.71,0.0,0.23,1.28,1445.02,698.94,906.18,1926.75,0.71,,0.0,746.0799999999999,106.74449881248746,0.0,9707.75289792979,601.1395934006711
2025-08-06 06:00:00,111.19,66.78,92.39,136.06,1391.66,638.68,935.67,1808.75,44.41,66.50194669062593,0.0,752.9800000000001,117.89628609006077,0.0,10067.311274560165,598.8780879916951
2025-08-06 07:00:00,528.25,343.36,451.88,634.28,1323.98,518.09,921.46,1696.7,184.89,53.84727399813606,0.0,805.89,155.55019398174062,0.0,10280.13004264373,598.406987853887
2025-08-06 08:00:00,1065.69,1126.21,937.83,1206.72,1125.19,442.99,695.98,1489.01,60.51999999999998,5.373775761181306,1.0,682.2,153.99896160184204,0.0,10442.561104675346,599.0277040145376
2025-08-06 09:00:00,1358.57,1512.22,1254.88,1451.24,857.53,271.4,409.24,1305.3,153.6500000000001,10.160558648873847,0.0,586.13,215.96536477523952,0.0,10719.246822376797,603.4571340056333
2025-08-06 10:00:00,1481.77,1623.67,1289.46,1539.15,820.79,388.13,261.35,1455.39,141.9000000000001,8.739460604679527,0.0,432.65999999999997,111.47296009069126,1.0,11007.392967608364,612.9750890125604
2025-08-06 11:00:00,1514.73,1674.13,1267.01,1542.06,942.7,534.06,339.99,1863.5,159.4000000000001,9.521363334985939,0.0,408.6400000000001,76.51574729431154,1.0,11108.863518156251,621.647079887122
2025-08-06 12:00:00,1503.74,1688.07,1220.48,1526.38,1005.0,642.62,476.56,1995.8,184.32999999999993,10.919570870876203,0.0,362.38,56.39102424449908,1.0,11316.75958560807,634.9153544545777
2025-08-06 13:00:00,1444.72,1633.06,1322.43,1512.09,1056.9,730.06,609.09,2008.05,188.33999999999992,11.532950412109777,0.0,326.84000000000015,44.7689231022108,1.0,11344.865381523023,642.6322529088325
2025-08-06 14:00:00,1348.32,1490.26,1227.69,1514.33,1182.56,872.56,778.19,2128.43,141.94000000000005,9.524512501174295,1.0,310.0,35.52764279820299,1.0,11362.001039033334,655.4524946531923
2025-08-06 15:00:00,1171.41,1368.27,1072.2,1458.59,1357.07,1014.66,917.46,2320.91,196.8599999999999,14.387511236817287,1.0,342.40999999999997,33.74627954191551,1.0,11406.321503887384,669.7393287732561
2025-08-06 16:00:00,952.82,1095.45,861.93,1219.62,1521.03,1423.28,1139.45,2419.0,142.63,13.020220000912866,1.0,97.75,6.867938845483672,1.0,11368.115000132004,689.27057806464
2025-08-06 17:00:00,718.85,714.97,499.27,959.96,1649.88,1706.78,1463.2,2323.98,3.8799999999999955,0.5426801124522701,1.0,56.899999999999864,3.333762992301285,1.0,11235.844575839634,706.5512751856761
2025-08-06 19:00:00,195.12,172.74,139.48,263.52,1738.17,1987.2,1317.51,2423.32,22.379999999999995,12.955887460923929,1.0,249.02999999999997,12.531702898550723,1.0,10881.870256800676,723.5731736216844
2025-08-06 20:00:00,28.08,47.24,20.02,42.24,2012.29,2011.79,1425.77,2563.36,19.160000000000004,40.55884843353091,0.0,0.5,0.0248534886842066,1.0,10787.591630527626,723.2666597720649
2025-08-06 21:00:00,0.1,0.11,0.07,0.12,2268.28,2253.06,1437.02,2839.95,0.009999999999999995,9.090909090909086,1.0,15.220000000000255,0.6755257294524005,1.0,10611.067186544778,718.2859463001104
2025-08-06 22:00:00,0.0,0.0,0.0,0.0,2544.17,2463.63,1482.91,3293.73,0.0,,1.0,80.53999999999996,3.2691597358369546,1.0,10293.235339940182,709.6796796264958
2025-08-06 23:00:00,0.0,0.0,0.0,0.0,2853.72,2301.91,2337.66,3602.85,0.0,,1.0,551.81,23.97183208726666,0.0,9930.796952181128,707.6088204711982
2025-08-07 00:00:00,0.0,0.0,0.0,0.0,3007.0,2123.89,2439.65,3455.64,0.0,,1.0,883.1100000000001,41.57983699720796,0.0,9716.518224384947,707.0119711300601
2025-08-07 01:00:00,0.0,0.0,0.0,0.0,3017.78,1819.54,2531.23,3626.72,0.0,,1.0,1198.2400000000002,65.85400705672863,0.0,9603.25791608342,702.462625114468
2025-08-07 02:00:00,0.0,0.0,0.0,0.0,2920.73,2076.26,2453.49,3714.8,0.0,,1.0,844.4699999999998,40.67265178734839,0.0,9447.382967027952,702.3876150674006
2025-08-07 03:00:00,0.0,0.0,0.0,0.0,2815.54,2139.04,2207.63,3678.66,0.0,,1.0,676.5,31.62633704839554,0.0,9417.244378032154,701.5026914358132
2025-08-07 04:00:00,0.0,0.0,0.0,0.0,2693.81,1892.25,2029.97,3598.91,0.0,,1.0,801.56,42.36015325670498,0.0,9491.689735799071,705.8969391998918
2025-08-07 05:00:00,0.42,0.0,0.22,0.62,2673.24,1752.48,1763.8,3303.99,0.42,,0.0,920.7599999999998,52.54039989044096,0.0,9731.993424869346,704.6894242527693
2025-08-07 06:00:00,94.26,56.83,65.57,114.82,2577.39,1759.82,1652.92,3241.83,37.43000000000001,65.86310047510119,0.0,817.5699999999999,46.45759225375322,1.0,10002.718898361085,706.6477874384103
2025-08-07 07:00:00,420.96,305.52,352.56,543.57,2132.32,1521.8,933.8,3158.31,115.44,37.7847604084839,0.0,610.5200000000002,40.118280983046404,1.0,10324.298079601249,706.0375401782787
2025-08-07 08:00:00,803.98,767.08,717.14,997.63,1749.0,1324.73,784.08,2896.55,36.89999999999998,4.810450018251027,1.0,424.27,32.02690359544963,1.0,10515.084670265594,705.8129367004234
2025-08-07 09:00:00,1017.84,1037.66,907.2,1306.05,1548.03,1213.34,774.03,2697.71,19.82000000000005,1.9100668812520525,1.0,334.69000000000005,27.584189097862104,1.0,10677.665357399434,705.3806777689327
2025-08-07 10:00:00,1124.89,1269.78,978.78,1419.96,1444.67,1117.96,854.02,2557.86,144.88999999999987,11.410638063286543,1.0,326.71000000000004,29.223764714301048,1.0,10819.855572128536,700.8737439313652
2025-08-07 11:00:00,1254.81,1220.55,982.53,1499.65,1521.0,1178.93,1323.94,2354.33,34.25999999999999,2.8069313014624546,1.0,342.06999999999994,29.015293528877873,0.0,10978.047481740428,696.5993922364478
2025-08-07 12:00:00,1244.26,1242.75,978.76,1413.68,1412.59,1051.5,1210.66,1986.64,1.509999999999991,0.12150472741902965,1.0,361.0899999999999,34.34046600095101,0.0,11037.843598613288,684.8807491802462
2025-08-07 13:00:00,1246.97,1072.43,651.31,1530.26,1362.57,894.03,1093.5,1941.26,174.53999999999996,16.275188124166608,1.0,468.53999999999996,52.40763732760645,0.0,11007.880142657988,670.1889929009716
2025-08-07 14:00:00,1194.24,1135.97,648.6,1534.13,1311.22,933.12,986.82,2178.45,58.26999999999998,5.129536871572311,1.0,378.1,40.51997599451303,0.0,11024.494068698701,654.4512651986315
2025-08-07 15:00:00,1108.79,1168.84,656.64,1499.54,1321.49,957.59,1021.51,2308.08,60.049999999999955,5.13757229389822,1.0,363.9,38.00164997545922,0.0,10953.413914247692,632.621599262615
2025-08-07 16:00:00,976.85,983.26,633.75,1388.43,1411.35,897.45,1038.71,2372.4,6.409999999999968,0.6519130240221273,1.0,513.8999999999999,57.26224302189535,0.0,10816.903477049867,607.6182279604835
2025-08-07 17:00:00,787.32,791.1,482.9,1172.6,1395.58,1158.18,1004.23,2511.28,3.7799999999999727,0.47781569965869963,1.0,237.39999999999986,20.497677390388354,1.0,10644.315122813334,585.2670398658363
2025-08-07 19:00:00,280.03,345.58,221.56,354.14,1462.93,1226.89,752.07,2668.57,65.55000000000001,18.968111580531286,1.0,236.03999999999996,19.23888857191761,1.0,10460.051095073426,557.6750278227
2025-08-07 20:00:00,48.28,47.0,39.08,55.32,1352.48,1708.6,887.63,2543.24,1.2800000000000011,2.7234042553191515,1.0,356.1199999999999,20.842795270982084,1.0,10522.779236192819,551.6258753135415
2025-08-07 21:00:00,0.07,12.0,0.05,0.09,1409.6,1840.13,950.74,2331.03,11.93,99.41666666666666,0.0,430.5300000000002,23.39671653633168,1.0,10290.01064030014,549.1157532191595
2025-08-07 22:00:00,0.0,2.64,0.0,0.0,1530.2,2139.98,1083.75,2240.5,2.64,100.0,0.0,609.78,28.494658828587184,1.0,10049.975059760893,552.346124051527
2025-08-07 23:00:00,0.0,0.0,0.0,0.0,1433.3,1845.1,1042.63,2141.81,0.0,,1.0,411.79999999999995,22.318573519050457,1.0,9808.903661760778,556.7647143460231
2025-08-08 00:00:00,0.0,0.0,0.0,0.0,1667.43,1363.7,1466.78,1949.4,0.0,,1.0,303.73,22.27249395028232,0.0,9683.308450365663,558.3937285932661
2025-08-08 01:00:00,0.0,0.0,0.0,0.0,1660.12,1509.31,1428.87,1955.6,0.0,,1.0,150.80999999999995,9.991983091611395,1.0,9435.809146811072,568.795899187283
2025-08-08 02:00:00,0.0,0.0,0.0,0.0,1703.67,1202.62,1279.45,2146.88,0.0,,1.0,501.0500000000002,41.66320200894715,0.0,9460.403663409312,567.931644551596
2025-08-08 03:00:00,0.0,0.56,0.0,0.0,1728.9,925.08,954.51,2344.94,0.56,100.0,0.0,803.82,86.89194448047736,0.0,9494.793288249175,562.7582379176166
2025-08-08 04:00:00,0.0,0.04,0.0,0.0,1703.03,1285.69,637.93,2537.79,0.04,100.0,0.0,417.3399999999999,32.46039091849512,1.0,9579.948402995036,557.3377859771642
2025-08-08 05:00:00,0.11,0.0,0.03,0.26,1653.9,1482.2,511.26,2174.76,0.11,,0.0,171.70000000000005,11.58413169612738,1.0,9889.209743116116,550.9055537000031
2025-08-08 06:00:00,36.97,8.46,8.98,75.53,1780.56,1689.58,547.49,2363.86,28.509999999999998,336.9976359338061,0.0,90.98000000000002,5.384770179571255,1.0,10144.540407551453,547.9355731582675
2025-08-08 07:00:00,176.16,69.09,58.82,441.83,1845.62,1933.94,935.79,2647.96,107.07,154.9717759444203,1.0,88.32000000000016,4.5668428182880625,1.0,10390.913511584899,548.0148585991956
2025-08-08 08:00:00,316.39,121.76,117.7,809.59,1844.6,1902.94,926.33,2747.01,194.63,159.84724047306176,1.0,58.340000000000146,3.0657824208855846,1.0,10661.705730045533,550.8151991404294
2025-08-08 09:00:00,387.11,185.51,151.66,1063.79,2028.16,2149.89,1056.2,2713.22,201.60000000000002,108.67338687941353,1.0,121.72999999999979,5.662150156519626,1.0,10845.42856624201,556.1911502209055
2025-08-08 10:00:00,418.85,249.42,191.53,1136.7,2292.97,2315.32,1063.8,2961.54,169.43000000000004,67.92959666426111,1.0,22.350000000000364,0.9653093308916418,1.0,10973.802901543751,562.6108507208161
2025-08-08 11:00:00,475.9,362.66,275.89,984.41,2351.18,2451.0,1172.33,3119.77,113.23999999999995,31.2248386918877,1.0,99.82000000000016,4.072623419012655,1.0,10913.687907527314,559.7001804862081
2025-08-08 12:00:00,473.93,476.6,235.9,848.51,2579.72,2515.05,1489.48,3279.29,2.670000000000016,0.5602182123373931,1.0,64.66999999999962,2.571320649688858,1.0,10861.25615501785,551.5139896868924
2025-08-08 13:00:00,446.27,452.29,198.3,659.47,2715.76,2765.79,1974.13,3266.26,6.020000000000039,1.3310044440513915,1.0,50.029999999999745,1.8088864302785008,1.0,10873.084931330697,545.2102080524546
2025-08-08 14:00:00,451.97,575.61,215.13,581.37,2847.87,2826.58,2320.04,3358.58,123.63999999999999,21.479821406855333,1.0,21.289999999999964,0.753207055876712,1.0,10739.281113948442,532.7871000592157
2025-08-08 15:00:00,445.29,468.47,235.41,749.74,2969.51,2735.08,2581.91,3473.89,23.180000000000007,4.948022285311761,1.0,234.4300000000003,8.571230091990008,1.0,10926.684900890283,531.4666067524563
2025-08-08 16:00:00,419.36,554.18,236.65,805.15,2947.06,2713.41,2821.08,3444.32,134.81999999999994,24.327835721245794,1.0,233.6500000000001,8.610936054632367,0.0,11329.08500520347,561.1207407051696
2025-08-08 17:00:00,452.14,642.25,214.96,737.44,3035.48,2730.08,2962.84,3421.7,190.11,29.600622810432075,1.0,305.4000000000001,11.186485377717872,0.0,11258.272831787384,588.1705341637669
2025-08-08 19:00:00,182.43,449.64,90.34,318.46,3088.39,2571.22,2747.65,3552.45,267.21,59.4275420336269,0.0,517.1700000000001,20.11379811918078,0.0,11113.25859057224,628.4652998950486
2025-08-08 20:00:00,30.11,91.43,13.7,50.9,3088.67,2461.28,2714.0,3507.38,61.32000000000001,67.0677020671552,0.0,627.3899999999999,25.49039524150035,0.0,11147.849486218629,644.9474691016263
2025-08-08 21:00:00,0.05,1.73,0.03,0.09,3092.21,2362.94,2743.62,3413.98,1.68,97.10982658959537,0.0,729.27,30.862823431826452,0.0,11010.68091794211,653.3050813689755
2025-08-08 22:00:00,0.0,0.09,0.0,0.0,3170.73,2517.84,2697.04,3452.04,0.09,100.0,0.0,652.8899999999999,25.9305595272138,0.0,10645.678249269153,647.0588602501107
2025-08-08 23:00:00,0.0,0.0,0.0,0.0,3190.25,2610.75,2670.76,3348.36,0.0,,1.0,579.5,22.196686775830702,0.0,10371.470283455303,630.2624427004719
2025-08-09 00:00:00,0.0,0.0,0.0,0.0,3216.55,2587.72,2678.99,3411.33,0.0,,1.0,628.8300000000004,24.300542562564743,0.0,10186.277048252225,608.5079477108752
2025-08-09 01:00:00,0.0,0.0,0.0,0.0,3204.3,2550.06,2746.92,3436.29,0.0,,1.0,654.2400000000002,25.65586692077834,0.0,10033.21987898724,571.5573668281712
2025-08-09 02:00:00,0.0,0.0,0.0,0.0,3139.33,2613.5,2847.89,3433.49,0.0,,1.0,525.8299999999999,20.119762770231485,0.0,9964.252366669347,536.5868272922472
2025-08-09 03:00:00,0.0,0.0,0.0,0.0,3027.72,2655.06,2671.39,3426.45,0.0,,1.0,372.65999999999985,14.035840997943543,0.0,9924.816878744654,504.01315772089185
2025-08-09 04:00:00,0.0,0.0,0.0,0.0,2959.27,2589.07,2622.83,3389.53,0.0,,1.0,370.1999999999998,14.298570529186147,0.0,9984.687256390154,473.356253275605
2025-08-09 05:00:00,0.06,0.0,0.03,0.1,2949.73,2431.43,2529.6,3455.51,0.06,,0.0,518.3000000000002,21.31667372698372,0.0,10052.916912970593,463.10372733820117
2025-08-09 06:00:00,55.85,20.96,35.55,85.43,2827.39,2202.58,2383.7,3334.77,34.89,166.45992366412213,0.0,624.81,28.367187570939535,0.0,10143.369833058458,463.1592168771095
2025-08-09 07:00:00,342.62,210.97,243.62,513.91,2380.81,2084.28,2228.89,3193.28,131.65,62.40223728492204,0.0,296.52999999999975,14.226975262440734,0.0,10392.270621963276,463.1264350952106
2025-08-09 08:00:00,825.77,553.46,480.23,1054.85,2116.28,1884.73,1903.55,3028.06,272.30999999999995,49.20138763415602,1.0,231.55000000000018,12.285579366805866,0.0,10499.459512476862,464.11497572433615
2025-08-09 09:00:00,1110.91,868.56,641.2,1375.14,1912.31,1570.45,1608.54,2905.32,242.35000000000014,27.90250529612234,1.0,341.8599999999999,21.768282976217,0.0,10756.726752925482,462.7772540967763
2025-08-09 10:00:00,1274.33,1283.79,859.31,1488.16,1768.09,1389.48,1409.67,2735.38,9.460000000000036,0.7368806424726814,1.0,378.6099999999999,27.248323113682808,0.0,10911.660895891679,460.9899123902366
2025-08-09 11:00:00,1396.08,1484.73,1055.45,1524.63,1565.28,1039.6,1256.42,2574.2,88.65000000000009,5.970782566527253,1.0,525.6800000000001,50.565602154674885,0.0,10856.018546746125,459.6272149343777
2025-08-09 12:00:00,1428.99,1550.61,1260.31,1513.33,1494.34,837.11,1130.05,2564.37,121.61999999999989,7.843364869309491,0.0,657.2299999999999,78.51178459222801,0.0,10919.289552403436,461.02812247032165
2025-08-09 13:00:00,1431.83,1508.65,1379.48,1514.78,1378.37,715.86,1100.82,2363.92,76.82000000000016,5.091969641732685,1.0,662.5099999999999,92.54742547425472,0.0,10788.948658748179,459.4633917722554
2025-08-09 14:00:00,1411.0,1460.15,1334.95,1480.01,1235.5,632.34,1026.14,2177.45,49.15000000000009,3.3660925247406146,1.0,603.16,95.38539393364329,0.0,10918.964922008789,462.73308472025013
2025-08-09 15:00:00,1357.11,1533.4,1217.47,1447.2,1090.66,577.0,836.63,1897.16,176.2900000000002,11.49667405764968,0.0,513.6600000000001,89.02253032928944,0.0,10995.003390518568,464.7797290561546
2025-08-09 16:00:00,1250.74,1463.66,1123.39,1369.5,935.32,522.88,645.19,1640.4,212.92000000000007,14.547094270527314,0.0,412.44000000000005,78.87851897184824,0.0,10968.85364458931,447.13245548249193
2025-08-09 17:00:00,1026.01,1366.15,805.28,1158.81,807.42,605.98,486.63,1396.58,340.1400000000001,24.89770523002599,0.0,201.43999999999994,33.2420211888181,1.0,10594.69878280777,426.48603308947463
2025-08-09 19:00:00,267.39,374.23,155.13,381.9,485.84,553.29,357.7,685.57,106.84000000000003,28.549287871095324,1.0,67.44999999999999,12.190713730593359,1.0,10274.03667103541,393.6497567944922
2025-08-09 20:00:00,40.23,61.25,22.28,59.16,452.29,590.25,342.55,553.92,21.020000000000003,34.318367346938786,0.0,137.95999999999998,23.37314697162219,0.0,10251.601618550974,374.653247394716
2025-08-09 21:00:00,0.02,3.66,0.01,0.02,480.83,509.86,300.23,599.88,3.64,99.4535519125683,0.0,29.03000000000003,5.693719844663247,1.0,10233.439879577574,361.38719768051135
2025-08-09 22:00:00,0.0,1.2,0.0,0.0,618.33,646.09,344.51,840.61,1.2,100.0,0.0,27.75999999999999,4.296615022674858,1.0,10173.841130391284,363.7526146812277
2025-08-09 23:00:00,0.0,0.25,0.0,0.0,739.25,791.95,396.26,1140.91,0.25,100.0,0.0,52.700000000000045,6.654460508870515,1.0,10157.696051634231,368.1389281145215
2025-08-10 00:00:00,0.0,1.76,0.0,0.0,819.0,901.33,481.8,1364.59,1.76,100.0,0.0,82.33000000000004,9.134279342749052,1.0,9948.411910242745,378.13146893534014
2025-08-10 01:00:00,0.0,1.31,0.0,0.0,920.73,818.34,567.45,1465.92,1.31,100.0,0.0,102.38999999999999,12.51191436322311,1.0,9956.049443940918,381.8986736345972
2025-08-10 02:00:00,0.0,0.09,0.0,0.0,1001.88,1025.71,583.06,1503.81,0.09,100.0,0.0,23.83000000000004,2.3232687601758824,1.0,9828.006527469593,389.8922565877901
2025-08-10 03:00:00,0.0,0.0,0.0,0.0,1055.77,1321.94,609.27,1473.19,0.0,,1.0,266.1700000000001,20.1348018820824,1.0,10019.840828631388,385.16217576956313
2025-08-10 04:00:00,0.0,0.0,0.0,0.0,1125.46,839.52,689.86,1634.67,0.0,,1.0,285.94000000000005,34.059939012769206,1.0,10091.107566438612,380.5418313544439
2025-08-10 05:00:00,0.07,1.1,0.04,0.22,1132.27,604.18,688.49,1725.57,1.03,93.63636363636363,0.0,528.09,87.40607103843226,0.0,10023.781544486792,381.81617370375636
2025-08-10 06:00:00,61.66,22.01,33.44,74.79,1083.53,571.73,599.65,1795.89,39.64999999999999,180.14538845979095,0.0,511.79999999999995,89.5177793713816,0.0,10122.581187794267,382.4968511912662
2025-08-10 07:00:00,360.14,312.67,206.46,442.98,1038.99,517.88,584.46,1771.13,47.46999999999997,15.182140915342043,1.0,521.11,100.62369660925312,0.0,10161.776122829393,386.108861131106
2025-08-10 08:00:00,767.33,877.05,434.74,947.7,864.98,445.29,591.32,1718.21,109.71999999999991,12.510119149421348,1.0,419.69,94.25093759123267,0.0,10357.724228012888,385.7765766304293
2025-08-10 09:00:00,955.17,1243.36,606.34,1261.87,629.6,394.76,442.69,1415.25,288.18999999999994,23.178323253120574,1.0,234.84000000000003,59.48930996048233,0.0,10576.405889504193,380.34273214450974
2025-08-10 10:00:00,1171.44,1411.98,655.58,1410.69,563.52,541.34,308.35,1093.36,240.53999999999996,17.03565206306038,0.0,22.17999999999995,4.097240181771151,1.0,10863.47883577622,377.6272585636489
2025-08-10 11:00:00,1314.44,1545.84,685.99,1456.31,679.58,641.63,436.84,1043.52,231.39999999999986,14.96920767996687,0.0,37.950000000000045,5.914623692782452,1.0,11073.854341863005,391.54365042857506
2025-08-10 12:00:00,1383.8,1589.41,710.7,1528.42,897.32,839.94,630.84,1279.27,205.61000000000013,12.936246783397621,0.0,57.379999999999995,6.8314403409767355,1.0,11358.827788012259,425.48352550759995
2025-08-10 13:00:00,1399.94,1614.39,924.53,1513.05,1091.07,1077.76,777.21,1493.5,214.45000000000005,13.283655126704206,0.0,13.309999999999945,1.2349688242280235,1.0,11521.538852696609,476.16140454332754
2025-08-10 14:00:00,1392.66,1645.59,988.22,1482.06,1241.48,1363.51,843.7,1608.88,252.92999999999984,15.370171184803011,0.0,122.02999999999997,8.949696005163144,1.0,11602.590446915072,523.3437797465014
2025-08-10 15:00:00,1389.9,1589.95,1012.76,1455.53,1347.54,1387.68,911.97,1705.23,200.04999999999995,12.582156671593442,0.0,40.1400000000001,2.8925977170529302,1.0,11687.017273837437,569.8507188017137
2025-08-10 16:00:00,1320.9,1482.39,1012.31,1364.36,1430.06,1391.69,1018.51,1797.76,161.49,10.893894319308684,0.0,38.36999999999989,2.7570795220199824,1.0,11844.506254848891,625.7604214318468
2025-08-10 17:00:00,1151.15,1314.43,813.5,1209.45,1485.05,1462.17,1016.65,1679.69,163.27999999999997,12.422114528731083,0.0,22.87999999999988,1.5647975269633407,1.0,11436.054916305091,651.5818254482924
2025-08-10 19:00:00,314.03,426.07,146.57,374.74,1515.95,1474.39,1069.43,1921.75,112.04000000000002,26.296148520196216,0.0,41.559999999999945,2.8187928567068377,1.0,11292.416975605012,680.688326989466
2025-08-10 20:00:00,47.57,94.82,19.25,57.64,1772.99,1561.9,1298.47,2131.85,47.24999999999999,49.831259228010964,0.0,211.08999999999992,13.514949740700425,1.0,11238.024558037961,684.330126638809
2025-08-10 21:00:00,0.01,14.65,0.0,0.01,2148.72,1879.94,1759.34,2583.06,14.64,99.93174061433447,0.0,268.77999999999975,14.297264806323593,1.0,10929.530609432764,678.091308657466
2025-08-10 22:00:00,0.0,11.0,0.0,0.0,2543.73,2551.07,2050.37,2892.36,11.0,100.0,0.0,7.3400000000001455,0.2877224066764199,1.0,10300.831880998247,673.993674812354
2025-08-10 23:00:00,0.0,11.0,0.0,0.0,2758.36,2431.43,2064.27,2925.28,11.0,100.0,0.0,326.9300000000003,13.445996800236912,1.0,10082.569153181463,676.9917527575515
2025-08-11 00:00:00,0.0,11.0,0.0,0.0,2591.65,2493.2,1801.2,2918.25,11.0,100.0,0.0,98.45000000000027,3.9487405743622763,1.0,10120.879456864284,669.1091208936447
2025-08-11 01:00:00,0.0,11.0,0.0,0.0,2357.23,1939.75,1650.09,2787.92,11.0,100.0,0.0,417.48,21.522361129011472,1.0,10295.367642081173,655.1360529977898
2025-08-11 02:00:00,0.0,11.0,0.0,0.0,2118.3,1610.15,1530.57,2567.25,11.0,100.0,0.0,508.1500000000001,31.559171505760336,1.0,10248.900536411877,634.4114046146094
2025-08-11 03:00:00,0.0,11.0,0.0,0.0,1862.19,1619.58,1245.14,2395.45,11.0,100.0,0.0,242.61000000000013,14.979809580261557,1.0,10227.728614544123,624.9666935734888
2025-08-11 04:00:00,0.0,11.0,0.0,0.0,1787.04,2000.3,1283.34,2272.4,11.0,100.0,0.0,213.26,10.661400789881517,1.0,10354.988555246111,614.4407195798308
2025-08-11 05:00:00,0.16,11.0,0.04,0.54,1865.85,2496.38,1273.51,2352.75,10.84,98.54545454545455,0.0,630.5300000000002,25.25777325567422,0.0,10600.429568370655,593.8149247160788
2025-08-11 06:00:00,59.5,31.91,34.46,74.59,1915.21,2417.86,1328.83,2435.33,27.59,86.4619241617048,0.0,502.6500000000001,20.789044857849508,1.0,10937.808671261586,575.1423752219094
2025-08-11 07:00:00,356.48,262.87,197.55,434.96,1865.97,2248.72,1337.9,2248.61,93.61000000000001,35.61075816943737,1.0,382.7499999999998,17.020794051727194,0.0,11210.8418337163,559.8201147698103
2025-08-11 08:00:00,710.52,804.32,394.65,825.48,1624.55,2024.17,1309.43,1983.19,93.80000000000007,11.662025064650893,1.0,399.6200000000001,19.74241293962464,0.0,10924.471533087737,547.82898051876
2025-08-11 09:00:00,849.15,867.76,497.2,926.27,1543.4,1899.77,1199.92,1820.24,18.610000000000014,2.1446021941550675,1.0,356.3699999999999,18.758586565742164,0.0,10988.850845127048,542.9503561954282
2025-08-11 10:00:00,905.97,1012.45,619.88,967.16,1605.96,1830.37,1213.12,1756.6,106.48000000000002,10.517062570991161,0.0,224.40999999999985,12.26036265891595,0.0,11108.381396447032,543.7583302993822
2025-08-11 11:00:00,924.13,1126.43,702.97,971.73,1844.35,1728.19,1391.68,2215.38,202.30000000000007,17.959393837166985,0.0,116.15999999999985,6.721483170253261,1.0,11237.715447840135,546.4059715952566
2025-08-11 12:00:00,977.63,1201.67,818.72,1089.92,1845.22,1696.99,1736.58,2020.32,224.04000000000008,18.64405369194538,0.0,148.23000000000002,8.734877636285423,0.0,11340.244086193252,545.8240868191401
2025-08-11 13:00:00,1037.72,1350.79,933.2,1144.7,1759.99,1653.6,1561.23,2004.65,313.06999999999994,23.1768076458961,0.0,106.3900000000001,6.433841315916794,1.0,11359.41331342895,539.4851197854308
2025-08-11 14:00:00,1079.41,1205.76,990.66,1297.56,1712.92,1518.38,1467.47,2034.11,126.34999999999991,10.478868099787677,1.0,194.53999999999996,12.812339467063577,1.0,11409.65957445614,530.6899090916214
2025-08-11 15:00:00,1082.7,1059.52,919.5,1310.77,1600.55,1398.83,1292.97,1949.81,23.180000000000064,2.1877831470854785,1.0,201.72000000000003,14.42062294917896,1.0,11354.457364953061,514.4591397130937
2025-08-11 16:00:00,1019.7,1191.17,690.29,1178.12,1450.85,1304.45,1154.07,1810.32,171.47000000000003,14.395090541232571,0.0,146.39999999999986,11.223120855532972,1.0,11197.57517069353,480.1081572579861
2025-08-11 17:00:00,937.98,1210.37,532.87,1057.74,1306.96,1181.61,1020.56,1601.57,272.3899999999999,22.504688648925526,0.0,125.35000000000014,10.608407173263611,1.0,10673.37809364057,468.19424480823494
2025-08-11 19:00:00,278.65,327.41,154.9,383.75,815.88,760.72,437.89,1149.2,48.76000000000005,14.892642252832852,1.0,55.15999999999997,7.251025344410554,1.0,10068.167863050894,474.52856202865036
2025-08-11 20:00:00,40.81,65.46,19.35,60.29,646.82,549.73,298.01,953.56,24.64999999999999,37.656584173541084,0.0,97.09000000000003,17.661397413275612,1.0,9966.350786021778,491.6215960725922
2025-08-11 21:00:00,0.0,6.66,0.0,0.0,545.01,279.91,290.25,783.15,6.66,100.0,0.0,265.09999999999997,94.70901361151796,0.0,9852.16726654153,520.4777897703665
2025-08-11 22:00:00,0.0,0.0,0.0,0.0,461.21,138.73,221.74,649.15,0.0,,1.0,322.48,232.45152454407844,0.0,9937.323553519294,537.0222014707102
2025-08-11 23:00:00,0.0,0.0,0.0,0.0,387.55,72.38,138.8,590.47,0.0,,1.0,315.17,435.43796628903016,0.0,9755.735399092515,556.2343107476497
2025-08-12 00:00:00,0.0,0.0,0.0,0.0,340.91,59.91,150.23,545.9,0.0,,1.0,281.0,469.03688866633286,0.0,9678.200580609515,581.3629862018976
2025-08-12 01:00:00,0.0,0.0,0.0,0.0,329.9,82.45,128.02,534.62,0.0,,1.0,247.45,300.1212856276531,0.0,9569.90476386629,617.4197640468043
2025-08-12 02:00:00,0.0,0.0,0.0,0.0,355.35,127.47,135.66,593.55,0.0,,1.0,227.88000000000002,178.77147564132738,0.0,9521.10354307322,652.4331412521891
2025-08-12 03:00:00,0.0,0.0,0.0,0.0,425.62,244.81,204.35,747.45,0.0,,1.0,180.81,73.85727707201504,1.0,9510.04523827414,684.5723838947763
2025-08-12 04:00:00,0.0,0.0,0.0,0.0,566.71,371.23,311.84,974.76,0.0,,1.0,195.48000000000002,52.65738221587695,1.0,9723.777586413265,703.9400807276135
2025-08-12 05:00:00,0.14,0.0,0.02,0.33,701.27,477.64,471.94,1105.66,0.14,,0.0,223.63,46.81978058789046,1.0,9946.350538247778,713.1379573730021
2025-08-12 06:00:00,72.55,26.1,57.76,79.42,868.16,723.7,544.64,1396.32,46.449999999999996,177.9693486590038,0.0,144.45999999999992,19.96130993505595,1.0,10118.813025164141,710.3139713609304
2025-08-12 07:00:00,447.14,427.71,382.8,467.2,1017.21,1122.6,548.23,1531.1,19.430000000000007,4.542797690023616,1.0,105.38999999999987,9.388027792624253,1.0,10449.244366073228,691.8414697685694
2025-08-12 08:00:00,927.51,1092.74,856.8,931.62,938.66,1144.9,418.99,1352.16,165.23000000000002,15.120705748851512,0.0,206.24000000000012,18.013800331906726,1.0,10667.313808917077,685.7025192254376
2025-08-12 09:00:00,1231.82,1368.48,1176.64,1240.43,777.09,1139.39,441.43,1446.01,136.66000000000008,9.986262130246702,0.0,362.30000000000007,31.79771632189154,1.0,10970.371663265725,685.0370878792867
2025-08-12 10:00:00,1370.25,1499.5,1295.97,1397.26,825.98,1236.34,677.71,1858.46,129.25,8.619539846615538,0.0,410.3599999999999,33.19151689664655,1.0,11094.622533042182,684.4341000969928
2025-08-12 11:00:00,1451.75,1598.57,1376.89,1510.58,916.44,1264.39,510.32,2157.94,146.81999999999994,9.18445860988258,0.0,347.95000000000005,27.519198981326966,1.0,11255.21822456849,685.3619682975765
2025-08-12 12:00:00,1469.74,1585.43,1400.47,1506.23,948.76,1167.59,403.64,2245.06,115.69000000000005,7.297073979929738,0.0,218.82999999999993,18.742024169443035,1.0,11402.899792696064,689.1613595367079
2025-08-12 13:00:00,1468.17,1625.71,1409.46,1497.81,862.35,971.72,355.48,1670.64,157.53999999999996,9.690535212307235,0.0,109.37,11.255299880624047,1.0,11355.70847654499,688.9408471345675
2025-08-12 14:00:00,1458.7,1606.2,1401.28,1491.52,733.71,836.83,341.31,1607.34,147.5,9.183165234715478,0.0,103.12,12.322693976076383,1.0,11376.546673543742,686.890720858718
2025-08-12 15:00:00,1427.79,1542.66,1386.53,1450.44,615.04,794.51,263.91,1592.48,114.87000000000012,7.446229240402948,0.0,179.47000000000003,22.588765402575177,1.0,11435.937386669857,691.9300582674925
2025-08-12 16:00:00,1357.12,1550.09,1319.54,1376.0,588.34,692.96,161.75,1526.56,192.97000000000003,12.448954576831026,0.0,104.62,15.09755252828446,1.0,11297.457874554277,697.1150376008073
2025-08-12 17:00:00,1217.89,1411.14,1160.24,1232.29,614.21,737.11,121.71,1389.73,193.25,13.694601527842737,0.0,122.89999999999998,16.673223806487496,1.0,10949.599726291526,703.7225451741353
2025-08-12 19:00:00,352.19,535.6,317.71,380.16,751.65,777.61,222.78,1551.49,183.41000000000003,34.24383868558626,0.0,25.960000000000036,3.3384344337135627,1.0,10444.569943552879,700.4506970792731
2025-08-12 20:00:00,50.66,90.26,38.57,56.12,1129.71,968.34,525.46,2113.53,39.60000000000001,43.873255040992696,0.0,161.37,16.66460127641118,1.0,10389.429232530809,692.9116783992579
2025-08-12 21:00:00,0.0,0.52,0.0,0.0,1625.85,1265.07,960.6,2494.52,0.52,100.0,0.0,360.78,28.518579999525716,1.0,10614.177365169091,680.6128430079872
2025-08-12 22:00:00,0.0,0.0,0.0,0.0,2032.23,1427.49,1065.83,2713.63,0.0,,1.0,604.74,42.36386944917302,1.0,10199.287413773553,673.1901092200753
2025-08-12 23:00:00,0.0,0.0,0.0,0.0,2054.84,1443.23,1066.94,2752.38,0.0,,1.0,611.6100000000001,42.377860770632545,1.0,10176.842326052662,657.8560204537139
2025-08-13 00:00:00,0.0,0.0,0.0,0.0,2159.74,1421.01,1283.91,2677.33,0.0,,1.0,738.7299999999998,51.98626329160244,1.0,10061.022162386398,640.65901567443
2025-08-13 01:00:00,0.0,0.0,0.0,0.0,2097.64,1289.66,1194.21,2840.92,0.0,,1.0,807.9799999999998,62.65062109393171,1.0,10020.232524247724,616.9091990525756
2025-08-13 02:00:00,0.0,0.0,0.0,0.0,1914.42,1280.15,1088.98,2914.81,0.0,,1.0,634.27,49.54653751513494,1.0,9900.947351454446,593.3274331437317
2025-08-13 03:00:00,0.0,0.0,0.0,0.0,1674.8,1366.04,1089.72,2504.61,0.0,,1.0,308.76,22.60255922227753,1.0,9849.08258082422,570.2585778933461
2025-08-13 04:00:00,0.0,0.0,0.0,0.0,1462.92,1346.74,993.49,1776.63,0.0,,1.0,116.18000000000006,8.626757948824574,1.0,9910.533746802588,558.9860087766978
2025-08-13 05:00:00,0.14,0.0,0.04,0.43,1248.38,1396.28,711.91,1691.8,0.14,,0.0,147.89999999999986,10.592431317500777,1.0,9986.428068517425,556.9894467449658
2025-08-13 06:00:00,73.6,21.58,44.12,89.85,1176.73,1276.18,349.64,2087.97,52.019999999999996,241.05653382761818,0.0,99.45000000000005,7.792787851243559,1.0,10204.389077395295,553.9971143479454
2025-08-13 07:00:00,459.07,427.7,274.42,523.96,1220.9,1153.06,248.5,2438.2,31.370000000000005,7.33458031330372,1.0,67.84000000000015,5.88347527448703,1.0,10508.29688177716,553.3822697937261
2025-08-13 08:00:00,1002.6,1019.97,567.07,1103.56,1133.94,883.68,231.21,2495.32,17.370000000000005,1.7029912644489547,1.0,250.2600000000001,28.320206409560033,1.0,10773.335129232662,554.2605580744566
2025-08-13 09:00:00,1281.84,1344.75,860.13,1366.09,899.24,810.27,167.08,2198.59,62.91000000000008,4.678192972671506,1.0,88.97000000000003,10.980290520443807,1.0,11061.39455487005,557.0878191648372
2025-08-13 10:00:00,1421.82,1418.05,1186.02,1476.89,1009.84,973.17,81.43,2111.33,3.769999999999982,0.2658580444977245,1.0,36.67000000000007,3.76809807125169,1.0,11288.119888592031,565.5787196629401
2025-08-13 11:00:00,1468.12,1444.13,1365.29,1499.49,1514.94,1606.2,127.96,2438.79,23.98999999999978,1.66120778600263,1.0,91.25999999999999,5.681733283526335,1.0,11414.64847105523,574.1269865556635
2025-08-13 12:00:00,1464.47,1389.61,1405.33,1537.18,1989.58,2265.61,426.28,3072.46,74.86000000000013,5.387123005735432,0.0,276.0300000000002,12.183473766447014,1.0,11518.812443374378,581.3057907958244
2025-08-13 13:00:00,1439.46,1532.44,1364.3,1529.21,2416.0,2720.95,1030.23,3590.26,92.98000000000002,6.067447991438491,0.0,304.9499999999998,11.207482680681375,1.0,11545.377715578403,592.6330440687782
2025-08-13 14:00:00,1396.79,1394.84,1219.58,1481.42,2846.89,2579.03,1551.96,3868.84,1.9500000000000455,0.13980098075765288,1.0,267.8599999999997,10.38607538493153,1.0,11610.690432665593,606.8992893825367
2025-08-13 15:00:00,1270.58,1390.47,1001.27,1463.9,3178.65,2878.3,2048.77,4115.37,119.8900000000001,8.62226441419089,1.0,300.3499999999999,10.434978980648296,1.0,11606.398906274608,617.3075839268149
2025-08-13 16:00:00,1115.06,1205.01,913.04,1445.67,3322.69,3163.26,2759.44,4466.57,89.95000000000005,7.464668343001307,1.0,159.42999999999984,5.040053615573801,1.0,11442.24247646855,624.4224924410256
2025-08-13 17:00:00,1000.42,1107.95,698.69,1311.93,3434.97,3231.97,3131.95,4497.3,107.53000000000009,9.705311611534825,1.0,203.0,6.280998895410539,1.0,11104.259466333438,628.2078504029315
2025-08-13 19:00:00,286.52,278.66,258.84,412.63,3437.12,2911.94,2908.21,3997.91,7.859999999999957,2.8206416421445333,1.0,525.1799999999998,18.035399081025016,1.0,10840.425201683434,628.5558476055161
2025-08-13 20:00:00,39.46,11.62,29.08,54.72,3161.89,3164.32,2593.07,4110.57,27.840000000000003,239.58691910499144,0.0,2.430000000000291,0.07679375031603286,1.0,10744.586616645662,624.9449517911037
2025-08-13 21:00:00,0.0,0.0,0.0,0.0,3071.6,3262.44,2523.72,3911.26,0.0,,1.0,190.84000000000015,5.849609494734008,1.0,10481.210716584375,626.5202352891729
2025-08-13 22:00:00,0.0,0.0,0.0,0.0,3140.43,2789.08,2910.44,3647.63,0.0,,1.0,351.3499999999999,12.5973439270297,0.0,10259.46232466693,624.4819676082409
2025-08-13 23:00:00,0.0,0.0,0.0,0.0,3284.7,2414.01,2821.14,3763.37,0.0,,1.0,870.6899999999996,36.068201871574665,0.0,10012.640501383601,631.5275880380134
2025-08-14 00:00:00,0.0,0.0,0.0,0.0,3036.33,2028.91,2608.52,3775.87,0.0,,1.0,1007.4199999999998,49.653262096396574,0.0,9804.027108449385,645.0631081173641
2025-08-14 01:00:00,0.0,0.0,0.0,0.0,2738.44,1824.16,2208.49,3635.17,0.0,,1.0,914.28,50.1206034558372,0.0,9610.513712680795,668.8297571188851
2025-08-14 02:00:00,0.0,0.0,0.0,0.0,2562.57,1634.2,1773.3,3497.69,0.0,,1.0,928.3700000000001,56.80883612776895,0.0,9467.321225098056,696.1811949744425
2025-08-14 03:00:00,0.0,0.0,0.0,0.0,2417.43,1695.95,1800.76,3397.83,0.0,,1.0,721.4799999999998,42.541348506736625,0.0,9417.585206337253,723.2218373520478
2025-08-14 04:00:00,0.0,0.0,0.0,0.0,2260.8,1347.56,1669.9,3240.05,0.0,,1.0,913.2400000000002,67.7698952180237,0.0,9650.106356644896,736.5865181095328
2025-08-14 05:00:00,0.03,0.0,0.01,0.03,2106.67,1315.39,1501.62,2899.35,0.03,,0.0,791.28,60.15554322292247,0.0,9834.430063222366,743.0433087534225
2025-08-14 06:00:00,27.61,23.16,21.91,36.54,1950.07,1492.56,1447.1,2475.75,4.449999999999999,19.214162348877373,1.0,457.51,30.652704078898,1.0,10009.652907052503,748.933875561986
2025-08-14 07:00:00,209.11,282.47,160.98,268.61,1787.04,1529.12,1652.88,1956.95,73.36000000000001,25.970899564555534,0.0,257.9200000000001,16.867217746154655,0.0,10300.315374030215,751.505204839852
2025-08-14 08:00:00,469.27,765.9,365.18,735.49,1708.44,1406.52,1523.26,1910.69,296.63,38.729599164381774,0.0,301.9200000000001,21.465745243579903,0.0,10449.817338161898,751.4113447442003
2025-08-14 09:00:00,694.93,1081.58,487.75,900.45,1576.32,1336.58,1372.93,1731.86,386.65,35.748627008635516,0.0,239.74,17.9368238339643,0.0,10618.772203459148,744.994424159929
2025-08-14 10:00:00,807.29,1107.53,547.01,952.4,1409.16,1185.06,1215.69,1610.69,300.24,27.108972217456866,0.0,224.10000000000014,18.910434914687876,0.0,10666.437608281862,730.0099134900132
2025-08-14 11:00:00,922.67,1251.59,660.88,1154.33,1214.76,983.43,918.12,1557.46,328.91999999999996,26.2801716216972,0.0,231.33000000000004,23.522772337634613,1.0,10716.570640138723,707.8596705090896
2025-08-14 12:00:00,1002.15,1304.81,748.43,1176.9,1166.54,945.05,852.41,1537.1,302.65999999999997,23.195714318559787,0.0,221.49,23.43685519284694,1.0,10376.444917505136,675.9118386824888
2025-08-14 13:00:00,1084.64,1264.55,745.35,1232.22,,952.84,,,179.90999999999985,14.227195445019959,0.0,,,0.0,10428.551241473353,636.5891412074009
2025-08-14 14:00:00,1142.92,1145.71,903.83,1321.86,1053.15,965.17,747.43,1442.26,2.7899999999999636,0.24351712038822768,1.0,87.98000000000013,9.115492607519933,1.0,10565.116038383878,586.2202208496319
2025-08-14 15:00:00,1141.15,1156.92,870.26,1355.53,973.04,954.94,663.75,1331.04,15.769999999999982,1.3631020295266727,1.0,18.09999999999991,1.8954070412800708,1.0,10623.127572315703,528.9821382038293
2025-08-14 16:00:00,1108.49,1201.71,718.86,1289.39,872.53,896.61,559.11,1260.87,93.22000000000003,7.757279210458432,1.0,24.08000000000004,2.6856715851931208,1.0,10409.177232655647,475.3598314688048
2025-08-14 17:00:00,993.44,1133.33,657.16,1171.98,750.19,831.7,488.96,1100.56,139.88999999999987,12.34327159785763,1.0,81.50999999999999,9.800408801250448,1.0,10163.197798001966,444.33751015921035
2025-08-14 19:00:00,294.29,398.82,259.04,333.0,542.23,624.08,419.72,762.26,104.52999999999997,26.209818965949545,0.0,81.85000000000002,13.115305730034613,1.0,9850.309122158327,411.5884183807212
2025-08-14 20:00:00,34.81,21.57,29.52,42.9,514.06,506.48,405.39,694.38,13.240000000000002,61.38154844691702,0.0,7.579999999999927,1.4966040120044082,1.0,9943.484843917344,396.2885615449953
2025-08-14 21:00:00,0.0,14.41,0.0,0.0,543.92,324.6,433.94,676.45,14.41,100.0,0.0,219.31999999999994,67.56623536660503,0.0,10037.394982094977,390.4689691334502
2025-08-14 22:00:00,0.0,10.46,0.0,0.0,591.02,317.32,404.16,731.7,10.46,100.0,0.0,273.7,86.25362410185302,0.0,9779.143138341862,395.8923449396641
2025-08-14 23:00:00,0.0,1.11,0.0,0.0,719.96,348.36,400.59,933.89,1.11,100.0,0.0,371.6,106.67125961648868,0.0,9504.307839615416,414.56378669401266
2025-08-15 00:00:00,0.0,0.0,0.0,0.0,787.89,338.73,351.9,1067.1,0.0,,1.0,449.15999999999997,132.60118678593568,0.0,9516.019670810741,427.1847974376321
2025-08-15 01:00:00,0.0,0.13,0.0,0.0,909.06,394.31,474.52,1175.76,0.13,100.0,0.0,514.75,130.54449544774417,0.0,9454.577445963252,435.70863215380297
2025-08-15 02:00:00,0.0,0.0,0.0,0.0,1020.35,585.87,555.06,1208.12,0.0,,1.0,434.48,74.15979654189496,1.0,9505.222009994417,433.48577394922324
2025-08-15 03:00:00,0.0,0.0,0.0,0.0,1109.26,748.17,542.97,1382.36,0.0,,1.0,361.09000000000003,48.263095285830765,1.0,9546.98843523165,425.7102000024922
2025-08-15 04:00:00,0.0,0.0,0.0,0.0,1220.84,1061.96,642.82,1609.37,0.0,,1.0,158.87999999999988,14.96101548080906,1.0,9665.006218019951,425.06837748170625
2025-08-15 05:00:00,0.0,0.0,0.0,0.0,1293.48,1103.75,790.14,1827.46,0.0,,1.0,189.73000000000002,17.189580973952438,1.0,9921.180159670726,423.2604216689605
2025-08-15 06:00:00,14.29,12.96,8.44,40.19,1350.7,1316.26,846.91,1829.28,1.3299999999999983,10.262345679012332,1.0,34.440000000000055,2.616504338048718,1.0,10151.332618203842,423.1819526051295
2025-08-15 07:00:00,145.25,192.76,89.03,253.61,1345.25,1539.01,719.56,1867.89,47.50999999999999,24.647229715708647,1.0,193.76,12.589911696480204,1.0,10318.040298326885,423.58235185799674
2025-08-15 08:00:00,334.92,396.22,226.58,596.85,1239.81,1466.59,622.32,1760.14,61.30000000000001,15.471202867094041,1.0,226.77999999999997,15.463081024689926,1.0,10558.130775154896,428.1399369815647
2025-08-15 09:00:00,537.8,472.6,346.31,813.58,1169.8,1616.61,651.04,1747.68,65.19999999999993,13.796022005924657,1.0,446.80999999999995,27.63870073796401,1.0,10710.912479867,433.42984259560205
2025-08-15 10:00:00,724.67,592.91,471.72,933.62,1224.69,1774.7,792.71,1775.28,131.76,22.222597021470374,1.0,550.01,30.991716909900262,1.0,10789.53418958303,441.1101522653535
2025-08-15 11:00:00,940.51,673.04,597.34,1035.74,1421.16,1855.79,869.08,1881.17,267.47,39.740580054677295,1.0,434.6299999999999,23.420214571691833,1.0,10817.069831050478,447.6165207774731
2025-08-15 12:00:00,1001.69,931.78,740.27,1057.45,1509.97,1906.81,1056.76,2016.23,69.91000000000008,7.502844018974445,1.0,396.8399999999999,20.81172219570906,1.0,10817.487776377624,467.7497357813261
2025-08-15 13:00:00,1043.15,1137.76,778.71,1085.2,1665.4,2093.49,1119.66,2347.67,94.6099999999999,8.315461960343121,0.0,428.0899999999997,20.44862884465652,1.0,10920.104874403161,491.7377011489747
2025-08-15 14:00:00,1027.51,1281.51,761.46,1098.66,1733.69,2343.82,1117.44,2624.87,254.0,19.820368159436917,0.0,610.1300000000001,26.031435861115614,1.0,10886.691573879289,507.77131070847247
2025-08-15 15:00:00,998.5,1276.93,639.32,1090.89,1783.24,2327.2,1172.85,2777.04,278.43000000000006,21.804640818212434,0.0,543.9599999999998,23.37401168786524,1.0,11003.615168274757,528.3969570045388
2025-08-15 16:00:00,953.03,1196.39,614.87,1080.58,1869.02,2634.38,1323.77,2842.68,243.36000000000013,20.341193089210048,0.0,765.3600000000001,29.052756246251494,1.0,11217.044354399939,568.1751546275434
2025-08-15 17:00:00,907.21,1218.89,782.41,1138.15,1965.35,2954.9,1363.9,2797.72,311.68000000000006,25.570806225336167,0.0,989.5500000000002,33.48844292531051,0.0,10961.225405368574,588.3697201397032
2025-08-15 19:00:00,224.57,236.16,137.39,295.2,2029.96,2470.03,1431.94,2894.71,11.590000000000003,4.90768970189702,1.0,440.07000000000016,17.816382796970082,1.0,10797.763689313746,595.4599146573571
2025-08-15 20:00:00,23.56,18.5,14.45,34.21,2305.5,2254.22,1735.2,3114.98,5.059999999999999,27.351351351351344,1.0,51.2800000000002,2.2748445138451525,1.0,10805.558598649055,598.036158653064
2025-08-15 21:00:00,0.0,2.5,0.0,0.0,2525.52,2159.9,2030.19,3135.98,2.5,100.0,0.0,365.6199999999999,16.92763553868234,1.0,10573.90406688619,595.8090084447043
2025-08-15 22:00:00,0.0,0.39,0.0,0.0,2583.68,2142.14,2199.99,3249.53,0.39,100.0,0.0,441.53999999999996,20.61209818219164,0.0,10287.631876708518,582.63821685495
2025-08-15 23:00:00,0.0,0.0,0.0,0.0,2550.5,2060.92,2262.29,3305.41,0.0,,1.0,489.5799999999999,23.755410205151094,0.0,9986.26257497708,558.4059980176816
2025-08-16 00:00:00,0.0,0.0,0.0,0.0,2492.44,1828.18,2127.31,3147.89,0.0,,1.0,664.26,36.33449660317912,0.0,9824.729966604686,540.0493081217008
2025-08-16 01:00:00,0.0,0.0,0.0,0.0,2407.72,1573.18,1889.49,2836.72,0.0,,1.0,834.5399999999997,53.04796653911185,0.0,9781.028451529386,518.1336614045305
2025-08-16 02:00:00,0.0,0.0,0.0,0.0,2288.92,1416.74,2008.62,2504.95,0.0,,1.0,872.1800000000001,61.56246029617291,0.0,9711.469182237304,503.43047446858856
2025-08-16 03:00:00,0.0,0.0,0.0,0.0,2172.21,1435.45,1933.39,2429.93,0.0,,1.0,736.76,51.32606499703925,0.0,9663.74178430636,494.8140400007638
2025-08-16 04:00:00,0.0,0.0,0.0,0.0,2048.04,1713.76,1842.67,2376.52,0.0,,1.0,334.28,19.50564839884231,0.0,9724.246442266529,490.83356400054055
2025-08-16 05:00:00,0.0,0.0,0.0,0.0,2086.09,1995.29,1814.05,2292.93,0.0,,1.0,90.80000000000018,4.550716938389917,1.0,9794.382738026745,497.4943728431944
2025-08-16 06:00:00,38.24,22.89,22.2,60.55,2068.18,1976.96,1726.34,2520.68,15.350000000000001,67.0598514635212,1.0,91.2199999999998,4.61415506636451,1.0,9863.766204565896,508.39904034406817
2025-08-16 07:00:00,297.49,230.42,207.04,420.14,2006.22,1975.03,1650.52,2616.37,67.07000000000002,29.107716344067363,1.0,31.190000000000055,1.5792165182301057,1.0,10143.600716761483,511.4593670644947
2025-08-16 08:00:00,701.47,735.21,550.49,931.51,1758.19,1765.5,1360.55,2166.49,33.74000000000001,4.589165000476055,1.0,7.309999999999945,0.4140470121778502,1.0,10273.610728537436,511.72892460103736
2025-08-16 09:00:00,957.69,909.15,883.97,1237.26,1450.31,1669.83,1239.11,2067.84,48.54000000000008,5.339052961557508,1.0,219.51999999999998,13.146248420497894,1.0,10482.963551549947,508.2192299728338
2025-08-16 10:00:00,1089.44,1055.79,1050.39,1347.12,1552.31,1846.14,1048.85,2387.74,33.65000000000009,3.1871868458689794,1.0,293.83000000000015,15.915911035999445,1.0,10586.028026247115,503.3133087058282
2025-08-16 11:00:00,1130.15,1397.64,1071.64,1392.82,2096.68,2064.4,1609.47,2808.79,267.49,19.13869093614951,0.0,32.279999999999745,1.5636504553381003,1.0,10623.748368491662,497.91833652622756
2025-08-16 12:00:00,1122.11,1401.01,1116.1,1391.03,2535.54,2178.91,1867.14,3113.22,278.9000000000001,19.90706704448934,0.0,356.6300000000001,16.367357990922073,1.0,10706.282624969084,494.3207968258304
2025-08-16 13:00:00,1110.57,1227.19,1075.41,1334.85,2825.3,2478.7,1935.58,3475.88,116.62000000000012,9.503010943700659,1.0,346.60000000000036,13.983136321458844,1.0,10731.464367866763,486.9775728929422
2025-08-16 14:00:00,1081.71,1136.08,972.52,1305.05,2928.46,2808.56,1996.38,3578.89,54.36999999999989,4.785754524329263,1.0,119.90000000000009,4.269091634147039,1.0,10667.553496520404,479.1050820280682
2025-08-16 15:00:00,999.11,1022.69,879.78,1267.53,3005.23,2720.25,2086.55,3820.89,23.58000000000004,2.3056840293735186,1.0,284.98,10.476242992372025,1.0,10643.595972462726,463.9114215712185
2025-08-16 16:00:00,917.17,774.73,732.54,1187.12,3098.05,2774.81,2222.19,3967.22,142.43999999999994,18.385760200327848,1.0,323.24000000000024,11.649085883357788,1.0,10761.79236930685,435.72866877056543
2025-08-16 17:00:00,857.74,768.5,718.94,1001.1,3008.43,3011.36,2310.1,3966.03,89.24000000000001,11.612231620039038,1.0,2.930000000000291,0.09729823069975994,1.0,10807.285291721208,427.2281867537697
2025-08-16 19:00:00,227.34,329.63,199.44,274.73,2928.39,2939.77,2214.1,3727.89,102.28999999999999,31.031762885659674,0.0,11.38000000000011,0.3871051136653585,1.0,10557.03908876927,414.53732505395294
2025-08-16 20:00:00,23.76,37.2,18.95,28.35,2971.11,2883.15,2204.51,3666.99,13.440000000000001,36.12903225806452,0.0,87.96000000000004,3.0508298215493483,1.0,10574.770489738781,405.3283986933771
2025-08-16 21:00:00,0.0,1.85,0.0,0.0,3039.05,2683.22,2281.39,3547.54,1.85,100.0,0.0,355.8300000000004,13.261305446441233,1.0,10306.391921545051,401.3900884794245
2025-08-16 22:00:00,0.0,0.1,0.0,0.0,3070.4,2774.48,2395.25,3719.31,0.1,100.0,0.0,295.9200000000001,10.66578241688533,1.0,10037.313870709208,404.90785733159476
2025-08-16 23:00:00,0.0,0.0,0.0,0.0,3070.05,2691.99,2393.53,3804.19,0.0,,1.0,378.0600000000004,14.04388574994708,1.0,9754.533326402547,415.0411627384537
2025-08-17 00:00:00,0.0,0.0,0.0,0.0,3027.84,2593.79,2605.46,3620.03,0.0,,1.0,434.0500000000002,16.734199761738623,0.0,9653.920887765065,424.5066382647655
2025-08-17 01:00:00,0.0,0.0,0.0,0.0,2839.11,2436.2,2618.4,3251.92,0.0,,1.0,402.9100000000003,16.53846153846155,0.0,9568.111950464116,437.2213506508352
2025-08-17 02:00:00,0.0,0.0,0.0,0.0,2603.2,2340.9,2369.49,2893.32,0.0,,1.0,262.2999999999997,11.205092058609925,0.0,9497.084746147526,450.93140687892975
2025-08-17 03:00:00,0.0,0.0,0.0,0.0,2367.53,2294.18,2175.57,2738.52,0.0,,1.0,73.35000000000036,3.197220793486142,1.0,9449.298901944094,465.0193682708558
2025-08-17 04:00:00,0.0,0.0,0.0,0.0,2224.03,2182.43,1990.81,2694.45,0.0,,1.0,41.600000000000364,1.9061321554414286,1.0,9427.110789846198,483.06568673994127
2025-08-17 05:00:00,0.0,0.34,0.0,0.0,2093.9,2183.29,1677.52,2666.07,0.34,100.0,0.0,89.38999999999987,4.094279733796237,1.0,9514.670629948709,497.24091212397974
2025-08-17 06:00:00,47.57,12.83,31.72,58.41,1909.57,2066.95,1365.41,2658.17,34.74,270.7716289945441,0.0,157.37999999999988,7.614117419386048,1.0,9575.917333296906,509.5272350277016
2025-08-17 07:00:00,377.94,345.36,309.86,433.35,1771.58,1834.92,1027.48,2544.08,32.579999999999984,9.433634468380815,1.0,63.340000000000146,3.4519216096614644,1.0,9849.427848190277,514.6568889868869
2025-08-17 08:00:00,962.19,1013.83,882.25,1034.53,1417.17,1195.2,783.45,2388.39,51.639999999999986,5.093556118875944,1.0,221.97000000000003,18.571787148594378,1.0,10115.964216592696,514.6261955859636
2025-08-17 09:00:00,1315.16,1380.42,1303.45,1368.64,1085.56,928.79,551.35,2308.87,65.25999999999999,4.727546688688949,0.0,156.76999999999998,16.878950031761754,1.0,10283.834617604647,511.278394710146
2025-08-17 10:00:00,1479.12,1512.51,1460.18,1500.55,1057.93,955.89,443.26,2181.8,33.3900000000001,2.2075887101572946,0.0,102.04000000000008,10.674868447206277,1.0,10488.79817822001,508.3052702008264
2025-08-17 11:00:00,1523.31,1565.61,1495.77,1550.23,1019.11,896.49,567.1,2145.6,42.299999999999955,2.7018222929081928,0.0,122.62,13.677787816930472,1.0,10634.22284747385,508.710000651503
2025-08-17 12:00:00,1518.74,1531.56,1510.32,1559.77,930.85,828.58,428.35,2279.23,12.819999999999936,0.8370550288594594,1.0,102.26999999999998,12.342803350310167,1.0,10775.881800633417,512.0441750289538
2025-08-17 13:00:00,1500.44,1492.33,1458.55,1555.09,846.54,796.47,311.38,2095.77,8.110000000000127,0.5434454845778165,1.0,50.069999999999936,6.286489133300681,1.0,10770.541903827336,513.9320301608159
2025-08-17 14:00:00,1471.09,1470.51,1391.8,1544.66,775.81,706.59,259.28,1995.41,0.5799999999999272,0.039442098319625654,1.0,69.21999999999991,9.796345829972108,1.0,10750.26063644464,517.5949639194209
2025-08-17 15:00:00,1436.72,1508.17,1314.04,1536.88,721.85,811.29,243.15,1884.95,71.45000000000005,4.7375295888394575,1.0,89.43999999999994,11.024417902353036,1.0,10871.441239372827,528.3449901233881
2025-08-17 16:00:00,1348.4,1465.25,1158.1,1480.26,601.67,841.26,234.88,1755.85,116.84999999999991,7.9747483364613485,1.0,239.59000000000003,28.479899198820817,1.0,10969.987914962247,539.6481403547283
2025-08-17 17:00:00,1192.28,1403.82,1047.13,1294.04,546.61,839.74,229.9,1626.86,211.53999999999996,15.068883475089399,0.0,293.13,34.907233191225856,1.0,10839.96906845277,541.2770308114817
2025-08-17 19:00:00,288.55,518.88,266.55,329.3,448.74,733.32,244.61,1438.48,230.32999999999998,44.38983965464076,0.0,284.58000000000004,38.80706921944036,1.0,10328.225523253357,532.9976161968916
2025-08-17 20:00:00,27.48,62.81,23.82,34.11,549.54,672.03,330.27,1509.92,35.33,56.24900493551982,0.0,122.49000000000001,18.226864872103928,1.0,10266.748227585058,527.0133217743299
2025-08-17 21:00:00,0.0,0.0,0.0,0.0,766.77,745.94,466.8,1663.14,0.0,,1.0,20.829999999999927,2.79244979488966,1.0,10366.162198973125,527.7894871925031
2025-08-17 22:00:00,0.0,0.0,0.0,0.0,1059.0,898.03,648.66,1867.63,0.0,,1.0,160.97000000000003,17.924790931260652,1.0,10085.372358608114,527.3155467866346
2025-08-17 23:00:00,0.0,0.0,0.0,0.0,1293.88,1001.65,890.18,1985.01,0.0,,1.0,292.23000000000013,29.174861478560388,1.0,9928.894216378621,522.3477719712612
2025-08-18 00:00:00,0.0,0.0,0.0,0.0,1481.11,1269.34,1035.39,2008.8,0.0,,1.0,211.76999999999998,16.683473301085602,1.0,9849.553316176298,515.1065744759716
2025-08-18 01:00:00,0.0,0.0,0.0,0.0,1637.1,1287.67,1148.45,2161.34,0.0,,1.0,349.42999999999984,27.136611088244646,1.0,9706.992166911414,508.4668829220851
2025-08-18 02:00:00,0.0,0.0,0.0,0.0,1672.96,1310.91,1308.74,2144.41,0.0,,1.0,362.04999999999995,27.618219404840904,1.0,9642.751369938991,500.478246299873
2025-08-18 03:00:00,0.0,0.0,0.0,0.0,1626.37,1158.53,1334.46,1969.52,0.0,,1.0,467.8399999999999,40.38220848834298,0.0,9758.64005473041,483.75906322280275
2025-08-18 04:00:00,0.0,0.0,0.0,0.0,1550.83,897.77,1225.74,1774.98,0.0,,1.0,653.06,72.74246187776379,0.0,10003.735624829602,456.08307168529984
2025-08-18 05:00:00,0.0,0.0,0.0,0.0,1427.93,843.78,1049.18,1823.3,0.0,,1.0,584.1500000000001,69.23013107682098,0.0,10083.997109029066,430.4673538978961
2025-08-18 06:00:00,35.5,29.11,22.83,58.15,1428.15,816.65,1059.03,2011.13,6.390000000000001,21.951219512195124,1.0,611.5000000000001,74.87907916488093,0.0,10359.78158683163,404.4745944806802
2025-08-18 07:00:00,311.18,339.79,246.28,458.26,1396.88,713.97,1044.59,1835.9,28.610000000000014,8.41990641278437,1.0,682.9100000000001,95.64967715730354,0.0,10419.067259579475,393.2861169385945
2025-08-18 08:00:00,787.77,774.69,700.28,1081.96,1109.84,500.6,831.07,1432.52,13.079999999999927,1.6884173024048235,1.0,609.2399999999999,121.701957650819,0.0,10625.405633168792,395.1830001057058
2025-08-18 09:00:00,1122.5,1117.22,939.2,1404.99,729.36,292.21,496.92,1023.44,5.279999999999973,0.4726016362041471,1.0,437.15000000000003,149.60131412340442,0.0,10707.238523776668,401.6140860334219
2025-08-18 10:00:00,1296.7,1441.66,1110.91,1524.76,537.68,364.07,377.91,1108.52,144.96000000000004,10.0550753991926,1.0,173.60999999999996,47.6858845826352,0.0,10845.365804809087,412.82483489664924
2025-08-18 11:00:00,1411.53,1585.57,1384.66,1535.36,685.02,598.49,388.66,1495.57,174.03999999999996,10.976494257585598,0.0,86.52999999999997,14.458052766128086,1.0,11044.77811517807,431.88206302113707
2025-08-18 12:00:00,1424.48,1583.27,1368.82,1480.6,855.53,734.71,508.39,1808.3,158.78999999999996,10.029243274994155,0.0,120.81999999999994,16.444583577193715,1.0,11327.082557817545,466.191579940094
2025-08-18 13:00:00,1405.51,1573.06,1366.13,1446.77,991.04,907.87,659.08,2155.22,167.54999999999995,10.651214829694986,0.0,83.16999999999996,9.161003227334305,1.0,11421.149608068135,504.7745322106591
2025-08-18 14:00:00,1354.23,1557.14,1296.55,1377.85,1154.98,1166.31,774.54,2405.04,202.91000000000008,13.030941341176778,0.0,11.329999999999927,0.9714398401797059,1.0,11253.118550805242,527.8110853121865
2025-08-18 15:00:00,1282.34,1480.59,1126.4,1375.42,1196.6,1042.55,741.49,2623.12,198.25,13.389932391816778,0.0,154.04999999999995,14.776269723274659,1.0,11329.822344304906,550.8297089587925
2025-08-18 16:00:00,1262.93,1425.87,1017.76,1335.91,1031.38,961.9,613.56,2598.81,162.93999999999983,11.427409230855536,0.0,69.48000000000013,7.223204075267713,1.0,11331.056226447763,569.2113182295765
2025-08-18 17:00:00,1162.65,1421.95,957.62,1215.81,837.42,936.46,469.39,2361.93,259.29999999999995,18.235521642814444,0.0,99.04000000000008,10.57599897486279,1.0,11033.41414263717,575.5350124255126
2025-08-18 19:00:00,288.18,495.41,264.61,309.66,774.2,593.09,388.42,1799.25,207.23000000000002,41.82999939444097,0.0,181.11,30.536680773575682,1.0,10216.686533664855,577.6697900341528
2025-08-18 20:00:00,25.41,40.17,21.07,30.94,779.47,658.03,328.35,1137.57,14.760000000000002,36.74383868558626,0.0,121.44000000000005,18.45508563439358,1.0,10157.523850476344,580.0747358819272
2025-08-18 21:00:00,0.0,2.46,0.0,0.0,841.39,702.25,348.22,1203.3,2.46,100.0,0.0,139.14,19.813456746173014,1.0,10224.788159993506,582.2386612819386
2025-08-18 22:00:00,0.0,0.0,0.0,0.0,931.47,731.72,392.15,1402.05,0.0,,1.0,199.75,27.298693489312853,1.0,10115.715526379736,581.3379388492561
2025-08-18 23:00:00,0.0,0.0,0.0,0.0,1142.87,802.89,441.13,1390.54,0.0,,1.0,339.9799999999999,42.34453038398783,1.0,9880.215388372937,583.4922192851822
2025-08-19 00:00:00,0.0,0.0,0.0,0.0,1229.98,915.19,535.67,1417.91,0.0,,1.0,314.78999999999996,34.39613632141959,1.0,9654.657272984809,594.144431556696
2025-08-19 01:00:00,0.0,0.0,0.0,0.0,1212.62,972.37,642.54,1488.09,0.0,,1.0,240.2499999999999,24.70767300513178,1.0,9529.684175527376,605.2791652331622
2025-08-19 02:00:00,0.0,0.0,0.0,0.0,1103.06,915.44,733.72,1358.08,0.0,,1.0,187.6199999999999,20.495062483614422,1.0,9584.183490503972,608.9122432746761
2025-08-19 03:00:00,0.0,0.0,0.0,0.0,1031.34,645.28,735.29,1321.68,0.0,,1.0,386.05999999999995,59.82829159434664,0.0,9607.46660191894,617.4043352228717
2025-08-19 04:00:00,0.0,0.0,0.0,0.0,856.43,495.65,537.29,1399.78,0.0,,1.0,360.78,72.78926661959044,0.0,9606.742797842275,635.5500072400732
2025-08-19 05:00:00,0.0,0.0,0.0,0.0,738.14,427.46,373.02,1345.11,0.0,,1.0,310.68,72.68048472371684,1.0,9803.914335701069,645.1682769902808
2025-08-19 06:00:00,38.75,11.11,32.06,51.22,672.62,330.1,324.18,1168.2,27.64,248.7848784878488,0.0,342.52,103.76249621326869,1.0,10185.248666785272,647.1383217043524
2025-08-19 07:00:00,341.69,316.47,293.38,407.47,475.07,217.93,179.21,725.59,25.21999999999997,7.969159793977303,1.0,257.14,117.99201578488506,1.0,10320.348319134357,647.5683904638001
2025-08-19 08:00:00,869.79,1010.19,828.62,972.04,386.79,69.27,116.66,574.86,140.4000000000001,13.898375553113778,0.0,317.52000000000004,458.3802511909918,0.0,10310.740046314531,646.6780656998224
2025-08-19 09:00:00,1234.13,1400.72,1199.91,1336.88,231.69,23.38,60.55,460.59,166.58999999999992,11.89316922725455,0.0,208.31,890.9751924721984,0.0,10442.642546161376,643.8066965647243
2025-08-19 10:00:00,1368.56,1524.01,1312.93,1481.31,139.36,5.34,24.64,492.23,155.45000000000005,10.200064304040003,0.0,134.02,2509.737827715356,0.0,10608.152870431886,638.6061694384624
2025-08-19 11:00:00,1418.85,1587.13,1221.19,1535.9,170.49,40.13,23.57,635.57,168.2800000000002,10.602786161184035,0.0,130.36,324.8442561674558,1.0,10834.446182955891,630.74624224323
2025-08-19 12:00:00,1447.43,1614.71,1378.95,1529.28,219.88,83.04,29.95,828.29,167.27999999999997,10.359755002446258,0.0,136.83999999999997,164.7880539499036,1.0,11031.46431541314,614.318000677492
2025-08-19 13:00:00,1457.82,1609.28,1405.66,1529.97,268.8,101.5,29.53,1059.09,151.46000000000004,9.411662358321736,0.0,167.3,164.82758620689657,1.0,11170.604528025666,597.7146284918476
2025-08-19 14:00:00,1454.08,1640.4,1397.99,1534.09,344.3,133.03,46.72,1341.16,186.32000000000016,11.35820531577665,0.0,211.27,158.81380139818086,1.0,11338.124917718955,603.4186853878485
2025-08-19 15:00:00,1438.33,1654.24,1336.65,1523.38,405.02,155.96,53.85,1511.34,215.91000000000008,13.051915078827744,0.0,249.05999999999997,159.6947935368043,1.0,11398.763792568938,608.328115008463
2025-08-19 16:00:00,1363.22,1560.2,1224.07,1443.76,476.14,175.4,55.53,1683.77,196.98000000000002,12.625304448147673,0.0,300.74,171.45952109464082,1.0,11244.66827095908,602.6442244889658
2025-08-19 17:00:00,1180.05,1451.01,1015.43,1283.04,502.07,206.51,73.69,1759.19,270.96000000000004,18.6738892219902,0.0,295.56,143.1213984794925,1.0,10780.36077070442,592.659616503181
2025-08-19 19:00:00,269.2,373.82,231.91,309.57,559.78,429.7,196.89,1639.24,104.62,27.98673158204484,0.0,130.07999999999998,30.27228298813125,1.0,10294.116929788912,591.2145460592141
2025-08-19 20:00:00,22.75,22.92,16.89,27.28,676.01,644.17,390.78,1495.44,0.1700000000000017,0.741710296684126,1.0,31.840000000000032,4.9427946039089115,1.0,10450.386359753564,589.8780693847398
2025-08-19 21:00:00,0.0,1.23,0.0,0.0,834.56,960.34,500.78,1601.37,1.23,100.0,0.0,125.78000000000009,13.097444655018023,1.0,10239.88684541165,589.72222594257
2025-08-19 22:00:00,0.0,0.18,0.0,0.0,976.55,1092.58,567.55,1619.68,0.18,100.0,0.0,116.02999999999997,10.619817313148692,1.0,10093.542861543787,590.1594787258259
2025-08-19 23:00:00,0.0,0.0,0.0,0.0,1218.7,1070.76,576.62,1554.08,0.0,,1.0,147.94000000000005,13.816354738690281,1.0,10034.84264073491,585.3848325686596
2025-08-20 00:00:00,0.0,0.0,0.0,0.0,1239.86,944.52,567.66,1781.47,0.0,,1.0,295.3399999999999,31.26879261423791,1.0,10075.849553607264,568.8299937448329
2025-08-20 01:00:00,0.0,0.0,0.0,0.0,1351.4,1168.63,701.61,1775.15,0.0,,1.0,182.76999999999998,15.639680651703273,1.0,9945.860589525419,547.2133954315366
2025-08-20 02:00:00,0.0,0.0,0.0,0.0,1526.56,1456.93,841.73,2057.34,0.0,,1.0,69.62999999999988,4.7792275538289335,1.0,9811.368210145727,534.0580968376594
2025-08-20 03:00:00,0.0,0.0,0.0,0.0,1620.87,1582.32,799.76,2284.58,0.0,,1.0,38.549999999999955,2.436296071591079,1.0,9785.596662996411,523.3688334241488
2025-08-20 04:00:00,0.0,0.0,0.0,0.0,1758.37,1532.21,747.03,2549.24,0.0,,1.0,226.15999999999985,14.760378799250745,1.0,9954.474665708583,504.04452148850413
2025-08-20 05:00:00,0.0,0.0,0.0,0.0,1804.83,1842.05,681.26,2609.28,0.0,,1.0,37.22000000000003,2.020574902961376,1.0,10127.370486915335,490.3100470680566
2025-08-20 06:00:00,37.13,10.52,21.97,44.78,1850.6,1735.58,660.58,2466.36,26.610000000000003,252.94676806083655,0.0,115.01999999999998,6.627179386717984,1.0,10457.08536020754,486.86466455071246
2025-08-20 07:00:00,341.3,367.18,249.11,389.65,1794.07,1882.01,591.46,2525.66,25.879999999999995,7.048314178332152,1.0,87.94000000000005,4.672663800936236,1.0,10728.47706258147,488.5619704680556
2025-08-20 08:00:00,901.45,1001.04,830.14,929.02,1380.18,1706.19,546.53,2188.0,99.58999999999992,9.94865340046351,0.0,326.01,19.107485098377083,1.0,10845.415074453362,492.38561315509537
2025-08-20 09:00:00,1288.52,1426.26,1171.87,1330.02,932.38,1424.62,373.94,2080.87,137.74,9.657425714806557,0.0,492.2399999999999,34.552371860566325,1.0,10984.748100363944,501.5795053853109
2025-08-20 10:00:00,1425.49,1550.88,1320.97,1478.98,796.83,1546.1,423.5,2022.19,125.3900000000001,8.08508717631281,0.0,749.2699999999999,48.46193648535023,1.0,11139.983769240735,516.6518608707066
2025-08-20 11:00:00,1447.93,1594.73,1364.98,1470.23,1052.23,1517.39,822.68,2009.65,146.79999999999995,9.205320022825179,0.0,465.1600000000001,30.655269904243475,1.0,11176.695771186502,529.3176647901453
2025-08-20 12:00:00,1433.07,1620.47,1388.94,1462.93,1132.16,1491.1,1063.35,2180.34,187.4000000000001,11.564546088480508,0.0,358.9399999999998,24.07216149151632,1.0,11281.804672975606,541.1905930707075
2025-08-20 13:00:00,1361.85,1575.77,1315.74,1423.75,1175.73,1385.27,985.85,2419.88,213.92000000000007,13.575585269423843,0.0,209.53999999999996,15.12629306922116,1.0,11340.657783305736,550.3230279161025
2025-08-20 14:00:00,1245.14,1441.18,1231.63,1427.72,1315.04,1283.72,962.8,2563.33,196.03999999999996,13.602742197366045,0.0,31.319999999999936,2.43978437665534,1.0,11428.30047673158,555.9669450684681
2025-08-20 15:00:00,1170.21,1367.44,1056.05,1428.54,1602.7,1205.47,872.5,2787.49,197.23000000000002,14.423301936465222,1.0,397.23,32.952292466838664,1.0,11380.383536838872,554.8142105520612
2025-08-20 16:00:00,1008.78,931.78,800.56,1377.77,1807.35,1796.1,760.71,3232.58,77.0,8.26375324647449,1.0,11.25,0.6263571070653082,1.0,11192.174047929078,552.210459165008
2025-08-20 17:00:00,949.94,1023.82,771.02,1179.77,1694.57,1756.54,863.96,3570.46,73.88,7.216112207223925,1.0,61.97000000000003,3.527958372709988,1.0,10973.795183559963,556.5669882159176
2025-08-20 19:00:00,212.23,342.18,149.91,285.98,1768.52,2242.06,1001.58,3384.31,129.95000000000002,37.97708808229587,0.0,473.53999999999996,21.12075501993702,1.0,10484.451283156292,553.5155708148036
2025-08-20 20:00:00,15.74,16.76,10.17,22.48,1791.13,1774.87,1226.84,2743.72,1.0200000000000014,6.085918854415282,1.0,16.26000000000022,0.9161234343923904,1.0,10570.79892159132,552.5503094048545
2025-08-20 21:00:00,0.0,0.0,0.0,0.0,1896.52,1577.71,1575.43,2367.58,0.0,,1.0,318.80999999999995,20.207135658644486,1.0,10362.380368410357,549.4913755152135
2025-08-20 22:00:00,0.0,0.0,0.0,0.0,2018.62,1502.36,1576.85,2809.19,0.0,,1.0,516.26,34.36326845762667,0.0,10038.838107044568,551.8791503625328
2025-08-20 23:00:00,0.0,0.0,0.0,0.0,2057.58,1546.37,1445.39,3117.51,0.0,,1.0,511.21000000000004,33.05871169254448,1.0,9869.140464410095,560.4602781052624
2025-08-21 00:00:00,0.0,0.0,0.0,0.0,2217.74,1650.16,1576.24,3534.47,0.0,,1.0,567.5799999999997,34.39545256217577,1.0,9742.176935484542,578.1710754547948
2025-08-21 01:00:00,0.0,0.0,0.0,0.0,2335.35,1905.03,1765.67,2850.53,0.0,,1.0,430.31999999999994,22.58862065164328,1.0,9668.17756997144,594.3225391022365
2025-08-21 02:00:00,0.0,0.0,0.0,0.0,2193.64,2012.91,1721.09,2983.52,0.0,,1.0,180.7299999999998,8.978543501696539,1.0,9604.751538748107,607.3770336228143
2025-08-21 03:00:00,0.0,0.0,0.0,0.0,1843.44,1787.34,1339.23,2588.92,0.0,,1.0,56.100000000000136,3.138742488838169,1.0,9659.47614154761,615.0186191783524
2025-08-21 04:00:00,0.0,0.0,0.0,0.0,1611.95,1224.14,1145.51,2346.93,0.0,,1.0,387.80999999999995,31.680199977126794,1.0,9910.830165867723,616.984243098684
2025-08-21 05:00:00,0.0,0.0,0.0,0.0,1424.1,933.97,878.75,2167.98,0.0,,1.0,490.1299999999999,52.47813098921805,1.0,9966.356668555418,622.852118891433
2025-08-21 06:00:00,35.72,6.22,22.34,43.6,1180.75,879.24,666.18,1967.29,29.5,474.2765273311897,0.0,301.51,34.29211591829307,1.0,10084.132463868393,630.2215350924636
2025-08-21 07:00:00,337.93,200.3,279.96,416.56,925.94,900.62,569.98,1570.94,137.63,68.71193210184722,0.0,25.32000000000005,2.8113965934578458,1.0,10356.142692621144,630.1577135636528
2025-08-21 08:00:00,883.13,691.5,719.81,1068.55,679.13,580.93,333.68,1436.6,191.63,27.712219812002893,0.0,98.20000000000005,16.90392990549637,1.0,10518.179912302052,626.6132607579619
2025-08-21 09:00:00,1249.68,1119.27,1061.8,1442.78,512.62,337.73,288.78,1363.71,130.41000000000008,11.651344179688554,1.0,174.89,51.78396944304622,1.0,10710.921855666684,620.2136534793128
2025-08-21 10:00:00,1418.71,1526.22,1245.96,1568.02,547.07,439.25,297.72,1446.5,107.50999999999999,7.044200705009763,1.0,107.82000000000005,24.546385885031317,1.0,10897.595872171165,611.3689157362716
2025-08-21 11:00:00,1545.64,1674.6,1499.95,1593.46,790.4,618.33,619.7,1549.03,128.9599999999998,7.700943508897637,0.0,172.06999999999994,27.828182362169056,0.0,10924.006533135387,601.2452504468906
2025-08-21 12:00:00,1545.81,1651.74,1513.77,1577.71,920.03,713.13,778.27,1620.45,105.93000000000006,6.4132369501253255,0.0,206.89999999999998,29.012942941679636,0.0,10986.325603118112,587.1086634961988
2025-08-21 13:00:00,1524.2,1676.94,1460.81,1549.71,1057.39,829.78,921.68,1341.82,152.74,9.108256705666273,0.0,227.61000000000013,27.430162211670577,0.0,10975.025445966534,568.0800463360291
2025-08-21 14:00:00,1522.53,1622.24,1444.06,1545.92,1172.11,989.77,985.01,1614.02,99.71000000000004,6.146439491074072,0.0,182.33999999999992,18.42246178405083,1.0,11001.238013277885,542.5060450451653
2025-08-21 15:00:00,1517.45,1584.29,1462.01,1542.18,1285.47,1137.7,1081.87,1792.15,66.83999999999992,4.218924565578266,0.0,147.76999999999998,12.988485541003778,1.0,11101.191344191311,524.171764562851
2025-08-21 16:00:00,1459.41,1556.17,1395.41,1470.94,1393.18,1267.14,1207.0,2033.2,96.75999999999999,6.217829671565445,0.0,126.03999999999996,9.94680935019019,1.0,11120.918632221827,519.8475655158206
2025-08-21 17:00:00,1263.69,1413.23,1127.07,1271.48,1449.19,1394.23,1194.74,2253.64,149.53999999999996,10.581434019940135,0.0,54.960000000000036,3.9419607955645795,1.0,10996.653058754553,520.913793763771
2025-08-21 19:00:00,258.89,401.45,230.99,270.03,1695.01,1713.52,1544.71,2352.14,142.56,35.511271640303896,0.0,18.50999999999999,1.08023250385172,1.0,10849.553154799045,528.7141836838691
2025-08-21 20:00:00,17.17,15.44,14.3,18.88,2054.67,2007.7,1867.95,2329.7,1.7300000000000022,11.204663212435248,1.0,46.97000000000003,2.339492952134284,1.0,10939.56759450204,537.8386495190341
2025-08-21 21:00:00,0.0,0.0,0.0,0.0,2330.64,2321.64,2011.85,2577.93,0.0,,1.0,9.0,0.3876570010854396,1.0,10748.61588787352,540.5813923688695
2025-08-21 22:00:00,0.0,0.0,0.0,0.0,2341.37,2126.07,1683.88,2900.84,0.0,,1.0,215.29999999999973,10.126665631893573,1.0,10460.55947701671,532.5659192886419
2025-08-21 23:00:00,0.0,0.0,0.0,0.0,2212.54,2240.31,1376.69,2824.42,0.0,,1.0,27.769999999999982,1.2395605965245873,1.0,10362.394180322091,516.7238170261694
2025-08-22 00:00:00,0.0,0.0,0.0,0.0,2203.53,2202.4,1364.31,2669.81,0.0,,1.0,1.1300000000001091,0.051307664366150973,1.0,10212.12219017918,494.6528581921699
2025-08-22 01:00:00,0.0,0.0,0.0,0.0,2191.74,2402.39,1472.16,2697.15,0.0,,1.0,210.6500000000001,8.76835151661471,1.0,10100.563393813463,468.9864182497678
2025-08-22 02:00:00,0.0,0.0,0.0,0.0,2074.7,2283.41,1569.76,2470.49,0.0,,1.0,208.71000000000004,9.140277041792759,1.0,10090.123207283119,435.68153961924844
2025-08-22 03:00:00,0.0,0.0,0.0,0.0,2034.27,2336.93,1662.31,2130.33,0.0,,1.0,302.65999999999985,12.951179538967786,0.0,10086.447890496634,404.4202677441799
2025-08-22 04:00:00,0.0,0.0,0.0,0.0,1909.38,2238.02,1617.14,2106.49,0.0,,1.0,328.6399999999999,14.68440853969133,0.0,10190.652345846527,387.7004496433043
2025-08-22 05:00:00,0.0,0.0,0.0,0.0,1905.64,2053.51,1354.48,2093.65,0.0,,1.0,147.87000000000012,7.2008414860409795,1.0,10413.532054846866,366.0198973215846
2025-08-22 06:00:00,34.1,7.59,26.08,37.97,1701.82,1869.14,1079.32,1917.88,26.51,349.2753623188406,0.0,167.32000000000016,8.951710412275173,1.0,10705.038529978701,348.035075104171
2025-08-22 07:00:00,355.01,353.77,315.0,389.6,1430.82,1548.27,696.41,1537.14,1.240000000000009,0.3505102185035501,1.0,117.45000000000005,7.5858861826425645,0.0,10830.005631416994,344.33495475562444
2025-08-22 08:00:00,917.51,1048.47,839.67,996.84,1011.91,930.97,412.36,1287.57,130.96000000000004,12.490581514015664,0.0,80.93999999999994,8.694157706478183,1.0,10831.497320753195,344.4612221693031
2025-08-22 09:00:00,1349.37,1496.4,1331.63,1383.43,716.78,584.89,282.07,1131.67,147.0300000000002,9.82558139534885,0.0,131.89,22.549539229598725,1.0,11013.276667396227,351.1746532522912
2025-08-22 10:00:00,1511.23,1631.88,1457.17,1541.13,524.96,356.47,230.67,845.2,120.65000000000009,7.393313233816218,0.0,168.49,47.26624961427329,1.0,11250.47689528488,367.2310377995488
2025-08-22 11:00:00,1556.05,1631.39,1484.54,1582.08,461.38,339.07,211.03,666.39,75.34000000000015,4.618147714525659,0.0,122.31,36.07219748134604,1.0,10957.017672924776,368.1458162540724
2025-08-22 12:00:00,1539.11,1621.09,1427.49,1559.15,414.65,288.77,189.2,541.33,81.98000000000002,5.057091216403779,0.0,125.88,43.591785850330716,1.0,11028.175347090302,369.62326249526706
2025-08-22 13:00:00,1516.18,1536.51,1429.46,1541.3,364.41,224.75,227.96,442.56,20.329999999999927,1.3231283883606308,1.0,139.66000000000003,62.14015572858733,0.0,11069.401005887923,373.0669574752831
2025-08-22 14:00:00,1515.41,1450.79,1437.55,1542.32,360.47,193.85,219.18,572.66,64.62000000000012,4.4541249939688115,1.0,166.62000000000003,85.95305648697449,0.0,11079.070826024616,376.0124823216592
2025-08-22 15:00:00,1504.45,1624.69,1454.54,1557.18,307.44,155.11,180.6,462.74,120.24000000000001,7.4007964596323,0.0,152.32999999999998,98.20772355102828,0.0,10850.310771645884,368.23863333180435
2025-08-22 16:00:00,1445.46,1609.49,1375.59,1525.21,251.03,117.18,138.93,366.6,164.02999999999997,10.191427098024839,0.0,133.85,114.22597712920293,0.0,10684.946155616215,357.4403603339232
2025-08-22 17:00:00,1256.08,1476.76,1147.54,1360.65,211.63,81.02,117.77,278.56,220.68000000000006,14.943525014220324,0.0,130.61,161.20710935571466,0.0,10485.194145677566,353.4093884211343
2025-08-22 19:00:00,248.49,398.72,219.19,301.73,178.99,98.64,118.78,235.3,150.23000000000002,37.678069823434996,0.0,80.35000000000001,81.45782643957827,0.0,9810.793434320096,404.34607864577214
2025-08-22 20:00:00,15.28,42.62,12.66,18.94,231.41,120.36,172.06,287.1,27.339999999999996,64.14828718911309,0.0,111.05,92.26487205051512,0.0,9899.709536388798,421.29851196751235
2025-08-22 21:00:00,0.0,16.27,0.0,0.0,328.25,217.67,244.46,445.1,16.27,100.0,0.0,110.58000000000001,50.801672256167606,0.0,9980.127400881507,434.755208925652
2025-08-22 22:00:00,0.0,0.8,0.0,0.0,391.55,293.96,239.72,600.21,0.8,100.0,0.0,97.59000000000003,33.19839433936591,1.0,9998.531945753602,447.5765303855234
2025-08-22 23:00:00,0.0,0.0,0.0,0.0,424.34,318.33,255.22,651.13,0.0,,1.0,106.00999999999999,33.30191939182609,1.0,9821.96133132288,468.00767846958365
2025-08-23 00:00:00,0.0,0.0,0.0,0.0,487.69,390.72,279.32,696.57,0.0,,1.0,96.96999999999997,24.818284193284185,1.0,9856.206838417169,482.2533464895985
2025-08-23 01:00:00,0.0,0.0,0.0,0.0,554.34,578.8,272.9,768.03,0.0,,1.0,24.459999999999923,4.225984796129911,1.0,9785.054459430468,496.6801523015877
2025-08-23 02:00:00,0.0,0.0,0.0,0.0,663.8,747.47,276.44,878.24,0.0,,1.0,83.67000000000007,11.19376028469371,1.0,9762.012775220539,511.3445026736045
2025-08-23 03:00:00,0.0,0.0,0.0,0.0,734.14,806.04,248.41,984.12,0.0,,1.0,71.89999999999998,8.920152846012602,1.0,9767.74462984749,524.813751382438
2025-08-23 04:00:00,0.0,0.0,0.0,0.0,761.8,788.64,289.0,1008.38,0.0,,1.0,26.840000000000032,3.4033272469060702,1.0,9902.719996384183,533.5987151322256
2025-08-23 05:00:00,0.0,0.0,0.0,0.0,763.56,749.23,375.23,962.93,0.0,,1.0,14.329999999999927,1.9126303004417773,1.0,10002.048561799174,540.120020467777
2025-08-23 06:00:00,31.93,7.68,20.1,38.91,687.3,626.92,461.06,933.24,24.25,315.75520833333337,0.0,60.379999999999995,9.631212913928412,1.0,10215.301792274911,537.1367821969831
2025-08-23 07:00:00,353.2,360.5,297.31,395.16,540.29,457.29,357.61,796.29,7.300000000000011,2.024965325936203,1.0,82.99999999999994,18.150407837477296,1.0,10329.17093833247,528.3274253281011
2025-08-23 08:00:00,959.8,1102.27,899.51,1033.67,337.95,247.48,172.03,532.41,142.47000000000003,12.925145381803011,0.0,90.47,36.556489413285924,1.0,10247.504960071577,518.7228290222229
2025-08-23 09:00:00,1379.97,1492.3,1331.12,1421.17,150.02,86.68,49.49,261.77,112.32999999999993,7.52730684178784,0.0,63.34,73.07337332718043,1.0,10454.088148692665,498.84251746488115
2025-08-23 10:00:00,1512.5,1649.64,1485.66,1550.51,78.1,58.94,40.58,130.46,137.1400000000001,8.3133289687447,0.0,19.159999999999997,32.50763488293179,1.0,10584.603198929226,461.11963579245423
2025-08-23 11:00:00,1543.65,1694.25,1524.92,1571.78,74.22,91.12,45.07,109.71,150.5999999999999,8.888888888888884,0.0,16.900000000000006,18.546971027216863,1.0,10676.568770059313,446.49259525067225
2025-08-23 12:00:00,1527.0,1689.29,1503.06,1553.92,81.69,107.98,47.91,107.32,162.28999999999996,9.606994654559015,0.0,26.290000000000006,24.34710131505835,0.0,10752.515158259535,429.2619872598771
2025-08-23 13:00:00,1507.98,1667.75,1435.17,1536.36,99.16,108.15,54.04,134.37,159.76999999999998,9.579973017538599,0.0,8.990000000000009,8.312528895053175,1.0,10929.471080138928,418.5370572446597
2025-08-23 14:00:00,1510.92,1657.45,1414.79,1531.73,123.76,82.92,78.94,167.4,146.52999999999997,8.84068901022655,0.0,40.84,49.25229136517125,1.0,11046.479682311945,415.77135533857756
2025-08-23 15:00:00,1502.8,1673.99,1438.35,1545.98,159.18,103.97,93.39,210.21,171.19000000000005,10.226464913171528,0.0,55.21000000000001,53.10185630470329,1.0,10999.148443518028,426.12852433508255
2025-08-23 16:00:00,1436.9,1630.91,1391.75,1500.11,213.54,160.77,106.2,263.78,194.01,11.895812767105479,0.0,52.76999999999998,32.82328792685201,1.0,10979.303595021942,442.97162722277136
2025-08-23 17:00:00,1236.93,1497.34,1187.82,1302.56,306.82,236.92,134.79,459.89,260.40999999999985,17.391507606822756,0.0,69.9,29.503629917271656,1.0,10854.783436274334,457.10848590833444
2025-08-23 19:00:00,235.02,369.37,209.38,279.94,698.73,608.65,451.42,1036.43,134.35,36.37274277824403,0.0,90.08000000000004,14.799967140392681,1.0,10647.774376098832,456.4258598906694
2025-08-23 20:00:00,12.59,30.44,10.38,15.32,1101.32,1110.05,719.18,1759.44,17.85,58.63994743758213,0.0,8.730000000000018,0.7864510607630304,1.0,10662.215019255942,450.78976208863105
2025-08-23 21:00:00,0.0,0.0,0.0,0.0,1496.71,1728.9,1014.84,2283.01,0.0,,1.0,232.19000000000005,13.429926542888545,1.0,10511.581511187322,443.59821073832995
2025-08-23 22:00:00,0.0,0.0,0.0,0.0,1710.41,2002.11,1325.82,2607.63,0.0,,1.0,291.6999999999998,14.569629041361356,1.0,10483.004647707889,435.6719197501676
2025-08-23 23:00:00,0.0,0.0,0.0,0.0,1931.66,2350.47,1569.08,2723.52,0.0,,1.0,418.8099999999997,17.81813849995957,1.0,10342.378013993792,417.3715908543888
2025-08-24 00:00:00,0.0,0.0,0.0,0.0,2072.71,2603.54,1777.76,2687.96,0.0,,1.0,530.8299999999999,20.388778355623494,1.0,10294.276644296415,400.0420827629353
2025-08-24 01:00:00,0.0,0.0,0.0,0.0,2214.41,2650.47,1809.85,2703.19,0.0,,1.0,436.05999999999995,16.452176406448668,1.0,10138.723349032236,380.26854578724243
2025-08-24 02:00:00,0.0,0.0,0.0,0.0,2241.6,2785.41,1741.35,2694.28,0.0,,1.0,543.81,19.523517184184733,0.0,10022.085007249365,362.4767752883307
2025-08-24 03:00:00,0.0,0.0,0.0,0.0,2286.62,2634.21,1607.43,2708.32,0.0,,1.0,347.59000000000015,13.195227411633853,1.0,9994.01281524837,345.6489148884439
2025-08-24 04:00:00,0.0,0.0,0.0,0.0,2295.97,2413.22,1559.12,2689.0,0.0,,1.0,117.25,4.858653583179321,1.0,10074.721990056469,334.5200790246819
2025-08-24 05:00:00,0.0,0.0,0.0,0.0,2270.35,2246.36,1567.64,2607.0,0.0,,1.0,23.98999999999978,1.0679499278833215,1.0,10091.51867854029,329.2045210573873
2025-08-24 06:00:00,28.82,6.07,22.37,35.16,2165.15,2190.8,1615.24,2565.81,22.75,374.7940691927512,0.0,25.65000000000009,1.1708051853204349,1.0,10151.192848631028,331.8822397363193
2025-08-24 07:00:00,344.23,332.62,313.76,383.76,2021.96,2105.94,1551.61,2386.94,11.610000000000014,3.490469604954607,1.0,83.98000000000002,3.987767932609667,1.0,10266.948139896607,333.50935813513
2025-08-24 08:00:00,935.9,1094.66,866.91,1017.58,1562.05,1655.21,1147.54,1870.42,158.7600000000001,14.503133393017018,0.0,93.16000000000008,5.628288857607196,1.0,10425.470916718088,329.6805666804523
2025-08-24 09:00:00,1367.91,1520.72,1314.37,1414.83,1045.22,1261.57,811.31,1347.72,152.80999999999995,10.048529643852907,0.0,216.3499999999999,17.149266390291455,1.0,10767.204129622376,333.77809468598383
2025-08-24 10:00:00,1514.33,1668.56,1477.52,1546.03,856.91,1023.6,678.55,1274.41,154.23000000000002,9.243299611641177,0.0,166.69000000000005,16.28468151621728,1.0,11010.070086878733,348.4817683046192
2025-08-24 11:00:00,1554.31,1688.14,1517.1,1577.79,794.43,930.07,546.56,1222.76,133.83000000000015,7.927660028196722,0.0,135.6400000000001,14.583848527530197,1.0,11189.889014516675,372.47207344315154
2025-08-24 12:00:00,1535.71,1690.23,1497.42,1563.32,796.59,1180.11,597.92,1242.99,154.51999999999998,9.141951095413049,0.0,383.51999999999987,32.49866537865114,1.0,11301.293033385984,400.7996117046472
2025-08-24 13:00:00,1512.92,1692.99,1439.95,1551.25,753.45,1175.61,569.81,1190.42,180.06999999999994,10.636211672839174,0.0,422.15999999999985,35.90986806849209,1.0,11426.014091600899,431.31516068295554
2025-08-24 14:00:00,1515.84,1702.39,1413.69,1567.42,681.82,975.16,406.43,1087.64,186.55000000000018,10.958123579203367,0.0,293.3399999999999,30.081217441240405,1.0,11459.091424499105,457.3248301469657
2025-08-24 15:00:00,1519.21,1714.3,1433.78,1582.06,569.1,712.97,218.58,935.93,195.08999999999992,11.380155165373617,0.0,143.87,20.17896966211762,1.0,11329.954228533246,474.01801211338255
2025-08-24 16:00:00,1450.71,1667.28,1383.92,1535.52,470.79,522.45,158.83,768.8,216.56999999999994,12.989419893479196,0.0,51.660000000000025,9.88802756244617,1.0,11254.175514936142,485.9701642721001
2025-08-24 17:00:00,1241.29,1512.02,1140.46,1343.34,394.44,425.49,170.94,648.19,270.73,17.905186439332816,0.0,31.05000000000001,7.297468800676869,1.0,10932.629705975925,487.7058701677114
2025-08-24 19:00:00,227.42,386.53,193.84,275.34,651.9,458.15,370.92,1000.03,159.10999999999999,41.16368716529118,0.0,193.75,42.28964312997927,1.0,10534.882765074939,487.9399937325899
2025-08-24 20:00:00,10.77,33.85,8.36,13.45,1139.91,960.21,645.52,1631.68,23.080000000000002,68.18316100443131,0.0,179.70000000000005,18.714656168963042,1.0,10611.522610874963,487.9381847324977
2025-08-24 21:00:00,0.0,4.8,0.0,0.0,1672.61,1622.37,1120.79,2215.09,4.8,100.0,0.0,50.24000000000001,3.09670420434303,1.0,10594.177665862135,487.3177003627374
2025-08-24 22:00:00,0.0,0.0,0.0,0.0,2010.91,2267.94,1585.87,2326.67,0.0,,1.0,257.03,11.333192236126175,1.0,10549.394338537322,486.582440400554
2025-08-24 23:00:00,0.0,0.0,0.0,0.0,2199.4,2467.3,1868.88,2391.15,0.0,,1.0,267.9000000000001,10.858022940055935,0.0,10467.316046303476,483.9027278738528
2025-08-25 00:00:00,0.0,0.0,0.0,0.0,2295.26,2511.93,1954.82,2434.15,0.0,,1.0,216.66999999999962,8.625638453300834,0.0,10374.580155782087,481.63131542084227
2025-08-25 01:00:00,0.0,0.0,0.0,0.0,2338.42,2307.48,1777.01,2512.93,0.0,,1.0,30.940000000000055,1.3408566921490135,1.0,10256.75189473432,476.75989442938624
2025-08-25 02:00:00,0.0,0.0,0.0,0.0,2231.32,1943.86,1735.62,2376.46,0.0,,1.0,287.46000000000026,14.788102023808314,1.0,10205.708804273936,467.5441538297575
2025-08-25 03:00:00,0.0,0.0,0.0,0.0,2002.72,1706.29,1630.76,2120.23,0.0,,1.0,296.43000000000006,17.372779539234248,1.0,10229.187745261292,455.22140346240326
2025-08-25 04:00:00,0.0,0.0,0.0,0.0,1699.76,1490.91,1396.89,1791.2,0.0,,1.0,208.8499999999999,14.008223165717576,1.0,10174.359003874899,449.95625311722273
2025-08-25 05:00:00,0.0,0.0,0.0,0.0,1319.38,1179.84,1058.73,1530.57,0.0,,1.0,139.5400000000002,11.827027393544904,1.0,10251.273298439499,442.0350489445815
2025-08-25 06:00:00,25.48,4.82,19.02,31.78,1048.39,935.62,887.76,1353.06,20.66,428.63070539419084,0.0,112.7700000000001,12.052970222953775,1.0,10488.576610282164,429.56443795617264
2025-08-25 07:00:00,329.65,316.39,295.99,369.83,919.18,803.41,657.37,1467.72,13.259999999999991,4.191030057840004,1.0,115.76999999999998,14.409828107690966,1.0,10423.698504471824,423.8892009047304
2025-08-25 08:00:00,918.85,1054.37,857.23,978.62,655.07,556.06,433.06,1206.73,135.51999999999987,12.853172984815567,0.0,99.0100000000001,17.805632485703,1.0,10692.79919519056,419.74581202883644
2025-08-25 09:00:00,1340.42,1491.4,1302.88,1351.85,364.48,312.1,200.28,806.16,150.98000000000002,10.12337401099638,0.0,52.379999999999995,16.78308234540211,1.0,11179.327723173868,430.269214397211
2025-08-25 10:00:00,1485.46,1635.05,1462.69,1495.64,183.4,212.43,117.38,458.31,149.58999999999992,9.148955689428453,0.0,29.03,13.665678105728945,1.0,11330.70038475901,444.02820501487247
2025-08-25 11:00:00,1505.59,1688.64,1478.2,1538.7,120.17,148.08,69.85,241.14,183.05000000000018,10.840084328216799,0.0,27.91000000000001,18.847920043219887,1.0,11367.301447585312,453.12970902168587
2025-08-25 12:00:00,1499.97,1676.8,1472.76,1545.41,108.88,108.1,51.59,253.92,176.82999999999993,10.545682251908394,0.0,0.7800000000000011,0.721554116558743,1.0,11542.99342165041,468.27811886444454
2025-08-25 13:00:00,1483.04,1638.34,1419.44,1537.42,106.41,101.67,51.53,210.9,155.29999999999995,9.479106900887482,0.0,4.739999999999995,4.6621422248450815,1.0,11500.160797570712,473.06218418991614
2025-08-25 14:00:00,1482.67,1694.54,1395.11,1553.31,119.01,69.9,53.03,266.44,211.8699999999999,12.503098185938361,0.0,49.11,70.25751072961373,1.0,11475.175164758377,474.0967563694153
2025-08-25 15:00:00,1473.17,1697.93,1401.96,1566.9,126.81,61.56,71.86,299.79,224.76,13.237294823697088,0.0,65.25,105.99415204678363,0.0,11270.099844813441,471.1540021540034
2025-08-25 16:00:00,1394.3,1612.21,1327.05,1511.0,135.54,67.81,84.7,336.31,217.91000000000008,13.516229275342548,0.0,67.72999999999999,99.88202330039815,0.0,11324.73074015241,474.5511546702099
2025-08-25 17:00:00,1184.81,1494.32,1110.42,1305.33,157.2,91.0,107.07,283.44,309.51,20.712431072327213,0.0,66.19999999999999,72.74725274725273,0.0,11224.59466641602,482.64757323976306
2025-08-25 19:00:00,204.45,321.09,177.44,254.52,537.58,375.23,294.57,751.68,116.63999999999999,36.32626366439316,0.0,162.35000000000002,43.2667963648962,1.0,10803.298647046193,480.95872923268325
2025-08-25 20:00:00,7.75,6.11,5.39,10.1,926.0,652.77,508.17,1324.6,1.6399999999999997,26.841243862520454,1.0,273.23,41.85700936011153,1.0,10687.956982152858,479.8616075378074
2025-08-25 21:00:00,0.0,0.0,0.0,0.0,1250.34,911.87,711.87,1753.84,0.0,,1.0,338.4699999999999,37.118229572197784,1.0,10671.950149493374,478.6022027321044
2025-08-25 22:00:00,0.0,0.0,0.0,0.0,1472.58,1319.39,968.41,1903.94,0.0,,1.0,153.18999999999983,11.610668566534521,1.0,10713.435159274928,475.8346693972872
2025-08-25 23:00:00,0.0,0.0,0.0,0.0,1776.84,1444.25,1390.97,2014.49,0.0,,1.0,332.5899999999999,23.028561537129992,1.0,10479.47289051272,475.4492117904142
2025-08-26 00:00:00,0.0,0.0,0.0,0.0,1846.8,1394.72,1503.49,1975.25,0.0,,1.0,452.0799999999999,32.41367442927612,0.0,10192.629216536192,484.2384560730452
2025-08-26 01:00:00,0.0,0.0,0.0,0.0,,1280.01,,,0.0,,1.0,,,0.0,10258.044890565714,484.173954257204
2025-08-26 02:00:00,0.0,0.0,0.0,0.0,,1263.86,,,0.0,,1.0,,,0.0,9969.150360174626,499.2474275325965
2025-08-26 03:00:00,0.0,0.0,0.0,0.0,1479.18,1218.57,997.46,1998.39,0.0,,1.0,260.6100000000001,21.386543243309795,1.0,9982.016234303266,513.9352458074874
2025-08-26 04:00:00,0.0,0.0,0.0,0.0,1357.35,962.4,929.42,1983.7,0.0,,1.0,394.94999999999993,41.038029925187026,1.0,10085.865830174618,518.8592489349203
2025-08-26 05:00:00,0.0,0.0,0.0,0.0,1179.26,827.68,650.49,1958.22,0.0,,1.0,351.58000000000004,42.47776918615891,1.0,10255.140188906864,518.685533879636
2025-08-26 06:00:00,22.34,3.94,13.82,27.77,1016.52,855.22,558.26,1897.91,18.4,467.00507614213194,0.0,161.29999999999995,18.860644044807177,1.0,10368.671437510004,522.2732097216391
2025-08-26 07:00:00,313.79,293.69,243.94,353.41,872.23,857.43,492.48,1535.33,20.100000000000023,6.843951104906541,1.0,14.800000000000068,1.726088427043615,1.0,10729.680234304808,516.7934801941586
2025-08-26 08:00:00,880.5,994.42,752.68,953.53,660.5,543.95,384.62,1332.13,113.91999999999996,11.455924056233782,0.0,116.54999999999995,21.426601709715957,1.0,10948.682365269222,517.1883677144142
2025-08-26 09:00:00,1316.99,1464.28,1258.54,1337.87,392.19,211.06,209.13,885.45,147.28999999999996,10.058868522413745,0.0,181.13,85.8191983322278,1.0,11091.479255521517,514.7491277378293
2025-08-26 10:00:00,1448.86,1611.56,1393.94,1482.05,214.75,154.8,105.94,425.21,162.70000000000005,10.095807788726455,0.0,59.94999999999999,38.727390180878544,1.0,11290.183579674582,513.0103401250595
2025-08-26 11:00:00,1488.45,1654.05,1435.14,1516.24,168.56,224.19,86.27,240.55,165.5999999999999,10.011789244581475,0.0,55.629999999999995,24.813774030955884,1.0,11568.973703590156,524.1958188716497
2025-08-26 12:00:00,1467.02,1657.4,1388.63,1496.85,196.03,275.98,95.2,315.82,190.3800000000001,11.486665862193805,0.0,79.95000000000002,28.969490542792958,1.0,11730.418546748682,536.8225897803378
2025-08-26 13:00:00,1447.03,1649.2,1387.1,1462.69,239.37,262.74,108.77,442.69,202.17000000000007,12.258670870725204,0.0,23.370000000000005,8.894724823018956,1.0,11684.753941863737,548.2140385258164
2025-08-26 14:00:00,1447.43,1651.75,1359.9,1474.14,266.15,248.75,106.37,528.84,204.31999999999994,12.369910700771905,0.0,17.399999999999977,6.99497487437185,1.0,11726.023225555407,563.3070558330785
2025-08-26 15:00:00,1450.8,1615.55,1363.86,1479.2,241.83,192.86,90.58,576.88,164.75,10.19776546686887,0.0,48.97,25.391475681841747,1.0,11582.983511581326,577.221531957625
2025-08-26 16:00:00,1380.79,1524.75,1299.6,1423.41,244.88,131.5,82.02,596.91,143.96000000000004,9.441547794720448,0.0,113.38,86.22053231939162,1.0,11412.81197180265,580.642602264824
2025-08-26 17:00:00,1180.9,1390.93,1123.93,1243.51,242.85,151.1,95.03,445.22,210.02999999999997,15.099969085432047,0.0,91.75,60.72137657180675,1.0,11291.448617747103,582.6574899262245
2025-08-26 19:00:00,197.45,293.69,174.14,239.83,671.09,394.97,420.25,1028.47,96.24000000000001,32.769246484388304,0.0,276.12,69.9091070207864,0.0,10965.879383143898,586.3172623955722
2025-08-26 20:00:00,7.07,8.5,5.38,8.76,1062.19,597.62,597.01,1376.89,1.4299999999999997,16.823529411764703,1.0,464.57000000000005,77.73668886583448,1.0,10984.717962164714,585.427231410935
2025-08-26 21:00:00,0.0,0.0,0.0,0.0,1327.74,1148.71,711.23,1620.55,0.0,,1.0,179.02999999999997,15.585308737627424,1.0,10866.916470086744,583.7224864105586
2025-08-26 22:00:00,0.0,0.0,0.0,0.0,1430.53,1725.49,837.68,1741.49,0.0,,1.0,294.96000000000004,17.09427466980394,1.0,10686.220115465398,584.1088505840229
2025-08-26 23:00:00,0.0,0.0,0.0,0.0,1415.68,1822.15,1004.54,1765.24,0.0,,1.0,406.47,22.307164613231624,0.0,10657.052651273798,579.7922292168665
2025-08-27 00:00:00,0.0,0.0,0.0,0.0,1428.68,2085.17,1002.32,1850.86,0.0,,1.0,656.49,31.483763913733654,0.0,10576.556314642645,564.6012174704263
2025-08-27 01:00:00,0.0,0.0,0.0,0.0,1474.92,2215.1,943.14,1908.85,0.0,,1.0,740.1799999999998,33.415195702225624,0.0,10396.946975636474,558.2685252278503
2025-08-27 02:00:00,0.0,0.0,0.0,0.0,1346.04,1986.89,791.66,1771.07,0.0,,1.0,640.8500000000001,32.25392447493319,0.0,10388.326380260107,533.2531561708748
2025-08-27 03:00:00,0.0,0.0,0.0,0.0,1320.6,1620.01,627.93,1652.19,0.0,,1.0,299.4100000000001,18.481984679106926,1.0,10158.945140278678,520.5547872107711
2025-08-27 04:00:00,0.0,0.0,0.0,0.0,1127.96,1259.21,498.03,1567.26,0.0,,1.0,131.25,10.423201848778202,1.0,10148.12113298782,516.2301430305841
2025-08-27 05:00:00,0.0,0.0,0.0,0.0,996.57,712.69,467.94,1468.97,0.0,,1.0,283.88,39.832185101516785,1.0,10128.625201745712,524.1819953765541
2025-08-27 06:00:00,18.61,2.55,13.05,21.74,837.74,414.13,393.37,1444.62,16.06,629.8039215686274,0.0,423.61,102.28913626156037,1.0,10372.283477674102,524.0109359584928
2025-08-27 07:00:00,294.47,267.03,230.04,330.32,715.35,161.87,417.29,1363.37,27.440000000000055,10.2759989514287,1.0,553.48,341.9287082226478,0.0,10656.148442911584,525.5155697811605
2025-08-27 08:00:00,850.77,962.59,693.87,890.9,597.64,88.35,323.24,1310.54,111.82000000000005,11.616576112363525,0.0,509.28999999999996,576.4459535936616,0.0,10923.133318125449,525.5196152617128
2025-08-27 09:00:00,1313.91,1439.62,1187.06,1341.12,411.17,69.85,165.32,990.48,125.70999999999981,8.732165432544686,0.0,341.32000000000005,488.6471009305656,0.0,11215.297261904003,527.7023610648662
2025-08-27 10:00:00,1477.86,1612.16,1344.29,1499.71,299.39,130.78,175.7,693.15,134.30000000000018,8.330438666137367,0.0,168.60999999999999,128.92644135188866,0.0,11508.747931838441,535.7883222947637
2025-08-27 11:00:00,1526.98,1647.95,1422.96,1557.08,417.46,246.47,278.12,699.88,120.97000000000003,7.3406353348099165,0.0,170.98999999999998,69.37558323528218,0.0,11668.08517881756,541.1095758011097
2025-08-27 12:00:00,1514.3,1672.68,1420.23,1539.8,633.95,359.82,493.69,1017.19,158.3800000000001,9.468637157137055,0.0,274.13000000000005,76.18531487966207,0.0,11867.241993308324,550.2700615109597
2025-08-27 13:00:00,1494.13,1672.47,1419.68,1511.45,772.93,517.99,634.34,1203.9,178.33999999999992,10.663270492146342,0.0,254.93999999999994,49.21716635456282,0.0,11834.729740588193,559.6141974872063
2025-08-27 14:00:00,1496.42,1629.26,1402.97,1518.13,800.19,692.64,439.6,1212.45,132.83999999999992,8.153394792727982,0.0,107.55000000000007,15.527546777546789,1.0,11874.730374445411,569.1188103353651
2025-08-27 15:00:00,1489.47,1685.16,1399.65,1523.56,802.78,678.82,347.03,1167.66,195.69000000000005,11.612547176529233,0.0,123.95999999999992,18.261100144368157,1.0,11519.040164239887,566.2857231610678
2025-08-27 16:00:00,1408.89,1616.45,1308.85,1455.24,771.84,640.08,308.47,1151.59,207.55999999999995,12.840483776176184,0.0,131.76,20.584926884139477,1.0,11514.220754562091,570.0899096205135
2025-08-27 17:00:00,1192.78,1400.76,1078.76,1246.9,751.97,596.09,346.96,1228.41,207.98000000000002,14.84765413061481,0.0,155.88,26.150413528158495,1.0,11425.922300636976,573.9788615961787
2025-08-27 19:00:00,188.32,273.5,170.94,202.56,1139.33,880.31,757.9,1721.44,85.18,31.14442413162706,0.0,259.02,29.423725732980426,1.0,10986.69253795591,573.8587174750471
2025-08-27 20:00:00,6.14,10.54,4.74,7.19,1574.24,1111.48,952.06,2360.78,4.3999999999999995,41.74573055028463,0.0,462.76,41.63457732032965,1.0,11292.37004907625,577.357274848914
2025-08-27 21:00:00,0.0,0.0,0.0,0.0,1980.59,1686.43,1288.71,2900.77,0.0,,1.0,294.15999999999985,17.442763707951105,1.0,11115.528199964057,577.2007491289477
2025-08-27 22:00:00,0.0,0.0,0.0,0.0,2191.0,2178.82,1710.39,3002.53,0.0,,1.0,12.179999999999836,0.5590181841547184,1.0,10936.537957727578,573.443883307718
2025-08-27 23:00:00,0.0,0.0,0.0,0.0,2383.37,2489.17,2064.1,2965.69,0.0,,1.0,105.80000000000018,4.250412788198483,1.0,10812.879858241893,570.0849037161136
2025-08-28 00:00:00,0.0,0.0,0.0,0.0,2478.24,2642.3,2179.85,2925.82,0.0,,1.0,164.0600000000004,6.208984596752844,1.0,10729.326723243123,565.7349218320427
2025-08-28 01:00:00,0.0,0.0,0.0,0.0,2472.96,2507.83,2157.72,2797.84,0.0,,1.0,34.86999999999989,1.390445125865784,1.0,10581.042573204397,558.0011205892649
2025-08-28 02:00:00,0.0,0.0,0.0,0.0,2340.05,2292.99,1929.74,2595.04,0.0,,1.0,47.0600000000004,2.0523421384306255,1.0,10482.535813961129,553.5625804517268
2025-08-28 03:00:00,0.0,0.0,0.0,0.0,2095.33,2122.39,1720.59,2439.63,0.0,,1.0,27.059999999999945,1.2749777373621223,1.0,10405.456872157694,538.5954095485567
2025-08-28 04:00:00,0.0,0.0,0.0,0.0,1892.03,1820.16,1436.51,2225.71,0.0,,1.0,71.86999999999989,3.9485539732770683,1.0,10482.140091348543,518.2093619268824
2025-08-28 05:00:00,0.0,0.0,0.0,0.0,1692.3,1427.83,1228.92,1994.79,0.0,,1.0,264.47,18.522513184342674,1.0,10581.32600655665,490.16860102784943
2025-08-28 06:00:00,11.88,2.14,6.07,12.07,1516.05,1074.59,1059.25,1845.75,9.74,455.14018691588785,0.0,441.46000000000004,41.08171488660793,1.0,10648.360751842723,475.8007399624063
2025-08-28 07:00:00,230.02,210.88,138.68,240.57,1376.88,760.01,1050.68,2066.74,19.140000000000015,9.07625189681336,1.0,616.8700000000001,81.16603728898306,0.0,10716.799871832993,473.52858326898144
2025-08-28 08:00:00,672.1,834.63,438.35,740.22,1150.06,636.76,765.34,1994.74,162.52999999999997,19.473299545906567,0.0,513.3,80.61121929769457,0.0,10699.515096754987,479.25818358965586
2025-08-28 09:00:00,1085.66,1204.84,658.76,1208.04,760.04,390.97,412.98,1577.89,119.17999999999984,9.891769861558368,1.0,369.06999999999994,94.3985472031102,0.0,10994.813817250642,478.8131409083897
2025-08-28 10:00:00,1251.11,1296.84,773.11,1437.55,471.96,276.71,304.74,1210.42,45.73000000000002,3.526263841337406,1.0,195.25,70.56123739655236,0.0,11272.15619347877,471.9502789475497
2025-08-28 11:00:00,1325.26,1204.79,848.67,1416.91,514.44,245.31,369.89,966.68,120.47000000000003,9.999252981847462,1.0,269.13000000000005,109.71016265133915,0.0,11349.444394672251,458.639919484009
2025-08-28 12:00:00,1327.89,1324.35,888.26,1409.63,623.82,361.55,386.7,905.53,3.540000000000191,0.26730094008382915,1.0,262.27000000000004,72.54045083667543,0.0,11420.259301094069,432.560355244598
2025-08-28 13:00:00,1248.03,1205.21,792.18,1388.92,682.43,404.96,344.35,1180.02,42.819999999999936,3.5529077920030483,1.0,277.46999999999997,68.51787830896879,1.0,11165.455396190266,399.14263123297906
2025-08-28 14:00:00,1185.46,1110.39,685.38,1339.09,689.1,456.58,257.83,1264.11,75.06999999999994,6.760687686308407,1.0,232.52000000000004,50.92645319549697,1.0,11249.183315938988,358.4754576455958
2025-08-28 15:00:00,1067.18,1166.24,592.35,1267.06,682.9,530.69,198.79,1129.59,99.05999999999995,8.493963506653856,1.0,152.20999999999992,28.681527822269103,1.0,11302.457764869767,346.9216035385308
2025-08-28 16:00:00,935.11,763.82,495.51,1111.75,675.08,772.38,212.06,1163.82,171.28999999999996,22.425440548820397,1.0,97.29999999999995,12.597426137393505,1.0,11302.63506052802,335.0688827823923
2025-08-28 17:00:00,728.87,599.8,417.48,893.37,830.68,957.68,368.76,1274.13,129.07000000000005,21.51883961320441,1.0,127.0,13.261214601954723,1.0,11038.244429628183,320.91146584222327
2025-08-28 19:00:00,91.74,140.68,46.29,153.76,1059.8,892.09,732.45,1649.85,48.94000000000001,34.788171737276095,1.0,167.70999999999992,18.799672678765585,1.0,10784.27366128582,317.875573399429
2025-08-28 20:00:00,2.68,4.02,1.14,4.58,1230.19,1014.87,873.55,1565.59,1.3399999999999994,33.33333333333332,1.0,215.32000000000005,21.216510489028156,1.0,11085.227195165256,310.246042168042
2025-08-28 21:00:00,0.0,0.0,0.0,0.0,1433.43,1033.31,974.62,1777.49,0.0,,1.0,400.1200000000001,38.722164694041496,1.0,10799.959910390655,308.2099574878246
2025-08-28 22:00:00,0.0,0.0,0.0,0.0,1515.16,1209.11,1231.29,1844.37,0.0,,1.0,306.0500000000002,25.312006351779427,0.0,10715.150411666222,310.5379623050716
2025-08-28 23:00:00,0.0,0.0,0.0,0.0,1541.04,1453.05,1249.65,1818.44,0.0,,1.0,87.99000000000001,6.055538350366471,1.0,10681.879411968861,313.20338851184545
2025-08-29 00:00:00,0.0,0.0,0.0,0.0,1498.58,1312.18,922.9,1733.27,0.0,,1.0,186.39999999999986,14.20536816595283,1.0,10672.274140734125,314.6936106449489
2025-08-29 01:00:00,0.0,0.0,0.0,0.0,1331.59,946.68,715.53,1712.04,0.0,,1.0,384.90999999999997,40.658934381205896,1.0,10474.205736398084,319.9396657907303
2025-08-29 02:00:00,0.0,0.0,0.0,0.0,1185.28,716.07,560.96,1703.51,0.0,,1.0,469.2099999999999,65.52571675953467,1.0,10327.96705698024,329.77226966697197
2025-08-29 03:00:00,0.0,0.0,0.0,0.0,1127.67,771.16,397.18,1783.06,0.0,,1.0,356.5100000000001,46.23035427148713,1.0,10136.971459220018,350.3852891872802
2025-08-29 04:00:00,0.0,0.0,0.0,0.0,1041.02,753.98,303.01,1792.95,0.0,,1.0,287.03999999999996,38.06997533091063,1.0,10135.871384952656,373.26690822292056
2025-08-29 05:00:00,0.0,0.0,0.0,0.0,954.44,659.43,233.42,1718.97,0.0,,1.0,295.0100000000001,44.737121453376425,1.0,10239.989293262794,390.13883102157774
2025-08-29 06:00:00,9.27,0.34,6.6,13.39,887.87,662.94,243.35,1638.19,8.93,2626.4705882352937,0.0,224.92999999999995,33.92916402691042,1.0,10362.441479444922,400.39583557342405
2025-08-29 07:00:00,205.61,135.31,136.59,273.4,752.65,603.2,200.47,1517.64,70.30000000000001,51.954770526938155,0.0,149.44999999999993,24.776193633952243,1.0,10604.551853697449,402.37241786149286
2025-08-29 08:00:00,674.02,613.38,466.96,893.95,632.68,427.17,181.15,1353.03,60.639999999999986,9.886204310541586,1.0,205.50999999999993,48.10965189503006,1.0,10904.231008068902,401.8568300888331
2025-08-29 09:00:00,1047.32,1238.31,757.27,1299.09,516.09,323.77,94.61,1104.98,190.99,15.423440010982711,1.0,192.32000000000005,59.400191493961785,1.0,11264.81361720899,410.3770242933336
2025-08-29 10:00:00,1169.09,1523.21,917.78,1463.77,472.1,349.35,13.19,870.57,354.1200000000001,23.248271741913467,0.0,122.75,35.13668241019035,1.0,11526.258249728402,425.0099167289362
2025-08-29 11:00:00,1351.17,1609.58,1182.45,1517.35,607.88,343.78,46.19,979.48,258.40999999999985,16.054498689099013,0.0,264.1,76.82238640991334,1.0,11712.046354079846,449.2433089817696
2025-08-29 12:00:00,1352.6,1604.97,1191.72,1514.19,528.36,326.26,80.3,855.68,252.37000000000012,15.724281450743636,0.0,202.10000000000002,61.9444614724453,1.0,11792.77611367541,474.91405383109833
2025-08-29 13:00:00,1309.18,1631.91,1211.85,1462.28,449.91,280.89,91.02,1159.49,322.73,19.776213149009443,0.0,169.02000000000004,60.17302146747839,1.0,11746.894923080616,503.9506970865686
2025-08-29 14:00:00,1273.68,1622.82,1199.61,1436.08,418.42,232.12,33.3,1190.53,349.1399999999999,21.514400857766102,0.0,186.3,80.26021023608479,1.0,11560.860402909882,517.0218501330738
2025-08-29 15:00:00,1322.81,1604.22,1163.99,1402.37,502.6,187.79,1.39,1306.97,281.4100000000001,17.541858348605558,0.0,314.81000000000006,167.6393844187657,1.0,11607.540904385962,530.4333323243625
2025-08-29 16:00:00,1272.37,1517.57,1066.27,1339.31,544.76,192.34,0.0,1458.44,245.20000000000005,16.157409542887645,0.0,352.41999999999996,183.22761776021625,1.0,11376.300208793784,532.87983645329
2025-08-29 17:00:00,1071.35,1378.34,856.44,1128.45,579.54,191.48,43.28,1537.97,306.99,22.27244366411771,0.0,388.05999999999995,202.66346354710674,1.0,11175.246583027369,534.7655891075273
2025-08-29 19:00:00,151.59,227.77,127.9,163.82,862.3,520.22,427.25,1431.99,76.18,33.44602010800369,0.0,342.0799999999999,65.75679520202989,1.0,10711.44826973916,535.7878280324348
2025-08-29 20:00:00,3.08,2.38,2.51,3.43,1146.69,856.63,867.19,1673.35,0.7000000000000002,29.41176470588236,0.0,290.06000000000006,33.86059325496423,0.0,11077.466820639396,535.6984534171874
2025-08-29 21:00:00,0.0,0.0,0.0,0.0,1368.64,1175.5,1119.97,2075.98,0.0,,1.0,193.1400000000001,16.430455125478527,1.0,10898.253007884654,534.9622834798424
2025-08-29 22:00:00,0.0,0.0,0.0,0.0,1417.91,1335.99,1198.04,2429.1,0.0,,1.0,81.92000000000007,6.13178242352114,1.0,10783.199486656715,533.8793345630023
2025-08-29 23:00:00,0.0,0.0,0.0,0.0,1433.66,1273.46,1026.49,2462.01,0.0,,1.0,160.20000000000005,12.579900428753163,1.0,10751.971869566309,532.5605927761724
2025-08-30 00:00:00,0.0,0.0,0.0,0.0,1293.99,1165.24,1018.82,2152.47,0.0,,1.0,128.75,11.049225910542035,1.0,10722.819886552485,531.5170710068589
2025-08-30 01:00:00,0.0,0.0,0.0,0.0,1218.24,889.09,1129.97,1730.63,0.0,,1.0,329.15,37.02099899897648,0.0,10561.670384514353,528.394804213712
2025-08-30 02:00:00,0.0,0.0,0.0,0.0,1160.39,707.29,1042.47,1460.57,0.0,,1.0,453.10000000000014,64.06141752322246,0.0,10526.088345640906,519.6500922019843
2025-08-30 03:00:00,0.0,0.0,0.0,0.0,999.12,707.28,599.71,1420.43,0.0,,1.0,291.84000000000003,41.26230064472345,1.0,10464.182445445575,500.9895327678987
2025-08-30 04:00:00,0.0,0.0,0.0,0.0,945.01,557.54,539.07,1444.83,0.0,,1.0,387.47,69.49635900563189,1.0,10247.876813297065,493.2780746187321
2025-08-30 05:00:00,0.0,0.0,0.0,0.0,956.67,471.38,479.45,1383.87,0.0,,1.0,485.28999999999996,102.95091009376722,0.0,10290.149077648339,490.09603826122077
2025-08-30 06:00:00,11.85,0.39,5.06,16.3,936.65,541.65,381.85,1292.33,11.459999999999999,2938.461538461538,0.0,395.0,72.9253207791009,1.0,10143.78672379427,503.97925870732047
2025-08-30 07:00:00,248.67,197.87,146.09,309.37,876.74,750.65,271.09,1078.0,50.79999999999998,25.673421943700397,1.0,126.09000000000003,16.79744221674549,1.0,10474.35093292858,508.8112819256639
2025-08-30 08:00:00,807.77,875.45,553.89,952.36,805.62,816.27,405.99,1041.63,67.68000000000006,7.730881261065744,1.0,10.649999999999977,1.3047153515380912,1.0,11012.983629394766,508.6937615620625
2025-08-30 09:00:00,1230.48,1397.39,1017.4,1340.23,652.93,600.55,371.78,1068.51,166.91000000000008,11.944410651285615,0.0,52.379999999999995,8.722004828906835,1.0,11319.606272382418,510.17873202831896
2025-08-30 10:00:00,1412.06,1592.55,1301.62,1458.63,681.82,575.87,301.71,1109.66,180.49,11.333396125710339,0.0,105.95000000000005,18.39824960494557,1.0,11551.521093853506,511.38846179040496
2025-08-30 11:00:00,1487.29,1655.78,1445.35,1502.58,872.26,642.18,456.6,1209.5,168.49,10.175868774837237,0.0,230.08000000000004,35.82796100781713,1.0,11750.327338630983,513.8351052442546
2025-08-30 12:00:00,1484.85,1643.03,1462.15,1533.69,980.22,637.08,560.79,1352.02,158.18000000000006,9.627334863027459,0.0,343.14,53.86136748916933,1.0,11928.725316470402,523.8542929346173
2025-08-30 13:00:00,1454.97,1629.02,1429.34,1508.02,967.9,713.17,663.84,1579.79,174.04999999999995,10.68433782274005,0.0,254.73000000000002,35.717991502727266,1.0,11737.979221146596,523.2927133650634
2025-08-30 14:00:00,1437.8,1521.41,1379.68,1484.16,1009.83,773.23,611.01,1746.14,83.61000000000013,5.495560039700023,0.0,236.60000000000002,30.598916234496855,1.0,11694.206237239407,530.3470612437293
2025-08-30 15:00:00,1412.62,1395.97,1273.65,1462.14,1001.51,855.24,544.98,1825.03,16.649999999999864,1.1927190412401316,1.0,146.26999999999998,17.1028015527805,1.0,11614.79432328117,530.7166320036281
2025-08-30 16:00:00,1285.74,1253.77,1049.61,1382.96,1035.81,837.05,550.0,1783.67,31.970000000000027,2.549909473029346,1.0,198.76,23.745295979929516,1.0,11397.641595568106,531.4101513769027
2025-08-30 17:00:00,1018.19,708.25,811.29,1140.27,1023.1,844.98,507.9,1600.63,309.94000000000005,43.76138369219909,0.0,178.12,21.0797888707425,1.0,11161.251201793324,531.206233150577
2025-08-30 19:00:00,132.4,185.18,105.88,159.7,1294.8,505.12,941.94,1579.58,52.78,28.501998055945567,0.0,789.68,156.33512828634778,0.0,10756.147791080322,530.7449172574026
2025-08-30 20:00:00,1.87,4.08,1.29,2.78,1560.32,688.51,997.78,2083.72,2.21,54.166666666666664,0.0,871.81,126.62270700498178,0.0,10895.229291825626,530.7278379296984
2025-08-30 21:00:00,0.0,0.0,0.0,0.0,1855.0,1283.09,1259.92,2642.3,0.0,,1.0,571.9100000000001,44.572867063105484,1.0,10869.74189152283,530.953921521763
2025-08-30 22:00:00,0.0,0.0,0.0,0.0,2026.37,1233.86,1475.72,2895.63,0.0,,1.0,792.51,64.23013956202487,0.0,10710.613576116508,532.3299265562988
2025-08-30 23:00:00,0.0,0.0,0.0,0.0,2123.9,934.41,1196.67,3025.2,0.0,,1.0,1189.4900000000002,127.29850921972157,0.0,10427.147871798508,542.3402827870417
2025-08-31 00:00:00,0.0,0.0,0.0,0.0,2132.14,1003.76,1177.41,2890.99,0.0,,1.0,1128.3799999999999,112.41531840280543,0.0,10350.623584719508,554.7070010326366
2025-08-31 01:00:00,0.0,0.0,0.0,0.0,2066.47,997.14,1397.48,2665.61,0.0,,1.0,1069.33,107.23970555789558,0.0,10078.116835767776,577.6619927226905
2025-08-31 02:00:00,0.0,0.0,0.0,0.0,1864.0,1031.59,1369.74,2481.02,0.0,,1.0,832.4100000000001,80.69194156593221,0.0,10045.417853184206,600.0993903076583
2025-08-31 03:00:00,0.0,0.0,0.0,0.0,1703.86,801.08,1323.38,2350.24,0.0,,1.0,902.7799999999999,112.69536126229586,0.0,10087.366699620932,616.90935272658
2025-08-31 04:00:00,0.0,0.0,0.0,0.0,1533.97,630.65,1179.74,2178.6,0.0,,1.0,903.32,143.23634345516533,0.0,10001.114615613027,630.0329708527477
2025-08-31 05:00:00,0.0,0.0,0.0,0.0,1339.48,645.24,967.73,2041.23,0.0,,1.0,694.24,107.59407352303019,0.0,10005.344948985994,644.1883669783764
2025-08-31 06:00:00,12.0,0.45,9.36,15.88,1281.59,588.05,904.93,1858.39,11.55,2566.666666666667,0.0,693.54,117.9389507694924,0.0,9940.600520779035,655.3869813207626
2025-08-31 07:00:00,270.3,179.83,252.99,309.34,1194.71,670.97,871.79,1787.54,90.47,50.30862481232275,0.0,523.74,78.05714115385189,0.0,10357.683484331568,658.8083887905909
2025-08-31 08:00:00,879.47,817.14,844.34,965.09,981.16,651.64,771.46,1691.72,62.33000000000004,7.627823873510052,0.0,329.52,50.56779817076913,0.0,10644.573102111863,659.3028936609448
2025-08-31 09:00:00,1349.85,1413.66,1304.52,1382.7,625.1,402.62,430.91,1269.72,63.81000000000017,4.513815203089864,0.0,222.48000000000002,55.25805970890667,0.0,10655.253728260795,652.2633481316816
2025-08-31 10:00:00,1506.19,1597.77,1485.12,1519.3,368.67,238.89,234.53,768.07,91.57999999999993,5.731738610688643,0.0,129.78000000000003,54.32625894763282,1.0,10678.995205571511,633.3985462328794
2025-08-31 11:00:00,1535.44,1664.5,1513.73,1556.95,309.45,254.89,178.14,621.93,129.05999999999995,7.753679783718831,0.0,54.56,21.40531209541371,1.0,10687.59579812319,598.6180479760577
2025-08-31 12:00:00,1513.3,1672.97,1486.6,1538.64,335.49,301.93,199.51,603.4,159.67000000000007,9.544104197923458,0.0,33.56,11.11515914284768,1.0,10856.760343589029,542.9334247140316
2025-08-31 13:00:00,1482.96,1654.4,1434.57,1509.63,387.44,368.36,235.12,684.86,171.44000000000005,10.362669245647972,0.0,19.079999999999984,5.179715495710713,1.0,10978.455315679812,499.4973749782955
2025-08-31 14:00:00,1475.31,1649.3,1421.1,1521.76,396.1,523.26,260.77,579.92,173.99,10.549323955617536,0.0,127.15999999999997,24.301494476933065,1.0,11097.251761220185,458.79842195283453
2025-08-31 15:00:00,1488.09,1625.07,1436.07,1527.43,414.26,728.76,251.56,672.29,136.98000000000002,8.429175358599938,0.0,314.5,43.155497008617374,0.0,11192.945591570073,426.447602934265
2025-08-31 16:00:00,1402.17,1538.17,1352.8,1447.04,425.95,865.37,295.97,750.18,136.0,8.841675497506778,0.0,439.42,50.77827981094792,0.0,11091.4098837774,406.08787268437965
2025-08-31 17:00:00,1138.19,1275.55,1048.17,1184.73,430.45,871.95,355.2,800.86,137.3599999999999,10.768688016933863,0.0,441.50000000000006,50.63363724984231,0.0,10605.129596789082,388.2400566220293
2025-08-31 19:00:00,150.55,176.0,132.16,178.3,499.86,636.77,378.54,777.8,25.44999999999999,14.460227272727266,1.0,136.90999999999997,21.500698839455374,1.0,10251.160904514814,388.15325430969136
2025-08-31 20:00:00,2.07,0.49,1.38,2.55,562.71,538.27,348.75,813.05,1.5799999999999998,322.4489795918367,0.0,24.440000000000055,4.540472253701684,1.0,10413.250054855098,381.1592672809992
2025-08-31 21:00:00,0.0,11.94,0.0,0.0,604.5,576.24,445.81,722.38,11.94,100.0,0.0,28.25999999999999,4.904206580591419,1.0,10194.813522580109,378.8022885046201
2025-08-31 22:00:00,0.0,0.07,0.0,0.0,583.6,539.48,460.16,670.4,0.07,100.0,0.0,44.120000000000005,8.17824571809891,1.0,10097.002605482265,383.77747278377745
2025-08-31 23:00:00,0.0,2.01,0.0,0.0,516.69,480.9,393.47,612.81,2.01,100.0,0.0,35.79000000000008,7.44229569557082,1.0,,
