DT,SOLAR_FORECAST,SOLAR_ACTUAL,SOLAR_MIN,SOLAR_MAX,WIND_FORECAST,WIND_ACTUAL,WIND_MIN,WIND_MAX,SOLAR_AE,SOLAR_APE_%,SOLAR_IN_RANGE,WIND_AE,WIND_APE_%,WIND_IN_RANGE,TOTAL_SUPPLY_MW,ROLLING_STD_24H
2025-09-01 00:00:00,0.0,0.0,0.0,0.0,472.77,413.52,327.69,570.81,0.0,,1.0,59.25,14.328206616366804,1.0,9607.257388302485,
2025-09-01 01:00:00,0.0,0.0,0.0,0.0,447.3,371.61,286.35,574.09,0.0,,1.0,75.69,20.36812787599903,1.0,9458.153902919548,
2025-09-01 02:00:00,0.0,0.0,0.0,0.0,409.71,273.82,248.38,501.32,0.0,,1.0,135.89,49.62749251332992,1.0,9427.391300979025,
2025-09-01 03:00:00,0.0,0.0,0.0,0.0,371.11,175.22,209.82,437.7,0.0,,1.0,195.89000000000001,111.79659856180801,0.0,9419.898442349098,
2025-09-01 04:00:00,0.0,0.0,0.0,0.0,313.03,127.55,160.36,393.59,0.0,,1.0,185.47999999999996,145.4174833398667,0.0,9526.927516643607,
2025-09-01 05:00:00,0.0,0.0,0.0,0.0,291.5,103.93,133.1,381.86,0.0,,1.0,187.57,180.4772442990474,0.0,9567.05168251478,
2025-09-01 06:00:00,9.84,0.91,7.1,14.76,249.81,93.34,112.1,347.26,8.93,981.3186813186812,0.0,156.47,167.63445468180845,0.0,9525.889815722112,
2025-09-01 07:00:00,248.29,174.38,202.14,300.03,219.59,84.88,94.69,334.9,73.91,42.38444775777039,0.0,134.71,158.70640904806788,0.0,9763.014991297461,
2025-09-01 08:00:00,820.53,732.23,699.17,955.71,160.48,67.02,58.25,291.71,88.29999999999995,12.059052483509273,1.0,93.46,139.45091017606686,1.0,10003.89390671405,
2025-09-01 09:00:00,1285.23,1300.53,1218.76,1365.27,85.09,44.19,38.23,192.36,15.299999999999955,1.1764434499780823,1.0,40.900000000000006,92.55487666892964,1.0,10389.074880867609,
2025-09-01 10:00:00,1452.09,1511.49,1391.14,1497.8,53.2,40.39,36.66,114.16,59.40000000000009,3.9298969890637774,0.0,12.810000000000002,31.715771230502604,1.0,10567.610328696768,
2025-09-01 11:00:00,1487.19,1563.01,1438.36,1545.2,70.98,41.77,39.68,120.47,75.81999999999994,4.85089666732778,0.0,29.21,69.93057218099113,1.0,10761.162209858423,
2025-09-01 12:00:00,1477.74,1617.49,1427.82,1519.87,93.59,66.75,49.09,132.42,139.75,8.639929767726539,0.0,26.840000000000003,40.20973782771536,1.0,10798.47500745366,
2025-09-01 13:00:00,1452.09,1559.96,1409.34,1497.29,106.92,97.14,46.45,168.89,107.87000000000012,6.914920895407582,0.0,9.780000000000001,10.06794317479926,1.0,10943.791879320604,
2025-09-01 14:00:00,1442.74,1581.75,1385.2,1509.55,132.87,76.41,57.12,189.04,139.01,8.788367314683104,0.0,56.46000000000001,73.8908519827248,1.0,11040.94698804085,
2025-09-01 15:00:00,1426.85,1483.8,1380.5,1518.29,136.12,60.09,58.76,211.78,56.950000000000045,3.838118344790406,1.0,76.03,126.52687635213846,1.0,11054.386117561939,
2025-09-01 16:00:00,1338.84,1299.42,1300.02,1434.31,169.79,37.1,62.46,353.41,39.419999999999845,3.0336611719074544,0.0,132.69,357.65498652291103,0.0,10868.224441608947,
2025-09-01 17:00:00,1046.14,1068.65,1032.05,1174.32,266.92,105.85,81.89,529.64,22.50999999999999,2.106395920086089,1.0,161.07000000000002,152.16816249409544,1.0,10581.30545655739,
2025-09-01 19:00:00,115.2,141.93,115.18,144.5,564.41,475.54,143.52,1082.96,26.730000000000004,18.833227647431837,1.0,88.86999999999995,18.688228119611377,1.0,10620.480411841674,
2025-09-01 20:00:00,1.03,15.12,0.93,1.46,973.09,524.82,461.22,1736.23,14.09,93.1878306878307,0.0,448.27,85.41404672078045,1.0,10883.828156629366,
2025-09-01 21:00:00,0.0,15.47,0.0,0.0,1254.51,710.42,796.31,1696.03,15.47,100.0,0.0,544.09,76.58708932744011,0.0,10698.722931584087,
2025-09-01 22:00:00,0.0,9.3,0.0,0.0,1379.09,914.36,928.92,1810.6,9.3,100.0,0.0,464.7299999999999,50.82571416072443,0.0,10036.655871242723,595.7499651176211
2025-09-01 23:00:00,0.0,0.0,0.0,0.0,1378.73,1153.12,887.15,1776.34,0.0,,1.0,225.61000000000013,19.565179686416,1.0,9911.358407121214,592.8018048804338
2025-09-02 00:00:00,0.0,0.0,0.0,0.0,1216.91,1145.51,748.72,1588.28,0.0,,1.0,71.40000000000009,6.233031575455482,1.0,9928.649411864215,581.2694398395508
2025-09-02 01:00:00,0.0,0.0,0.0,0.0,1184.56,1220.3,852.55,1489.79,0.0,,1.0,35.74000000000001,2.9287880029500952,1.0,9899.914642151958,561.4596049122416
2025-09-02 02:00:00,0.0,0.0,0.0,0.0,1265.63,1505.32,641.79,1811.21,0.0,,1.0,239.68999999999983,15.9228602556267,1.0,9863.602830235854,539.368197269742
2025-09-02 03:00:00,0.0,0.0,0.0,0.0,1437.63,1282.87,734.73,2124.47,0.0,,1.0,154.76000000000022,12.063576200238547,1.0,9840.852273030936,515.9870514185866
2025-09-02 04:00:00,0.0,0.0,0.0,0.0,1414.08,1176.75,952.77,2118.92,0.0,,1.0,237.32999999999993,20.168260038240913,1.0,9847.51241821126,498.60267305775665
2025-09-02 05:00:00,0.0,0.0,0.0,0.0,1320.09,1069.05,624.98,1814.54,0.0,,1.0,251.03999999999996,23.48253121930686,1.0,10060.736282619784,475.55518087593333
2025-09-02 06:00:00,5.11,0.0,3.87,8.47,1084.01,885.77,574.88,1597.45,5.11,,0.0,198.24,22.380527676484867,1.0,10078.639374814986,446.55105173323517
2025-09-02 07:00:00,180.18,76.48,159.05,230.04,930.21,811.08,589.67,1241.49,103.7,135.59100418410043,0.0,119.13,14.68782364255067,1.0,10338.873009413506,427.57453579246817
2025-09-02 08:00:00,641.4,309.59,540.97,839.85,740.12,634.97,461.97,1157.37,331.81,107.17723440679609,0.0,105.14999999999998,16.5598374726365,1.0,10471.628096912162,419.59590340987023
2025-09-02 09:00:00,1087.73,548.1,874.97,1322.18,562.8,381.8,302.59,1093.12,539.63,98.45466155810982,0.0,180.99999999999994,47.40701938187531,1.0,10504.424033795302,419.9621270506998
2025-09-02 10:00:00,1269.08,899.17,1031.03,1432.72,487.68,328.97,252.1,990.7,369.90999999999997,41.139050457644274,0.0,158.70999999999998,48.24452077697053,1.0,10483.24930027536,419.011788434642
2025-09-02 11:00:00,1338.89,1140.19,1114.22,1464.21,489.4,397.84,228.62,884.43,198.70000000000005,17.426920074724393,1.0,91.56,23.014277096320132,1.0,10606.558475906306,414.62375334738636
2025-09-02 12:00:00,1339.92,1271.29,1185.92,1467.66,539.57,408.99,214.46,713.76,68.63000000000011,5.398453539318339,1.0,130.58000000000004,31.927430988532734,1.0,10834.967229554495,416.17988034254586
2025-09-02 13:00:00,1304.64,1360.98,1171.34,1418.71,555.34,463.83,232.12,790.34,56.33999999999992,4.139664065599782,1.0,91.51000000000005,19.7292111333894,1.0,10982.296484777302,418.3951652309915
2025-09-02 14:00:00,1277.93,1420.77,1119.79,1388.6,612.36,503.05,334.66,883.82,142.83999999999992,10.053703273576998,0.0,109.31,21.72945035284763,1.0,11003.77059779411,416.02621215437716
2025-09-02 15:00:00,1228.3,1324.7,1057.87,1394.53,708.09,572.58,478.03,1008.49,96.40000000000009,7.277119347776861,1.0,135.51,23.666561877816196,1.0,11125.65000817801,421.048517828163
2025-09-02 16:00:00,1170.37,1174.39,937.68,1363.94,784.22,727.67,633.12,1130.23,4.020000000000209,0.3423053670416309,1.0,56.55000000000007,7.7713798837385175,1.0,11087.365726677766,433.5386876200027
2025-09-02 17:00:00,934.29,1089.27,725.99,1095.29,751.75,828.79,588.03,1031.72,154.98000000000002,14.227877385772125,1.0,77.03999999999996,9.295478951242169,1.0,10678.39543368849,435.53607638212367
2025-09-02 19:00:00,107.59,150.33,80.35,135.54,847.9,740.11,710.49,1080.61,42.74000000000001,28.430785605002335,0.0,107.78999999999996,14.564051289673152,1.0,10260.630776838458,434.9067826587639
2025-09-02 20:00:00,0.71,30.31,0.39,1.29,983.78,675.7,762.98,1331.21,29.599999999999998,97.65753876608379,0.0,308.0799999999999,45.594198608850064,0.0,10253.768834437773,423.758749811583
2025-09-02 21:00:00,0.0,3.99,0.0,0.0,1104.0,826.24,747.65,1639.21,3.99,100.0,0.0,277.76,33.61735089078234,1.0,10112.06003278152,421.54633216950305
2025-09-02 22:00:00,0.0,0.0,0.0,0.0,1137.46,1303.34,670.75,1773.39,0.0,,1.0,165.87999999999988,12.727300627618266,1.0,9974.339311746488,423.78809533148205
2025-09-02 23:00:00,0.0,0.0,0.0,0.0,1092.83,1457.62,589.41,1634.49,0.0,,1.0,364.78999999999996,25.026412919691005,1.0,9924.586779074867,423.1956679809601
2025-09-03 00:00:00,0.0,0.0,0.0,0.0,1101.55,1536.13,683.4,1637.94,0.0,,1.0,434.58000000000015,28.290574365450848,1.0,9956.600820151343,422.00966755956006
2025-09-03 01:00:00,0.0,0.0,0.0,0.0,1120.76,1948.84,782.58,1636.01,0.0,,1.0,828.0799999999999,42.49091767410357,0.0,10000.934771364513,417.74898356734326
2025-09-03 02:00:00,0.0,0.0,0.0,0.0,1154.53,2308.33,694.46,1705.24,0.0,,1.0,1153.8,49.984187702798124,0.0,9890.249454591622,416.40601928006464
2025-09-03 03:00:00,0.0,0.0,0.0,0.0,1238.46,2189.48,625.05,1886.04,0.0,,1.0,951.02,43.43588431956446,0.0,9872.403862044232,414.73908440871827
2025-09-03 04:00:00,0.0,0.0,0.0,0.0,1360.8,1943.48,652.49,2103.01,0.0,,1.0,582.6800000000001,29.981270710272295,1.0,10013.679976885061,407.0886655372794
2025-09-03 05:00:00,0.0,0.0,0.0,0.0,1540.24,1905.63,742.92,2141.2,0.0,,1.0,365.3900000000001,19.174236341787235,1.0,10321.029204404893,401.94860648640605
2025-09-03 06:00:00,6.2,0.0,4.98,9.54,1704.85,1883.27,849.45,2301.17,6.2,,0.0,178.42000000000007,9.473946911489064,1.0,10401.064582895828,396.79229414389823
2025-09-03 07:00:00,208.2,76.72,203.21,266.75,1733.47,1868.93,1008.41,2371.72,131.48,171.3764337851929,0.0,135.46000000000004,7.247997517295994,1.0,10517.191920594201,397.394639353434
2025-09-03 08:00:00,730.58,403.35,703.82,893.12,1493.46,1725.81,737.64,2063.0,327.23,81.12805255981158,0.0,232.3499999999999,13.46324334660246,1.0,10628.696853571857,399.89561633882323
2025-09-03 09:00:00,1176.92,746.29,1131.26,1340.99,1099.63,1304.33,541.81,1477.84,430.6300000000001,57.70276970078657,0.0,204.69999999999982,15.693881149709032,1.0,10841.195424853187,409.2459209709392
2025-09-03 10:00:00,1346.41,931.78,1302.45,1510.71,878.31,984.61,538.5,1168.66,414.6300000000001,44.49870141020414,0.0,106.30000000000007,10.796152791460585,1.0,11005.811679076196,426.2244961828403
2025-09-03 11:00:00,1395.82,921.54,1361.78,1539.29,793.34,813.98,563.26,1114.8,474.28,51.46602426373244,0.0,20.639999999999986,2.535688837563575,1.0,11082.486636078995,444.81885089791274
2025-09-03 12:00:00,1410.49,943.82,1406.85,1516.67,719.32,801.33,511.79,1038.98,466.66999999999996,49.44480939162128,0.0,82.00999999999999,10.234235583342691,1.0,10890.000558369627,446.95602485778755
2025-09-03 13:00:00,1401.48,848.73,1382.74,1495.5,601.96,618.99,480.61,931.22,552.75,65.12671874447705,0.0,17.029999999999973,2.7512560784503743,1.0,10824.377280039866,440.1253258580663
2025-09-03 14:00:00,1388.94,876.07,1370.27,1507.98,572.25,569.69,437.18,933.25,512.87,58.54212562923053,0.0,2.5599999999999454,0.44936719970509315,1.0,10844.12800973578,432.67402058851815
2025-09-03 15:00:00,1342.59,655.82,1342.43,1521.27,699.13,663.98,386.51,1156.95,686.7699999999999,104.71928273001735,0.0,35.14999999999998,5.29383415163107,1.0,10739.60788053537,413.288390756553
2025-09-03 16:00:00,1245.44,564.9,1239.99,1437.33,991.38,637.3,449.99,1505.82,680.5400000000001,120.47087980173484,0.0,354.08000000000004,55.559391181547156,1.0,10707.012840920803,394.07299038670624
2025-09-03 17:00:00,975.43,401.31,972.12,1168.79,1244.71,888.54,739.72,1937.96,574.1199999999999,143.06147367371855,0.0,356.1700000000001,40.084858306885465,1.0,10712.230898071175,395.0960321187051
2025-09-03 19:00:00,100.11,55.63,90.31,133.91,1415.9,1101.49,875.91,1863.17,44.48,79.95685781053388,0.0,314.4100000000001,28.544063041879642,1.0,10869.009719936264,405.2312225169565
2025-09-03 20:00:00,0.57,12.11,0.36,0.92,1627.68,1494.54,1050.79,1961.65,11.54,95.29314616019818,0.0,133.1400000000001,8.908426673090055,1.0,10948.514697826087,414.5816785777177
2025-09-03 21:00:00,0.0,12.0,0.0,0.0,1930.37,1791.78,1372.87,2178.72,12.0,100.0,0.0,138.58999999999992,7.73476654499994,1.0,10580.226282351417,407.03348805516697
2025-09-03 22:00:00,0.0,12.0,0.0,0.0,2316.07,2009.3,1949.55,2687.19,12.0,100.0,0.0,306.7700000000002,15.267506096650585,1.0,10515.732640093962,390.83816996771185
2025-09-03 23:00:00,0.0,12.0,0.0,0.0,2729.89,2204.06,2326.84,3155.74,12.0,100.0,0.0,525.8299999999999,23.857336007186735,0.0,10253.120167760737,374.0769462560131
2025-09-04 00:00:00,0.0,12.0,0.0,0.0,3047.54,2439.48,2678.34,3538.09,12.0,100.0,0.0,608.06,24.92580385983898,0.0,10047.117881002641,368.3038291965885
2025-09-04 01:00:00,0.0,12.0,0.0,0.0,3262.36,2552.95,2755.86,3732.77,12.0,100.0,0.0,709.4100000000003,27.78785326778826,0.0,9841.636218741287,379.8506666162915
2025-09-04 02:00:00,0.0,12.0,0.0,0.0,3377.03,2709.17,2785.14,3732.95,12.0,100.0,0.0,667.8600000000001,24.65183063447477,0.0,9829.888848573251,384.5220360277141
2025-09-04 03:00:00,0.0,12.0,0.0,0.0,3352.19,2799.17,2752.72,3663.38,12.0,100.0,0.0,553.02,19.756570697742543,1.0,9849.0859428645,386.3051597838297
2025-09-04 04:00:00,0.0,12.0,0.0,0.0,3391.01,2797.49,2896.39,3662.35,12.0,100.0,0.0,593.5200000000004,21.216161630604592,0.0,9995.01847479228,387.4238396987476
2025-09-04 05:00:00,0.0,12.0,0.0,0.0,3502.05,2691.72,3045.78,3693.57,12.0,100.0,0.0,810.3300000000004,30.1045428202042,0.0,10286.567695346268,388.32326534523685
2025-09-04 06:00:00,3.95,12.0,2.38,5.61,3595.29,2586.06,3010.7,3793.91,8.05,67.08333333333334,0.0,1009.23,39.025776664114524,0.0,10566.478650528763,387.29233856154946
2025-09-04 07:00:00,143.78,69.38,83.45,206.78,3502.15,2126.06,2964.22,3708.57,74.4,107.23551455750939,0.0,1376.0900000000001,64.72489017243164,0.0,10694.511717224726,388.4719712213377
2025-09-04 08:00:00,495.31,247.91,301.51,694.32,3408.58,2074.56,3082.21,3661.0,247.4,99.79428018232423,0.0,1334.02,64.30375597717106,0.0,10821.340081588602,392.13745967722167
2025-09-04 09:00:00,817.54,462.26,555.21,1142.64,3346.2,2220.43,3049.18,3589.18,355.28,76.85717994202396,0.0,1125.77,50.7005399854983,0.0,10832.966295380344,391.8827894507379
2025-09-04 10:00:00,1083.6,624.85,648.44,1346.4,3133.85,2122.26,2571.62,3363.33,458.7499999999999,73.4176202288549,0.0,1011.5899999999997,47.6656960033172,0.0,10925.696941581691,388.22550137433973
2025-09-04 11:00:00,1261.32,839.98,855.84,1454.54,2996.31,1969.69,2184.28,3139.74,421.3399999999999,50.160718112336,0.0,1026.62,52.1208921200798,0.0,10973.600171981458,382.37974401957985
2025-09-04 12:00:00,1335.3,868.25,999.39,1478.44,2834.12,1773.23,2125.56,3038.17,467.04999999999995,53.79211056723293,0.0,1060.8899999999999,59.828110284621836,0.0,11078.344953067228,391.4852494380582
2025-09-04 13:00:00,1395.36,852.86,1156.87,1492.9,2688.54,1758.16,1912.4,3013.22,542.4999999999999,63.60950214572144,0.0,930.3799999999999,52.9178231787778,0.0,11075.492400805582,402.1293330227932
2025-09-04 14:00:00,1435.52,1090.46,1254.66,1509.11,2606.0,1846.77,1708.73,3002.82,345.05999999999995,31.643526585110866,0.0,759.23,41.111237457831784,1.0,11170.119189230894,417.0783891544245
2025-09-04 15:00:00,1458.13,1262.65,1310.58,1534.52,2502.48,1842.9,1530.69,2948.46,195.48000000000002,15.481724943571063,0.0,659.5799999999999,35.79033045743122,1.0,11179.051296528558,433.62091267430515
2025-09-04 16:00:00,1397.55,1358.45,1261.04,1492.69,2378.72,1958.85,1370.79,2903.89,39.09999999999991,2.878280393095065,1.0,419.8699999999999,21.434515149194677,1.0,11065.613235555684,443.5263323217513
2025-09-04 17:00:00,1188.69,1194.05,1039.07,1274.11,2186.88,1875.63,1268.4,2874.37,5.3599999999999,0.4488924249403207,1.0,311.25,16.594424273444123,1.0,10845.628178930663,445.62670867463186
2025-09-04 19:00:00,121.63,124.75,100.86,141.77,1618.58,1328.86,1212.19,1908.59,3.1200000000000045,2.50100200400802,1.0,289.72,21.80214620050269,1.0,10420.17015932132,444.0486798280101
2025-09-04 20:00:00,0.6,0.0,0.23,0.72,1307.74,1074.68,818.13,1576.15,0.6,,0.0,233.05999999999995,21.686455503033457,1.0,10219.592143388978,444.05004429400475
2025-09-04 21:00:00,0.0,0.23,0.0,0.0,1027.1,900.51,424.59,1316.22,0.23,100.0,0.0,126.58999999999992,14.057589588122276,1.0,9888.902032520664,465.2015430595776
2025-09-04 22:00:00,0.0,0.0,0.0,0.0,768.04,527.28,214.93,1149.63,0.0,,1.0,240.76,45.66074950690335,1.0,9695.364213542876,496.17666375304333
2025-09-04 23:00:00,0.0,0.91,0.0,0.0,482.8,279.38,100.4,718.29,0.91,100.0,0.0,203.42000000000002,72.81122485503616,1.0,9560.573713742395,530.4697950131965
2025-09-05 00:00:00,0.0,0.48,0.0,0.0,313.52,181.76,98.69,517.66,0.48,100.0,0.0,131.76,72.49119718309859,1.0,9467.290283448712,563.1014927335635
2025-09-05 01:00:00,0.0,0.07,0.0,0.0,208.69,92.78,104.83,542.27,0.07,100.0,0.0,115.91,124.92994179780123,0.0,9392.536794008658,591.0647785205674
2025-09-05 02:00:00,0.0,0.14,0.0,0.0,145.63,65.02,55.46,422.97,0.14,100.0,0.0,80.61,123.97723777299292,1.0,9276.292835779446,625.4730385634831
2025-09-05 03:00:00,0.0,0.0,0.0,0.0,150.64,70.33,36.43,313.52,0.0,,1.0,80.30999999999999,114.19024598322194,1.0,9300.119819634325,656.2027031511212
2025-09-05 04:00:00,0.0,0.0,0.0,0.0,180.48,96.36,42.01,349.99,0.0,,1.0,84.11999999999999,87.29763387297633,1.0,9439.713935833788,680.0276887932243
2025-09-05 05:00:00,0.0,7.03,0.0,0.0,232.22,120.35,83.46,490.74,7.03,100.0,0.0,111.87,92.95388450353137,1.0,9672.260651037272,694.5187085782765
2025-09-05 06:00:00,6.88,31.88,4.15,8.21,283.88,167.02,117.28,644.65,25.0,78.41907151819323,0.0,116.85999999999999,69.96766854268948,1.0,9911.388076725974,698.074048598121
2025-09-05 07:00:00,238.95,199.48,198.22,271.99,402.48,174.03,144.94,775.48,39.47,19.786444756366553,1.0,228.45000000000002,131.27047060851578,1.0,10146.303195729917,693.977484780796
2025-09-05 08:00:00,837.91,601.75,762.37,879.24,392.98,144.4,186.32,762.16,236.15999999999997,39.245533859576234,0.0,248.58,172.14681440443215,0.0,10204.009812999724,684.7821643626811
2025-09-05 09:00:00,1384.48,1352.34,1303.84,1395.47,291.89,81.62,150.25,556.7,32.1400000000001,2.3766212638833504,1.0,210.26999999999998,257.62068120558683,0.0,10386.287752044098,674.630555258994
2025-09-05 10:00:00,1556.54,1623.93,1538.72,1569.15,229.12,118.49,112.76,400.33,67.3900000000001,4.149809412967314,0.0,110.63000000000001,93.36652882099756,1.0,10484.718654589202,661.1565699612383
2025-09-05 11:00:00,1580.35,1685.77,1561.52,1602.41,215.12,145.65,142.29,437.71,105.42000000000007,6.253522129353356,0.0,69.47,47.6965327840714,1.0,10547.282426795367,645.7635838474401
2025-09-05 12:00:00,1550.0,1681.13,1532.78,1576.2,216.33,208.65,147.97,373.13,131.1300000000001,7.800110639867238,0.0,7.680000000000007,3.680805176132282,1.0,10833.480444250015,633.2423974909926
2025-09-05 13:00:00,1532.87,1682.3,1495.23,1559.01,219.43,232.58,132.0,297.25,149.43000000000006,8.882482315877077,0.0,13.150000000000006,5.653968526958468,1.0,10904.763392239449,623.8536578917724
2025-09-05 14:00:00,1550.87,1691.97,1497.18,1570.76,208.77,227.2,121.08,282.1,141.10000000000014,8.339391360366918,0.0,18.42999999999998,8.111795774647879,1.0,10954.855862733659,610.5793769077274
2025-09-05 15:00:00,1560.17,1706.58,1496.75,1578.05,205.5,208.91,115.38,286.65,146.40999999999985,8.579146597288135,0.0,3.4099999999999966,1.6322818438562043,1.0,10829.277325320443,589.5741329461131
2025-09-05 16:00:00,1468.13,1631.68,1390.04,1501.45,210.6,204.01,123.55,293.53,163.54999999999995,10.02341145322612,0.0,6.590000000000003,3.2302338120680374,1.0,10651.839071801967,567.8344624605448
2025-09-05 17:00:00,1200.17,1406.17,1099.52,1248.28,253.58,199.87,161.46,442.18,206.0,14.6497222953128,0.0,53.71000000000001,26.872467103617353,1.0,10323.212702887227,549.7661206237673
2025-09-05 19:00:00,114.5,196.26,92.14,131.33,561.5,532.66,368.18,1085.95,81.75999999999999,41.65902374401304,0.0,28.840000000000032,5.414335598693357,1.0,10323.123180218116,539.0195294593169
2025-09-05 20:00:00,0.31,33.58,0.2,0.31,969.21,926.94,572.43,1919.67,33.269999999999996,99.07683144729005,0.0,42.26999999999998,4.560165706518219,1.0,10350.013608826837,540.8709537316524
2025-09-05 21:00:00,0.0,31.0,0.0,0.0,1355.59,1380.0,820.54,2363.22,31.0,100.0,0.0,24.410000000000082,1.7688405797101507,1.0,10437.298101141188,542.6510960336902
2025-09-05 22:00:00,0.0,31.0,0.0,0.0,1589.29,1968.54,1018.6,2504.35,31.0,100.0,0.0,379.25,19.26554705517795,1.0,10450.265988658666,537.9743186983821
2025-09-05 23:00:00,0.0,31.0,0.0,0.0,1765.89,2432.02,1205.55,2556.4,31.0,100.0,0.0,666.1299999999999,27.389988569172946,1.0,10275.446512657545,522.5934752145182
2025-09-06 00:00:00,0.0,25.45,0.0,0.0,2119.52,2585.72,1687.4,2620.32,25.45,100.0,0.0,466.1999999999998,18.029794409294116,1.0,10198.276733713066,499.0909675728376
2025-09-06 01:00:00,0.0,19.0,0.0,0.0,2231.99,2615.54,1892.21,2556.28,19.0,100.0,0.0,383.5500000000002,14.664275828318443,0.0,10060.290915068554,468.28227910916246
2025-09-06 02:00:00,0.0,0.57,0.0,0.0,2197.32,2429.51,1974.28,2487.57,0.57,100.0,0.0,232.19000000000005,9.557071178962016,1.0,9988.312687213656,424.14912390733554
2025-09-06 03:00:00,0.0,0.0,0.0,0.0,2167.15,2272.79,1983.97,2434.31,0.0,,1.0,105.63999999999987,4.648031714324679,1.0,9914.794705920385,378.28037317582
2025-09-06 04:00:00,0.0,0.0,0.0,0.0,2065.02,2069.22,1930.62,2349.09,0.0,,1.0,4.199999999999818,0.2029750340708005,1.0,9938.315987852522,340.2506092457128
2025-09-06 05:00:00,0.0,0.0,0.0,0.0,1908.22,1744.85,1470.72,2213.99,0.0,,1.0,163.37000000000012,9.36298249133164,1.0,10057.079120497314,316.1372084664724
2025-09-06 06:00:00,5.21,0.0,3.76,6.55,1758.81,1530.14,1353.22,2075.83,5.21,,0.0,228.66999999999985,14.944384173997138,1.0,10139.218592607602,305.7801075785307
2025-09-06 07:00:00,219.34,138.87,195.72,254.48,1622.97,1529.97,1272.1,1910.19,80.47,57.946280694174405,0.0,93.0,6.078550559814898,1.0,10360.258387652246,302.5272514285174
2025-09-06 08:00:00,778.53,675.36,754.21,843.74,1382.85,1317.01,895.05,1701.29,103.16999999999996,15.276297085998571,0.0,65.83999999999992,4.999202739538798,1.0,10539.251776107954,302.5538534911754
2025-09-06 09:00:00,1321.85,1212.79,1309.87,1343.88,970.62,831.83,525.64,1353.68,109.05999999999995,8.992488394528316,0.0,138.78999999999996,16.684899558804076,1.0,10681.662157560198,308.8451725631672
2025-09-06 10:00:00,1496.94,1476.94,1436.28,1517.17,682.49,655.64,489.64,1357.31,20.0,1.354151150351402,1.0,26.850000000000023,4.0952351900433195,1.0,10818.569613439144,320.5750258332614
2025-09-06 11:00:00,1531.61,1568.55,1498.82,1558.49,729.75,870.09,504.57,1413.1,36.940000000000055,2.3550412801632117,0.0,140.34000000000003,16.129365927662658,1.0,10907.611518858997,335.6469824712924
2025-09-06 12:00:00,1508.42,1568.36,1489.22,1530.69,828.39,1218.99,523.8,1347.1,59.93999999999983,3.8218266214389445,0.0,390.6,32.04292077867743,1.0,11058.382820602776,350.52327773820053
2025-09-06 13:00:00,1489.43,1554.89,1449.53,1511.46,907.91,1325.74,563.4,1297.37,65.46000000000004,4.209944111802123,0.0,417.83000000000004,31.516737821895696,0.0,11122.465020588223,365.8608086090451
2025-09-06 14:00:00,1498.82,1563.01,1441.4,1523.93,866.6,1090.91,482.67,1280.76,64.19000000000005,4.106819534104072,0.0,224.31000000000006,20.561732865222616,1.0,11197.723456173726,383.709313322381
2025-09-06 15:00:00,1499.38,1555.42,1452.13,1529.37,801.25,862.34,349.62,1205.24,56.039999999999964,3.602885394298644,0.0,61.09000000000003,7.0842127235197285,1.0,11000.313602470387,392.5869428684924
2025-09-06 16:00:00,1399.82,1422.69,1318.66,1433.72,733.69,710.81,204.09,1096.19,22.87000000000012,1.6075181522327504,1.0,22.88000000000011,3.218862987296199,1.0,10832.886800398546,398.2329016141164
2025-09-06 17:00:00,1111.88,1102.73,976.15,1138.91,741.14,636.11,176.39,1625.72,9.150000000000091,0.8297588711652074,1.0,105.02999999999997,16.51129521623618,1.0,10686.907587575159,399.61856127470384
2025-09-06 19:00:00,95.65,111.39,68.69,104.71,1131.05,1100.68,382.8,2024.57,15.739999999999995,14.13053236376694,0.0,30.36999999999989,2.759203401533587,1.0,10518.35116035904,390.8715494472481
2025-09-06 20:00:00,0.15,0.0,0.05,0.19,1584.66,1702.55,712.37,2620.15,0.15,,0.0,117.88999999999987,6.924319403248062,1.0,10364.461642933264,390.63930578084256
2025-09-06 21:00:00,0.0,0.0,0.0,0.0,1919.89,2356.59,1056.57,2893.48,0.0,,1.0,436.70000000000005,18.531013031541338,1.0,10463.973264689545,390.48511112892146
2025-09-06 22:00:00,0.0,0.0,0.0,0.0,2085.96,2389.41,1318.93,2865.0,0.0,,1.0,303.4499999999998,12.699787813728069,1.0,10341.900777800713,391.7472802119832
2025-09-06 23:00:00,0.0,0.0,0.0,0.0,2274.2,2273.51,1530.98,2727.52,0.0,,1.0,0.6899999999995998,0.030349547615783515,1.0,10288.881683357342,391.42399750098394
2025-09-07 00:00:00,0.0,0.0,0.0,0.0,2210.62,2098.56,1517.39,2566.55,0.0,,1.0,112.05999999999995,5.339852089051537,1.0,10079.469833266237,396.1178165571646
2025-09-07 01:00:00,0.0,0.0,0.0,0.0,2053.67,1738.04,1411.53,2386.58,0.0,,1.0,315.6300000000001,18.16011138984144,1.0,9969.420599432844,400.85174318192406
2025-09-07 02:00:00,0.0,0.0,0.0,0.0,1816.51,1458.6,1549.51,2044.21,0.0,,1.0,357.9100000000001,24.53791306732484,0.0,9928.592251462233,404.2749497678518
2025-09-07 03:00:00,0.0,0.0,0.0,0.0,1648.5,1268.19,1446.72,1835.42,0.0,,1.0,380.30999999999995,29.988408676933258,0.0,9916.179674253919,404.1896711910487
2025-09-07 04:00:00,0.0,0.0,0.0,0.0,1421.84,1109.69,1272.33,1731.56,0.0,,1.0,312.14999999999986,28.129477601852752,0.0,9930.183161826937,404.67367095327444
2025-09-07 05:00:00,0.0,0.0,0.0,0.0,1232.82,1015.34,941.07,1687.76,0.0,,1.0,217.4799999999999,21.41942600508203,1.0,9972.460761071618,408.9344146226169
2025-09-07 06:00:00,3.31,0.0,2.02,4.5,1166.83,1053.22,785.16,1619.97,3.31,,0.0,113.6099999999999,10.786920111657574,1.0,9931.686532738313,418.6242664506091
2025-09-07 07:00:00,175.16,88.01,134.09,206.85,1132.02,1166.08,678.07,1700.1,87.14999999999999,99.02283831382796,0.0,34.059999999999945,2.9208973655323773,1.0,9963.63732645154,431.0159229401525
2025-09-07 08:00:00,659.78,534.57,556.22,748.05,1015.21,1326.66,568.24,1533.06,125.20999999999992,23.42256392988756,0.0,311.45000000000005,23.47624862436495,1.0,10370.833463809706,431.02280748524214
2025-09-07 09:00:00,1112.65,994.55,958.91,1267.56,721.44,1075.7,415.02,1319.77,118.10000000000014,11.874717208787908,1.0,354.26,32.93297387747513,1.0,10536.508636281193,428.6711839782115
2025-09-07 10:00:00,1293.0,1242.16,1103.0,1447.88,470.85,930.41,253.97,1100.43,50.83999999999992,4.092870483673594,1.0,459.55999999999995,49.39327823217721,1.0,10682.410820973846,424.40426086002765
2025-09-07 11:00:00,1336.7,1255.3,1226.04,1444.38,449.35,994.71,185.16,1221.76,81.40000000000009,6.484505695849606,1.0,545.36,54.826029697097646,1.0,10807.551183158366,420.08261187455173
2025-09-07 12:00:00,1328.98,1357.43,1119.5,1454.94,530.31,913.18,179.37,1176.1,28.450000000000045,2.095872347008689,1.0,382.87,41.927111850894676,1.0,10918.002742278282,411.9389480509126
2025-09-07 13:00:00,1323.93,1234.73,1095.64,1468.15,588.39,795.23,332.74,1142.27,89.20000000000005,7.224251455783859,1.0,206.84000000000003,26.01008513260315,1.0,11034.612141245703,405.8655014425223
2025-09-07 14:00:00,1323.6,1221.07,1040.88,1462.15,652.77,728.23,391.98,1127.04,102.52999999999997,8.396734011973104,1.0,75.46000000000004,10.362110871565307,1.0,10816.898183396032,381.0927337952015
2025-09-07 15:00:00,1278.09,1075.7,1010.3,1431.93,719.84,905.74,413.07,1146.56,202.38999999999987,18.814725295156627,1.0,185.89999999999998,20.524653874180228,1.0,10643.486846436692,363.6498664477978
2025-09-07 16:00:00,1110.67,883.65,947.61,1321.26,856.84,985.72,486.28,1229.4,227.0200000000001,25.691167317376802,0.0,128.88,13.074706813293835,1.0,10742.440502339818,359.3667565435345
2025-09-07 17:00:00,724.94,696.97,648.95,984.27,925.22,1000.93,601.72,1275.79,27.970000000000027,4.013085211702085,1.0,75.70999999999992,7.563965512073764,1.0,10657.96645502054,358.38147618004393
2025-09-07 19:00:00,51.08,48.89,41.57,80.95,1075.44,1045.41,562.91,2040.64,2.1899999999999977,4.4794436490079725,1.0,30.029999999999973,2.872557178523256,1.0,10547.40162398451,359.67250668120136
2025-09-07 20:00:00,0.02,2.09,0.01,0.05,1432.2,971.76,619.89,2445.11,2.07,99.04306220095694,0.0,460.44000000000005,47.38206964682638,1.0,10361.605761642993,359.68321475128886
2025-09-07 21:00:00,0.0,0.0,0.0,0.0,1638.63,809.15,746.3,2601.85,0.0,,1.0,829.4800000000001,102.51251313106349,1.0,10117.609962501576,363.6797105533578
2025-09-07 22:00:00,0.0,0.0,0.0,0.0,1646.92,961.13,891.68,2681.68,0.0,,1.0,685.7900000000001,71.35247052948093,1.0,9803.122041262845,382.2595959786696
2025-09-07 23:00:00,0.0,0.0,0.0,0.0,1603.65,1070.61,1107.83,2873.06,0.0,,1.0,533.0400000000002,49.78843836691234,0.0,9480.862275024996,422.04306963255164
2025-09-08 00:00:00,0.0,0.0,0.0,0.0,1712.63,1306.05,1164.22,2940.39,0.0,,1.0,406.58000000000015,31.130508020366765,1.0,9511.45035096648,451.2366824252352
2025-09-08 01:00:00,0.0,0.0,0.0,0.0,1770.37,1433.83,1033.73,2724.84,0.0,,1.0,336.53999999999996,23.47140177008432,1.0,9491.120211513688,476.3261622912323
2025-09-08 02:00:00,0.0,0.0,0.0,0.0,1882.22,1488.65,1231.37,2371.33,0.0,,1.0,393.56999999999994,26.43804789574446,1.0,9858.074598719097,478.7981769628399
2025-09-08 03:00:00,0.0,0.0,0.0,0.0,1887.42,1510.86,1581.08,2094.14,0.0,,1.0,376.5600000000002,24.923553472856533,0.0,9405.077447169182,506.12668151317183
2025-09-08 04:00:00,0.0,0.0,0.0,0.0,1702.98,1165.69,1612.68,1876.68,0.0,,1.0,537.29,46.09201417186387,0.0,9497.806649978973,525.5371268157189
2025-09-08 05:00:00,0.0,0.0,0.0,0.0,1571.42,965.91,1101.99,1820.41,0.0,,1.0,605.5100000000001,62.688035117143436,0.0,9774.920249899058,531.3845719382773
2025-09-08 06:00:00,1.03,0.0,0.64,3.06,1241.42,736.57,808.88,1547.29,1.03,,0.0,504.85,68.540668232483,0.0,9855.72217625315,533.456987032116
2025-09-08 07:00:00,77.41,27.37,48.66,184.08,992.23,622.6,483.15,1541.14,50.03999999999999,182.8279137742053,0.0,369.63,59.36877610022486,1.0,10055.482996789193,531.8184410676118
2025-09-08 08:00:00,312.21,183.52,204.37,714.13,632.7,638.14,133.3,1219.52,128.68999999999997,70.12314734088926,0.0,5.439999999999941,0.8524775127714829,1.0,10076.148137037986,531.828029560036
2025-09-08 09:00:00,563.0,417.59,392.03,1257.6,360.48,548.58,59.4,861.61,145.41000000000003,34.821236140712195,1.0,188.10000000000002,34.28852674176966,1.0,10222.727128153741,527.4903326743823
2025-09-08 10:00:00,734.47,657.66,498.46,1445.82,228.68,506.28,88.77,574.06,76.81000000000006,11.679287169662144,1.0,277.59999999999997,54.83131863790788,1.0,10316.591860425027,518.2905547805022
2025-09-08 11:00:00,875.89,1017.3,683.13,1480.38,157.82,538.17,57.37,257.6,141.40999999999997,13.900520986926173,1.0,380.34999999999997,70.67469386996675,0.0,10411.07954526744,503.8497310330047
2025-09-08 12:00:00,968.65,1106.26,818.48,1466.34,152.04,303.92,56.19,340.07,137.61,12.439209589065863,1.0,151.88000000000002,49.97367728349566,1.0,10498.58277164972,483.7560113068924
2025-09-08 13:00:00,1103.42,1219.67,891.02,1289.55,159.47,136.94,80.02,315.94,116.25,9.53126665409496,1.0,22.53,16.45246093179495,1.0,10587.982292719043,456.27472807582024
2025-09-08 14:00:00,1166.54,1273.13,966.42,1321.99,168.48,165.89,68.66,350.48,106.59000000000015,8.372279343036464,1.0,2.5900000000000034,1.5612755440352062,1.0,10726.479864318108,450.7551930895458
2025-09-08 15:00:00,1203.43,1272.44,1017.74,1344.42,174.9,108.48,43.83,307.44,69.00999999999999,5.4234384332463605,1.0,66.42,61.22787610619469,1.0,10810.282989619449,460.1550638155144
2025-09-08 16:00:00,1132.84,1157.25,955.29,1236.79,158.31,96.35,32.98,238.0,24.410000000000082,2.109310866277821,1.0,61.96000000000001,64.30721328489882,1.0,10958.028183029384,474.313062743531
2025-09-08 17:00:00,884.83,857.58,666.77,1037.25,132.4,47.33,40.79,290.91,27.25,3.1775461181464117,1.0,85.07000000000001,179.7380097189943,1.0,10750.247267626966,478.9696444134614
2025-09-08 19:00:00,65.61,55.0,37.56,82.91,245.47,88.08,98.54,601.36,10.61,19.29090909090909,1.0,157.39,178.68982742960944,0.0,10463.118700665247,478.6517434119614
2025-09-08 20:00:00,0.0,0.11,0.0,0.0,296.42,157.58,125.63,692.62,0.11,100.0,0.0,138.84,88.1076278715573,1.0,10205.437946379856,476.73436186600645
2025-09-08 21:00:00,0.0,0.0,0.0,0.0,378.04,140.71,178.01,761.02,0.0,,1.0,237.33,168.6660507426622,0.0,9794.658502517053,482.079949047953
2025-09-08 22:00:00,0.0,0.0,0.0,0.0,465.0,198.17,261.49,661.78,0.0,,1.0,266.83000000000004,134.64702023515167,0.0,9443.44953986117,498.0709053671141
2025-09-08 23:00:00,0.0,0.0,0.0,0.0,621.21,257.57,353.21,985.8,0.0,,1.0,363.64000000000004,141.18103816438253,0.0,9300.899875291354,509.2915145238447
2025-09-09 00:00:00,0.0,0.0,0.0,0.0,785.93,449.78,555.75,1131.67,0.0,,1.0,336.15,74.73653786295522,0.0,9388.238675482704,516.1561910217216
2025-09-09 01:00:00,0.0,0.0,0.0,0.0,886.26,645.6,540.9,1488.0,0.0,,1.0,240.65999999999997,37.276951672862445,1.0,9430.119283960785,519.4466511606662
2025-09-09 02:00:00,0.0,0.0,0.0,0.0,935.6,948.66,446.63,1647.63,0.0,,1.0,13.059999999999945,1.3766786836168854,1.0,9379.73997506928,538.0465986818028
2025-09-09 03:00:00,0.0,0.0,0.0,0.0,995.38,955.72,456.71,1643.52,0.0,,1.0,39.65999999999997,4.149750973088349,1.0,9391.0898997319,538.8185505677582
2025-09-09 04:00:00,0.0,0.0,0.0,0.0,1011.01,950.67,490.04,1604.82,0.0,,1.0,60.34000000000003,6.34710256976659,1.0,9505.821469885657,538.4435770737548
2025-09-09 05:00:00,0.0,0.0,0.0,0.0,1064.01,944.04,499.97,1610.43,0.0,,1.0,119.97000000000003,12.708147959832214,1.0,9841.042964965063,536.9734077643308
2025-09-09 06:00:00,2.6,0.0,1.78,4.44,1086.69,951.58,512.7,1684.09,2.6,,0.0,135.11,14.198490930872865,1.0,10030.31159629864,534.9203707346849
2025-09-09 07:00:00,177.74,87.1,145.98,214.11,1119.61,1010.39,536.19,1665.24,90.64000000000001,104.06429391504022,0.0,109.21999999999991,10.8096873484496,1.0,10261.617757927932,535.9689909760095
2025-09-09 08:00:00,689.3,585.73,633.62,816.32,1010.8,997.78,503.66,1487.83,103.56999999999994,17.682208526112703,0.0,13.019999999999982,1.3048968710537374,1.0,10291.31376731832,537.3470227963528
2025-09-09 09:00:00,1213.78,1185.99,1194.21,1338.08,684.98,619.69,354.17,1166.71,27.789999999999964,2.3431900774880026,0.0,65.28999999999996,10.53591311784924,1.0,10386.207930908324,539.8794483583281
2025-09-09 10:00:00,1414.04,1451.72,1373.98,1492.01,411.69,422.55,195.04,871.35,37.680000000000064,2.5955418400242514,1.0,10.860000000000014,2.570110046148388,1.0,10683.222449978342,550.8779061931908
2025-09-09 11:00:00,1445.35,1535.44,1414.91,1523.37,481.55,569.38,279.35,1020.27,90.09000000000015,5.8673735215964244,0.0,87.82999999999998,15.425550598897042,1.0,10844.425723622304,567.3055874800878
2025-09-09 12:00:00,1426.23,1518.99,1400.62,1520.31,708.85,844.3,533.14,1668.8,92.75999999999999,6.1066893132937015,1.0,135.44999999999993,16.04287575506336,1.0,11015.132874742398,590.4590662045007
2025-09-09 13:00:00,1415.29,1480.41,1371.73,1506.61,836.95,880.22,714.57,1765.7,65.12000000000012,4.398781418661055,1.0,43.26999999999998,4.915816500420347,1.0,11187.531215315328,620.7797787073217
2025-09-09 14:00:00,1431.81,1482.2,1372.27,1526.11,878.91,857.12,744.45,1658.37,50.3900000000001,3.3996761570638308,1.0,21.789999999999964,2.542234459585585,1.0,11247.42459482866,648.6249143792153
2025-09-09 15:00:00,1431.26,1495.23,1365.68,1539.06,856.03,792.48,595.4,1443.27,63.97000000000003,4.278271570260095,1.0,63.549999999999955,8.019129820310916,1.0,11174.137920923518,667.0722850054494
2025-09-09 16:00:00,1327.87,1373.81,1253.77,1446.13,813.62,688.69,549.25,1398.15,45.940000000000055,3.343984976088401,1.0,124.92999999999995,18.140237262048228,1.0,11090.748384323484,673.8624324481162
2025-09-09 17:00:00,1006.75,1099.42,930.57,1152.14,863.16,714.05,514.04,1514.53,92.67000000000007,8.428989831001807,1.0,149.11,20.882291156081507,1.0,10888.07032537376,678.9835445352222
2025-09-09 19:00:00,67.75,60.94,58.35,87.68,1355.29,1211.14,826.83,2153.71,6.810000000000002,11.17492615687562,1.0,144.14999999999986,11.902009676833385,1.0,10718.240895289257,684.4280500504545
2025-09-09 20:00:00,0.0,0.0,0.0,0.0,1669.63,1796.33,1208.03,2567.13,0.0,,1.0,126.69999999999982,7.0532697221557195,1.0,10571.024478238416,687.3535760883638
2025-09-09 21:00:00,0.0,-0.36,0.0,0.0,2011.07,2000.44,1263.42,2771.51,0.36,,0.0,10.629999999999882,0.5313830957189359,1.0,10539.534651981767,681.7697251776387
2025-09-09 22:00:00,0.0,-0.1,0.0,0.0,2248.94,2038.02,1204.35,3045.27,0.1,,0.0,210.92000000000007,10.34926055681495,1.0,10116.855219066325,658.4147602456084
2025-09-09 23:00:00,0.0,0.0,0.0,0.0,2195.79,1923.78,1296.53,3047.19,0.0,,1.0,272.01,14.139350653401117,1.0,9875.791956082607,629.2061404446829
2025-09-10 00:00:00,0.0,0.0,0.0,0.0,2289.92,1746.78,1350.98,2952.67,0.0,,1.0,543.1400000000001,31.09378399111509,1.0,9598.80495670797,616.5137390125133
2025-09-10 01:00:00,0.0,0.0,0.0,0.0,2272.89,1641.49,1369.81,2975.27,0.0,,1.0,631.3999999999999,38.465053092007864,1.0,9458.587553463867,614.6686074841782
2025-09-10 02:00:00,0.0,0.0,0.0,0.0,2065.45,1523.08,1043.83,2943.42,0.0,,1.0,542.3699999999999,35.61007957559681,1.0,9279.76779319567,621.915031050985
2025-09-10 03:00:00,0.0,0.0,0.0,0.0,1847.6,1351.85,713.13,2805.42,0.0,,1.0,495.75,36.67196804379184,1.0,9272.197610561541,630.3715592261509
2025-09-10 04:00:00,0.0,0.0,0.0,0.0,1630.47,1330.77,589.36,2561.71,0.0,,1.0,299.70000000000005,22.52079623075363,1.0,9466.37360081666,632.7249641912172
2025-09-10 05:00:00,0.0,0.0,0.0,0.0,1494.82,1284.75,970.52,2167.95,0.0,,1.0,210.06999999999994,16.351041058571703,1.0,9669.982136864224,639.6548701854289
2025-09-10 06:00:00,0.98,0.0,0.61,1.86,1247.78,863.01,834.46,1909.66,0.98,,0.0,384.77,44.58465139453772,1.0,9930.332583012552,642.1123795160736
2025-09-10 07:00:00,102.88,67.05,75.93,152.39,996.1,505.82,551.13,1822.49,35.83,53.437733035048474,0.0,490.28000000000003,96.9277608635483,0.0,9964.416295073546,646.5514862754204
2025-09-10 08:00:00,445.09,260.93,352.21,624.3,707.67,425.64,453.79,1236.1,184.15999999999997,70.57831602345456,0.0,282.03,66.26021990414435,0.0,9951.872137006392,651.0896660279379
2025-09-10 09:00:00,744.85,469.52,598.4,1058.9,483.62,341.93,374.42,1054.99,275.33000000000004,58.64073947861647,0.0,141.69,41.438306086040996,0.0,10005.07044219729,653.8948333869328
2025-09-10 10:00:00,906.42,517.5,606.95,1244.1,287.91,208.6,168.43,953.91,388.91999999999996,75.15362318840579,0.0,79.31000000000003,38.020134228187935,1.0,10086.820573501273,649.945353629719
2025-09-10 11:00:00,969.7,554.66,631.81,1294.37,367.98,398.18,143.35,856.67,415.0400000000001,74.82782244978908,0.0,30.19999999999999,7.584509518308299,1.0,10206.253668477084,638.5176643035749
2025-09-10 12:00:00,974.97,563.46,735.77,1250.9,398.63,383.32,125.22,902.27,411.51,73.0326908742413,0.0,15.310000000000002,3.9940519670249404,1.0,10354.44950039001,617.8560277261898
2025-09-10 13:00:00,962.57,587.78,715.01,1349.49,377.46,543.78,102.46,739.03,374.7900000000001,63.763653067474245,0.0,166.32,30.58589870903674,1.0,10478.643952636487,585.6562148877201
2025-09-10 14:00:00,926.3,549.0,610.3,1347.09,375.57,719.52,158.59,765.11,377.29999999999995,68.72495446265937,0.0,343.95,47.8027018012008,1.0,10565.929493437385,547.4123542122106
2025-09-10 15:00:00,902.16,542.72,630.2,1321.24,380.41,706.49,215.76,694.11,359.43999999999994,66.22936320754715,0.0,326.08,46.15493496015513,0.0,10691.301733693419,516.5725898152417
2025-09-10 16:00:00,876.71,570.01,643.41,1206.62,356.3,1051.19,157.5,597.09,306.70000000000005,53.80607357765654,0.0,694.8900000000001,66.10508090830393,0.0,10815.04618572628,497.2405951870476
2025-09-10 17:00:00,670.43,588.05,454.91,972.48,386.94,1121.74,198.45,644.77,82.38,14.0090128390443,1.0,734.8,65.50537557722824,0.0,10559.791218591588,479.67540602312073
2025-09-10 19:00:00,46.89,94.38,33.34,68.83,384.02,625.65,200.61,508.25,47.489999999999995,50.31786395422759,0.0,241.63,38.62063454007832,0.0,10371.344041350281,456.4614136235362
2025-09-10 20:00:00,0.0,30.52,0.0,0.0,511.04,385.58,225.48,757.37,30.52,100.0,0.0,125.46000000000004,32.537994709269164,1.0,10108.70358881774,444.91928981395483
2025-09-10 21:00:00,0.0,5.46,0.0,0.0,589.91,363.1,268.72,900.27,5.46,100.0,0.0,226.80999999999995,62.46488570641695,1.0,9767.090720762933,437.4620745482829
2025-09-10 22:00:00,0.0,0.0,0.0,0.0,555.67,391.65,233.93,1119.16,0.0,,1.0,164.01999999999998,41.879228903357586,1.0,9520.264538109832,449.6414922414022
2025-09-10 23:00:00,0.0,0.0,0.0,0.0,544.04,583.98,228.69,1045.41,0.0,,1.0,39.940000000000055,6.839275317647873,1.0,9533.44802772014,459.55083429976065
2025-09-11 00:00:00,0.0,0.0,0.0,0.0,404.94,545.61,207.82,1006.62,0.0,,1.0,140.67000000000002,25.78215208665531,1.0,9324.93678995965,473.1486410115978
2025-09-11 01:00:00,0.0,0.0,0.0,0.0,484.36,466.75,215.86,1304.11,0.0,,1.0,17.610000000000014,3.7728976968398533,1.0,9215.581502582927,487.3729687654938
2025-09-11 02:00:00,0.0,0.0,0.0,0.0,515.46,248.87,184.05,1491.67,0.0,,1.0,266.59000000000003,107.12018322819144,1.0,8970.874408003196,510.1752892724551
2025-09-11 03:00:00,0.0,0.0,0.0,0.0,481.82,166.47,168.0,1164.18,0.0,,1.0,315.35,189.4335315672494,0.0,9096.912959919882,521.6607165214954
2025-09-11 04:00:00,0.0,0.0,0.0,0.0,431.63,89.99,166.55,815.68,0.0,,1.0,341.64,379.6421824647183,0.0,9215.997013889924,534.279683494278
2025-09-11 05:00:00,0.0,0.0,0.0,0.0,441.1,46.75,66.84,1043.19,0.0,,1.0,394.35,843.5294117647059,0.0,9507.85256718114,538.952195431771
2025-09-11 06:00:00,1.3,0.2,0.87,2.8,412.05,108.52,36.45,1024.36,1.1,550.0,0.0,303.53000000000003,279.6995945447844,1.0,9675.945598018583,541.6705887135984
2025-09-11 07:00:00,140.64,94.83,119.02,178.18,370.45,297.76,41.16,847.43,45.80999999999999,48.30749762733311,0.0,72.69,24.412278344975817,1.0,9831.385998247866,541.9904489784694
2025-09-11 08:00:00,613.19,659.49,564.97,754.89,295.04,398.76,70.65,631.06,46.299999999999955,7.02057650608803,1.0,103.71999999999997,26.01063296218276,1.0,10012.47426267395,542.2617336957558
2025-09-11 09:00:00,1116.82,1298.18,1047.84,1290.76,184.18,223.77,69.36,367.21,181.36000000000013,13.970327689534589,0.0,39.59,17.69227331635161,1.0,10187.57192045887,544.6693526130276
2025-09-11 10:00:00,1384.05,1524.8,1327.3,1467.76,116.86,58.85,33.62,210.99,140.75,9.230718782791186,0.0,58.01,98.57264231096006,1.0,10418.990712093562,552.847967472035
2025-09-11 11:00:00,1430.01,1586.73,1375.98,1497.16,102.08,11.08,35.01,241.93,156.72000000000003,9.87691667769564,0.0,91.0,821.2996389891696,0.0,10593.398630763735,566.166208875573
2025-09-11 12:00:00,1411.41,1564.28,1357.72,1495.29,106.85,4.38,30.42,282.76,152.8699999999999,9.77254711432735,0.0,102.47,2339.497716894977,0.0,10691.924748323494,580.2693534462878
2025-09-11 13:00:00,1406.19,1546.17,1366.63,1469.93,125.58,8.0,32.73,314.84,139.98000000000002,9.053338248704865,0.0,117.58,1469.75,0.0,10823.497973847223,597.1959481717172
2025-09-11 14:00:00,1412.93,1545.93,1357.07,1482.21,137.67,22.8,37.13,360.25,133.0,8.60323559281468,0.0,114.86999999999999,503.8157894736842,0.0,10929.506570880756,616.639669858113
2025-09-11 15:00:00,1386.94,1576.06,1369.06,1500.02,144.71,33.76,37.48,367.0,189.1199999999999,11.999543164600327,0.0,110.95000000000002,328.64336492891005,0.0,11039.902938213985,637.1793291092396
2025-09-11 16:00:00,1284.16,1480.69,1282.37,1417.69,153.81,56.94,33.0,357.07,196.52999999999997,13.272866028675818,0.0,96.87,170.1264488935722,1.0,11009.279813297395,648.8003994756601
2025-09-11 17:00:00,958.15,1200.07,926.09,1096.5,128.72,62.7,45.99,294.09,241.91999999999996,20.158824068595997,0.0,66.02,105.29505582137159,1.0,10816.054752398266,659.8886138566088
2025-09-11 19:00:00,57.72,83.56,48.95,72.32,221.36,64.91,158.17,588.72,25.840000000000003,30.923887027285783,0.0,156.45000000000002,241.02603604991532,0.0,10548.541558277082,671.9154935849226
2025-09-11 20:00:00,0.0,2.56,0.0,0.0,333.52,81.08,192.79,600.6,2.56,100.0,0.0,252.44,311.3468179575728,0.0,10262.273032945986,673.1259130241841
2025-09-11 21:00:00,0.0,0.0,0.0,0.0,384.86,154.63,210.79,610.13,0.0,,1.0,230.23000000000002,148.8909008601177,0.0,9872.9373281355,671.4216544991965
2025-09-11 22:00:00,0.0,0.0,0.0,0.0,389.11,258.69,211.29,452.86,0.0,,1.0,130.42000000000002,50.41555529784685,1.0,9474.731248732767,673.1082617149532
2025-09-11 23:00:00,0.0,0.0,0.0,0.0,390.61,325.07,199.2,425.55,0.0,,1.0,65.54000000000002,20.161811302181075,1.0,9332.80183153997,681.2497158848063
2025-09-12 00:00:00,0.0,0.0,0.0,0.0,363.62,388.84,191.53,433.26,0.0,,1.0,25.21999999999997,6.485958234749504,1.0,9372.943060293313,679.0617461843291
2025-09-12 01:00:00,0.0,0.0,0.0,0.0,301.91,436.95,154.1,427.37,0.0,,1.0,135.03999999999996,30.905137887630158,0.0,9308.37204926701,674.2748864816836
2025-09-12 02:00:00,0.0,0.0,0.0,0.0,287.38,414.21,103.97,583.77,0.0,,1.0,126.82999999999998,30.61973395137732,1.0,9411.159362809658,648.6647093460466
2025-09-12 03:00:00,0.0,0.0,0.0,0.0,334.48,473.43,92.46,754.85,0.0,,1.0,138.95,29.349639862281645,1.0,9312.349540430507,635.7568737685741
2025-09-12 04:00:00,0.0,0.0,0.0,0.0,346.05,324.72,85.56,679.52,0.0,,1.0,21.329999999999984,6.568736141906868,1.0,9399.112053964585,625.7808497095797
2025-09-12 05:00:00,0.0,0.0,0.0,0.0,315.92,250.95,82.84,736.86,0.0,,1.0,64.97000000000003,25.88961944610481,1.0,9670.829310032623,619.9127917772447
2025-09-12 06:00:00,1.02,0.0,0.63,1.45,429.79,307.85,119.84,871.17,1.02,,0.0,121.94,39.610199772616525,1.0,9881.606360806802,615.075634832691
2025-09-12 07:00:00,130.11,78.29,101.63,170.05,491.69,482.62,96.35,860.79,51.82000000000001,66.18980712734704,0.0,9.069999999999993,1.8793253491359647,1.0,10111.299775438214,612.0688575828972
2025-09-12 08:00:00,576.04,555.87,486.49,675.37,414.51,409.72,60.38,720.23,20.16999999999996,3.6285462428265527,1.0,4.789999999999964,1.169091086595715,1.0,10249.173305095754,612.0205685224142
2025-09-12 09:00:00,1025.36,1142.94,862.05,1186.34,237.75,257.69,21.16,458.81,117.58000000000015,10.287504155948707,1.0,19.939999999999998,7.737979743102176,1.0,10471.805980343082,615.7476030725701
2025-09-12 10:00:00,1206.86,1468.75,1085.33,1384.52,138.93,176.97,17.61,246.78,261.8900000000001,17.830808510638306,0.0,38.03999999999999,21.49516867265638,1.0,10712.19761240938,624.1582161460159
2025-09-12 11:00:00,1273.55,1492.76,978.65,1430.66,153.04,258.73,29.85,365.99,219.21000000000004,14.68487901605081,0.0,105.69000000000003,40.84953426351796,1.0,10840.276209428263,633.5292848648646
2025-09-12 12:00:00,1245.61,1491.0,976.84,1398.76,213.55,264.0,60.53,436.87,245.3900000000001,16.458081824279013,0.0,50.44999999999999,19.10984848484848,1.0,10919.9346730369,643.2843571859579
2025-09-12 13:00:00,1249.04,1491.0,923.45,1366.78,217.72,264.0,88.62,472.71,241.96000000000004,16.2280348759222,0.0,46.28,17.53030303030303,1.0,10988.54029160875,651.267519546281
2025-09-12 14:00:00,1272.73,1469.05,935.13,1371.44,209.16,466.47,99.95,412.52,196.31999999999994,13.363738470440076,0.0,257.31000000000006,55.161103607949066,0.0,10932.38131392375,651.4098163184021
2025-09-12 15:00:00,1259.67,1444.25,965.56,1357.44,229.54,652.24,89.39,433.67,184.57999999999993,12.780335814436553,0.0,422.70000000000005,64.80743284680486,0.0,11007.451194261983,649.5989539586637
2025-09-12 16:00:00,1144.56,1342.33,839.36,1244.96,319.33,897.73,96.78,612.66,197.76999999999998,14.733336809875366,0.0,578.4000000000001,64.42917135441616,0.0,10888.52567097693,643.4002441985028
2025-09-12 17:00:00,863.09,1008.08,721.76,969.33,394.42,954.41,131.88,817.55,144.99,14.382787080390447,0.0,559.99,58.67394515983697,0.0,10764.679285068056,641.2847338417137
2025-09-12 19:00:00,44.69,29.25,29.03,51.88,701.31,1361.59,342.19,1079.95,15.439999999999998,52.786324786324776,1.0,660.28,48.4933056206347,0.0,10544.0222919671,639.6861503230112
2025-09-12 20:00:00,0.0,0.11,0.0,0.0,852.07,1446.68,408.11,1364.68,0.11,100.0,0.0,594.61,41.10169491525424,0.0,10389.496933936129,640.9365768738764
2025-09-12 21:00:00,0.0,0.0,0.0,0.0,1049.67,1708.36,564.67,1476.23,0.0,,1.0,658.6899999999998,38.556861551429435,0.0,10236.657540596243,637.5580880340325
2025-09-12 22:00:00,0.0,0.0,0.0,0.0,1151.93,1833.74,820.22,1816.35,0.0,,1.0,681.81,37.18138885556294,0.0,9981.489118472718,620.6991076352411
2025-09-12 23:00:00,0.0,0.0,0.0,0.0,1150.33,1558.97,889.54,1904.64,0.0,,1.0,408.6400000000001,26.212178553788725,1.0,9729.155724783162,601.0268404529442
2025-09-13 00:00:00,0.0,-0.07,0.0,0.0,1033.42,867.51,782.91,1541.29,0.07,,0.0,165.91000000000008,19.124851586725235,1.0,9524.110425597612,592.3115732694547
2025-09-13 01:00:00,0.0,0.53,0.0,0.0,956.39,562.38,652.11,1272.05,0.53,100.0,0.0,394.01,70.06116860485793,0.0,9444.7741101276,583.5444103172009
2025-09-13 02:00:00,0.0,-0.02,0.0,0.0,806.37,601.99,487.71,1165.14,0.02,,0.0,204.38,33.95073007857273,1.0,9238.935027742444,595.2317471589311
2025-09-13 03:00:00,0.0,0.0,0.0,0.0,747.47,760.25,406.37,1179.85,0.0,,1.0,12.779999999999973,1.6810259782966093,1.0,9260.773387933494,598.8140454281397
2025-09-13 04:00:00,0.0,0.0,0.0,0.0,811.29,498.22,481.33,1253.24,0.0,,1.0,313.06999999999994,62.83770221990284,1.0,9364.543032631287,600.9604405448918
2025-09-13 05:00:00,0.0,0.0,0.0,0.0,866.38,391.95,521.29,1227.82,0.0,,1.0,474.43,121.04350044648552,0.0,9420.886367109624,613.2526820970513
2025-09-13 06:00:00,0.91,0.13,0.55,1.92,912.85,394.42,481.49,1212.95,0.78,600.0,0.0,518.4300000000001,131.4411033923229,0.0,9438.855266707424,630.5226931459881
2025-09-13 07:00:00,132.42,59.2,108.31,168.09,793.71,339.46,412.98,1004.3,73.21999999999998,123.68243243243239,0.0,454.25000000000006,133.81547163141462,0.0,9678.240038116115,639.5697635602747
2025-09-13 08:00:00,598.33,467.02,458.2,730.36,674.18,319.48,364.21,987.25,131.31000000000006,28.116568883559605,1.0,354.69999999999993,111.02416426693374,0.0,9902.441016479272,642.1069372188781
2025-09-13 09:00:00,1140.64,1038.49,832.97,1284.13,445.12,244.33,221.6,722.5,102.15000000000009,9.836397076524579,1.0,200.79,82.17983874268407,1.0,10193.623054901229,639.0467838794798
2025-09-13 10:00:00,1373.74,1438.25,1127.08,1466.96,263.82,154.23,114.8,439.98,64.50999999999999,4.48531201112463,1.0,109.59,71.0562147442132,1.0,10402.700116449432,630.5879787801589
2025-09-13 11:00:00,1421.21,1547.44,1291.75,1511.3,306.36,197.28,200.93,479.1,126.23000000000002,8.157343741922144,0.0,109.08000000000001,55.29197080291971,0.0,10553.247076530412,619.5917711975579
2025-09-13 12:00:00,1413.13,1568.4,1385.11,1493.48,384.48,245.0,207.82,683.53,155.26999999999998,9.899897985207854,0.0,139.48000000000002,56.93061224489797,1.0,10688.866823503475,608.6438488333633
2025-09-13 13:00:00,1413.12,1570.41,1373.41,1475.31,382.17,293.01,238.29,685.28,157.2900000000002,10.015855731942626,0.0,89.16000000000003,30.428995597419895,1.0,10765.79652340807,596.5673072771604
2025-09-13 14:00:00,1416.75,1572.07,1347.4,1493.3,334.09,287.1,181.97,662.18,155.31999999999994,9.879967177034098,0.0,46.98999999999995,16.36711947056773,1.0,10779.458091343848,588.2844127924974
2025-09-13 15:00:00,1410.68,1544.84,1331.03,1521.15,322.07,275.75,135.65,647.56,134.15999999999985,8.684394500401327,0.0,46.31999999999999,16.797824116047142,1.0,10785.46737893235,575.2383988149934
2025-09-13 16:00:00,1313.93,1351.57,1261.49,1433.09,321.36,279.42,136.98,647.61,37.63999999999987,2.7849094016588025,1.0,41.94,15.009662873094264,1.0,10718.100463637122,566.1313561712942
2025-09-13 17:00:00,963.36,1040.96,908.3,1067.61,375.88,260.75,156.9,674.3,77.60000000000002,7.454657239471259,1.0,115.13,44.153403643336524,1.0,10509.378518187918,555.3630663457661
2025-09-13 19:00:00,48.45,56.82,42.14,55.37,807.59,741.19,471.18,1379.25,8.369999999999997,14.73072861668426,0.0,66.39999999999998,8.958566629339302,1.0,10222.499525475747,539.1947281288797
2025-09-13 20:00:00,0.0,0.0,0.0,0.0,1257.77,1336.66,764.24,1998.66,0.0,,1.0,78.8900000000001,5.902024448999753,1.0,10078.256653530309,534.6627629132789
2025-09-13 21:00:00,0.0,-0.04,0.0,0.0,1682.95,1764.89,1083.75,2409.01,0.04,,0.0,81.94000000000005,4.6427822697165295,1.0,10075.175830167342,533.1938587221233
2025-09-13 22:00:00,0.0,0.0,0.0,0.0,1926.45,1668.78,1323.52,2522.97,0.0,,1.0,257.6700000000001,15.440621292201492,1.0,9938.259937971996,533.4760347407158
2025-09-13 23:00:00,0.0,0.0,0.0,0.0,1645.45,1734.56,1352.69,1927.6,0.0,,1.0,89.1099999999999,5.13732589244534,1.0,9701.951707664173,534.1915172614214
2025-09-14 00:00:00,0.0,0.0,0.0,0.0,1634.9,1498.1,1257.9,2071.51,0.0,,1.0,136.80000000000018,9.131566651091395,1.0,9588.510952066299,531.6540998927927
2025-09-14 01:00:00,0.0,-0.08,0.0,0.0,1557.71,1362.9,1116.27,2020.17,0.08,,0.0,194.80999999999995,14.293785310734458,1.0,9391.682688677196,534.3446610416021
2025-09-14 02:00:00,0.0,-0.1,0.0,0.0,1499.72,1182.92,1014.64,1864.65,0.1,,0.0,316.79999999999995,26.78118554086497,1.0,9285.458060712848,531.3946300075331
2025-09-14 03:00:00,0.0,-0.09,0.0,0.0,1424.31,1089.68,981.41,1816.76,0.09,,0.0,334.6299999999999,30.709015490786275,1.0,9245.475888688383,532.3785966547676
2025-09-14 04:00:00,0.0,-0.17,0.0,0.0,1366.92,1069.22,951.15,1801.95,0.17,,0.0,297.70000000000005,27.842726473504054,1.0,9274.855543597365,537.6127667274964
2025-09-14 05:00:00,0.0,0.0,0.0,0.0,1377.54,1026.45,860.97,1899.12,0.0,,1.0,351.0899999999999,34.204296361245056,1.0,9378.645988086544,539.7786504365359
2025-09-14 06:00:00,0.51,0.0,0.32,0.77,1408.76,1128.91,796.16,1947.71,0.51,,0.0,279.8499999999999,24.78939862345093,1.0,9467.321858421063,538.4432196147715
2025-09-14 07:00:00,106.86,43.5,81.43,146.15,1539.6,1233.95,958.63,1948.1,63.36,145.6551724137931,0.0,305.64999999999986,24.770047408728058,1.0,9599.821451212143,540.9367934953347
2025-09-14 08:00:00,509.69,308.03,417.63,666.99,1430.97,1248.51,960.46,1859.21,201.66000000000003,65.46764925494271,0.0,182.46000000000004,14.614220150419301,1.0,9803.918944324289,542.3355987267703
2025-09-14 09:00:00,948.72,662.79,773.53,1252.4,1090.73,978.49,857.31,1844.54,285.93000000000006,43.14036120038022,0.0,112.24000000000001,11.470735521057957,1.0,10000.510342930651,541.2028620838781
2025-09-14 10:00:00,1189.45,972.41,1023.62,1467.76,834.11,952.56,686.05,1872.11,217.04000000000008,22.319803375119555,0.0,118.44999999999993,12.434912236499532,1.0,10155.005196341343,535.9226019800703
2025-09-14 11:00:00,1321.26,1130.01,1305.74,1499.39,970.02,999.38,602.55,1761.24,191.25,16.924628985584196,0.0,29.360000000000014,2.937821449298567,1.0,10365.59378070015,528.970460308704
2025-09-14 12:00:00,1326.98,1453.22,1326.98,1469.15,1041.72,979.84,704.09,1704.59,126.24000000000001,8.686915952161407,1.0,61.879999999999995,6.315316786414107,1.0,10503.968057165903,519.795808355484
2025-09-14 13:00:00,1319.74,1494.1,1319.74,1449.98,1063.11,863.74,812.95,1754.92,174.3599999999999,11.669901613011172,0.0,199.3699999999999,23.082177507120186,1.0,10626.11514548481,511.4954212412792
2025-09-14 14:00:00,1291.04,1502.61,1291.04,1455.54,1054.69,692.77,829.16,1785.17,211.56999999999994,14.080167175780806,0.0,361.9200000000001,52.2424469881779,0.0,10765.871530523826,510.58842432719734
2025-09-14 15:00:00,1194.61,1383.92,1194.61,1442.31,1004.92,577.48,796.7,1798.7,189.31000000000017,13.679258916700398,1.0,427.43999999999994,74.01814781464292,0.0,10875.600458172974,517.0024019937883
2025-09-14 16:00:00,1036.46,1146.58,1028.44,1321.67,962.82,459.79,720.84,1845.76,110.11999999999989,9.604214272008923,1.0,503.03000000000003,109.40429326431631,0.0,10753.408731908206,519.2055114809671
2025-09-14 17:00:00,733.41,707.39,614.99,940.22,885.24,538.1,585.32,1437.18,26.019999999999982,3.6783104086854466,1.0,347.14,64.51217245865081,0.0,10654.464808315031,526.276364665238
2025-09-14 19:00:00,31.12,39.44,24.04,44.55,1104.74,734.12,546.99,1633.02,8.319999999999997,21.09533468559837,1.0,370.62,50.48493434315916,1.0,10442.858295745596,538.664596096504
2025-09-14 20:00:00,0.0,4.07,0.0,0.0,1485.33,1130.42,989.11,2122.43,4.07,100.0,0.0,354.90999999999985,31.396295182321598,1.0,10315.438597464636,541.98043531578
2025-09-14 21:00:00,0.0,0.0,0.0,0.0,1777.33,1508.19,1290.45,2250.89,0.0,,1.0,269.1399999999999,17.845231701576054,1.0,10227.513942289646,543.4463997460232
2025-09-14 22:00:00,0.0,-0.01,0.0,0.0,2012.06,1987.55,1444.53,2415.95,0.01,,0.0,24.50999999999999,1.2331765238610344,1.0,9955.580406661944,543.3246648012414
2025-09-14 23:00:00,0.0,-0.13,0.0,0.0,2197.11,2043.88,1615.47,2648.57,0.13,,0.0,153.23000000000002,7.497015480360883,1.0,9726.614833219995,542.6900725721489
2025-09-15 00:00:00,0.0,-0.01,0.0,0.0,2271.95,2008.46,1759.0,2741.47,0.01,,0.0,263.4899999999998,13.119006602073219,1.0,9580.740934008567,542.9709738028075
2025-09-15 01:00:00,0.0,-0.1,0.0,0.0,2166.23,1775.54,1565.9,2669.36,0.1,,0.0,390.69000000000005,22.00401004764748,1.0,9535.020706447689,536.3253242155829
2025-09-15 02:00:00,0.0,-0.01,0.0,0.0,2066.7,1629.65,1343.65,2578.4,0.01,,0.0,437.0499999999997,26.818642039701757,1.0,9505.22245615602,524.5985157242866
2025-09-15 03:00:00,0.0,-0.06,0.0,0.0,2068.53,1705.42,1364.46,2805.89,0.06,,0.0,363.1100000000001,21.291529359336707,1.0,9554.334449298625,507.48930672277595
2025-09-15 04:00:00,0.0,0.0,0.0,0.0,2183.91,1809.45,1549.15,2992.81,0.0,,1.0,374.4599999999998,20.69468623062255,1.0,9682.471087714284,486.316265380307
2025-09-15 05:00:00,0.0,0.0,0.0,0.0,2298.92,2002.05,1801.69,3114.13,0.0,,1.0,296.8700000000001,14.828300991483736,1.0,10093.683767373122,462.7617019561116
2025-09-15 06:00:00,0.21,0.0,0.01,0.67,2325.54,2099.78,1827.32,3138.13,0.21,,0.0,225.75999999999976,10.751602548838438,1.0,10312.734985378298,443.43933080184394
2025-09-15 07:00:00,50.6,48.59,40.45,76.02,2415.87,2077.53,2135.88,3209.23,2.009999999999998,4.136653632434653,1.0,338.3399999999997,16.28568540526489,0.0,10467.203959921664,432.20864251046964
2025-09-15 08:00:00,264.81,310.82,215.7,376.76,2217.87,1917.91,2034.46,2821.05,46.00999999999999,14.802779743903221,1.0,299.9599999999998,15.639941394538837,0.0,10583.37304375978,431.8509900715787
2025-09-15 09:00:00,539.55,695.22,411.9,659.41,1897.44,1415.2,1776.48,2522.22,155.67000000000007,22.391473202727205,0.0,482.24,34.07574901074053,0.0,10657.543565627117,438.4743171753687
2025-09-15 10:00:00,651.26,931.17,520.91,803.69,1704.57,1332.48,1646.82,2380.44,279.90999999999997,30.060032002749224,0.0,372.0899999999999,27.924621757925067,0.0,10754.450194672048,450.2295944617499
2025-09-15 11:00:00,714.44,1085.32,609.58,844.45,1666.45,1575.7,1381.15,2217.98,370.8799999999999,34.17240998046658,0.0,90.75,5.7593450529923205,1.0,10908.950340327588,468.69625167647104
2025-09-15 12:00:00,750.43,1300.8,653.3,888.83,1623.55,1684.97,1297.31,2121.04,550.37,42.31011685116851,0.0,61.42000000000007,3.6451687567137734,1.0,10972.225906056407,487.3884684009561
2025-09-15 13:00:00,772.92,1176.66,650.43,917.8,1547.32,1552.25,1243.95,2029.58,403.7400000000001,34.3123757075111,0.0,4.930000000000064,0.31760347882107026,1.0,11037.797331457163,505.9282295643431
2025-09-15 14:00:00,784.13,982.45,582.78,1039.99,1466.27,1693.68,1190.92,2053.28,198.32000000000005,20.186269021324243,1.0,227.41000000000008,13.426975579802564,1.0,11158.596516122983,526.6952590746848
2025-09-15 15:00:00,743.22,1020.18,520.51,1030.05,1521.07,1949.17,1243.5,2152.8,276.9599999999999,27.148150326412978,1.0,428.10000000000014,21.96319459051802,1.0,11206.781824340762,545.2810120098029
2025-09-15 16:00:00,622.19,941.49,474.19,820.93,1629.09,2273.63,1256.86,2307.35,319.29999999999995,33.914327289721605,0.0,644.5400000000002,28.348499975809617,1.0,11092.997517437707,560.235549173695
2025-09-15 17:00:00,419.57,724.37,330.4,540.64,1754.62,2379.45,1491.31,2528.55,304.8,42.07794359236302,0.0,624.8299999999999,26.259429700140785,1.0,10888.955717753239,567.4036503400667
2025-09-15 19:00:00,18.76,21.81,13.75,26.51,1603.1,1641.45,1268.12,2276.41,3.049999999999997,13.984410820724428,1.0,38.350000000000136,2.336348959761195,1.0,10636.873671958885,573.3014743963851
2025-09-15 20:00:00,0.0,12.7,0.0,0.0,1646.55,1367.64,1256.62,2295.74,12.7,100.0,0.0,278.90999999999985,20.39352461173992,1.0,10533.28339045157,573.6539811220225
2025-09-15 21:00:00,0.0,0.29,0.0,0.0,1712.17,1711.78,1434.2,2453.04,0.29,100.0,0.0,0.39000000000010004,0.022783301592500207,1.0,10002.090129702894,578.554591824637
2025-09-15 22:00:00,0.0,-0.23,0.0,0.0,1811.82,1923.82,1440.99,2542.65,0.23,,0.0,112.0,5.821750475616222,1.0,9795.170806566452,584.7828568464316
2025-09-15 23:00:00,0.0,-0.24,0.0,0.0,1706.25,1641.65,1022.35,2473.12,0.24,,0.0,64.59999999999991,3.9350653306124874,1.0,9674.95987092249,587.4253679987504
2025-09-16 00:00:00,0.0,-0.08,0.0,0.0,1685.65,1522.44,1161.78,2235.56,0.08,,0.0,163.21000000000004,10.720291111636586,1.0,9589.063348569862,586.9295396236952
2025-09-16 01:00:00,0.0,-0.06,0.0,0.0,1565.45,1228.1,1204.8,1943.55,0.06,,0.0,337.35000000000014,27.46926146079311,1.0,9461.131907067253,591.7812182779437
2025-09-16 02:00:00,0.0,-0.38,0.0,0.0,1388.55,968.93,1013.38,1734.17,0.38,,0.0,419.62,43.30756607804486,0.0,9445.72444767196,595.7453356868433
2025-09-16 03:00:00,0.0,-0.08,0.0,0.0,1178.4,625.98,756.53,1505.95,0.08,,0.0,552.4200000000001,88.24882584108119,0.0,9420.88289093797,604.3870856819436
2025-09-16 04:00:00,0.0,1.26,0.0,0.0,1013.09,353.86,591.74,1308.91,1.26,100.0,0.0,659.23,186.29684055841292,0.0,9384.377170895603,622.1170361609771
2025-09-16 05:00:00,0.0,0.29,0.0,0.0,859.97,238.06,476.06,1145.42,0.29,100.0,0.0,621.9100000000001,261.2408636478199,0.0,9495.097270331209,645.0894396374681
2025-09-16 06:00:00,0.35,-0.49,0.24,0.76,741.94,200.7,318.08,1066.15,0.84,,0.0,541.24,269.6761335326358,0.0,9763.68454193518,655.7894531588153
2025-09-16 07:00:00,124.16,69.74,106.35,146.21,598.45,199.11,293.84,1000.98,54.42,78.03269285919129,0.0,399.34000000000003,200.5625031389684,0.0,9894.727803922213,660.5327454113226
2025-09-16 08:00:00,642.77,541.55,583.12,697.12,419.09,162.11,223.31,750.85,101.22000000000003,18.69079494044872,0.0,256.97999999999996,158.52199124051566,0.0,10094.411363009413,658.7726179191525
2025-09-16 09:00:00,1223.2,1278.6,1199.05,1280.55,207.36,80.11,116.95,390.37,55.399999999999864,4.332864070076636,1.0,127.25000000000001,158.8440893771065,0.0,10287.268568834497,653.7183291725825
2025-09-16 10:00:00,1379.39,1480.55,1329.11,1420.1,98.45,38.54,56.76,197.71,101.15999999999985,6.832595994731679,0.0,59.910000000000004,155.44888427607683,0.0,10502.533292903412,647.4034832920756
2025-09-16 11:00:00,1395.32,1507.21,1354.97,1457.77,104.38,96.92,74.17,176.1,111.8900000000001,7.423650320791403,0.0,7.459999999999994,7.697069748245969,1.0,10635.760035486814,637.6077087443829
2025-09-16 12:00:00,1377.69,1494.56,1336.01,1434.03,129.78,181.52,101.44,198.61,116.86999999999989,7.8196927523819655,0.0,51.74000000000001,28.503746143675627,1.0,10601.110587214376,623.3368192210645
2025-09-16 13:00:00,1379.43,1485.01,1306.94,1425.87,169.78,218.88,122.94,246.73,105.57999999999993,7.109716432885969,0.0,49.099999999999994,22.432383040935672,1.0,10615.007889318653,604.9624095985849
2025-09-16 14:00:00,1409.38,1514.11,1317.97,1453.0,195.1,210.15,125.48,285.02,104.72999999999979,6.916934700913395,0.0,15.050000000000011,7.161551272900314,1.0,10627.671517199911,577.6154888939424
2025-09-16 15:00:00,1414.34,1531.27,1322.52,1465.05,200.71,145.31,113.45,289.67,116.93000000000006,7.63614516055301,0.0,55.400000000000006,38.125387103434036,1.0,10804.948743457393,551.8559676571043
2025-09-16 16:00:00,1312.78,1529.72,1201.06,1379.36,187.35,99.48,113.09,258.78,216.94000000000005,14.18168030750726,0.0,87.86999999999999,88.32931242460795,0.0,10821.352942942347,534.5047555792332
2025-09-16 17:00:00,974.29,1215.2,850.9,1053.65,158.09,72.85,138.38,196.18,240.91000000000008,19.824720210664918,0.0,85.24000000000001,117.00754975978039,0.0,10696.08894308046,524.319772676576
2025-09-16 19:00:00,38.39,54.56,30.33,43.88,226.41,146.79,129.42,490.17,16.17,29.63709677419355,0.0,79.62,54.24075209482936,1.0,10385.177062914561,505.8799567135868
2025-09-16 20:00:00,0.0,1.14,0.0,0.0,384.08,317.52,211.87,785.46,1.14,100.0,0.0,66.56,20.962459057697156,1.0,10088.79210911279,498.2870095278414
2025-09-16 21:00:00,0.0,0.0,0.0,0.0,565.69,527.24,361.41,1091.81,0.0,,1.0,38.450000000000045,7.292694029284585,1.0,9833.970959245711,500.9639966188277
2025-09-16 22:00:00,0.0,0.0,0.0,0.0,705.2,842.68,523.18,1393.2,0.0,,1.0,137.4799999999999,16.31461527507475,1.0,9751.022799530443,502.2019439079758
2025-09-16 23:00:00,0.0,0.0,0.0,0.0,826.24,1164.33,523.13,1617.79,0.0,,1.0,338.0899999999999,29.037300421701744,1.0,9617.638538949159,504.42115414970664
2025-09-17 00:00:00,0.0,0.0,0.0,0.0,980.1,1453.91,760.66,1655.47,0.0,,1.0,473.81000000000006,32.58867467724962,1.0,9500.647577111287,508.569563532425
2025-09-17 01:00:00,0.0,0.0,0.0,0.0,1064.12,1470.34,916.76,1833.2,0.0,,1.0,406.22,27.627623542854035,1.0,9455.654717492942,508.86498583205866
2025-09-17 02:00:00,0.0,0.0,0.0,0.0,1124.2,1471.47,956.96,2052.7,0.0,,1.0,347.27,23.60020931449503,1.0,9471.237758969748,507.4866927310243
2025-09-17 03:00:00,0.0,0.0,0.0,0.0,1112.39,1562.38,941.81,2151.8,0.0,,1.0,449.99,28.80157196072658,1.0,9527.98985725984,501.78163700037595
2025-09-17 04:00:00,0.0,-0.07,0.0,0.0,1175.29,1599.9,910.83,2184.26,0.07,,0.0,424.6100000000001,26.539783736483535,1.0,9677.521194386396,487.0870217614001
2025-09-17 05:00:00,0.0,0.0,0.0,0.0,1218.46,1622.77,963.09,2064.17,0.0,,1.0,404.30999999999995,24.914806164767647,1.0,10028.051037035626,469.8147335381854
2025-09-17 06:00:00,0.36,0.0,0.13,0.58,1323.12,1551.22,1106.33,1905.14,0.36,,0.0,228.10000000000014,14.704555124353744,1.0,10320.767759575298,464.69880191784796
2025-09-17 07:00:00,130.74,68.03,113.76,145.25,1297.87,1464.31,1108.53,1799.36,62.71000000000001,92.17992062325445,0.0,166.44000000000005,11.366445629682245,1.0,10417.736753807845,464.34687373764154
2025-09-17 08:00:00,649.42,652.94,607.43,702.38,1336.62,1545.43,1019.63,1902.75,3.5200000000000955,0.5391000704505919,1.0,208.81000000000017,13.511449887733521,1.0,10524.11736042238,469.38886115803064
2025-09-17 09:00:00,1222.51,1327.73,1182.43,1260.2,1106.04,925.15,632.25,1815.95,105.22000000000003,7.924803988762777,0.0,180.89,19.552504999189317,1.0,10577.475718884018,475.6402197080909
2025-09-17 10:00:00,1435.67,1567.69,1420.71,1440.98,830.01,624.22,511.03,1910.55,132.01999999999998,8.42130778406445,0.0,205.78999999999996,32.967543494280854,1.0,10678.657208185801,481.7606984116973
2025-09-17 11:00:00,1453.67,1610.07,1420.4,1468.75,798.58,730.66,628.69,2020.76,156.39999999999986,9.71386337239995,0.0,67.92000000000007,9.295705252785163,1.0,10809.689800022568,489.66130700695027
2025-09-17 12:00:00,1411.99,1577.45,1359.45,1450.12,871.27,997.72,728.87,1772.33,165.46000000000004,10.489080477986626,0.0,126.45000000000005,12.673896483983487,1.0,11013.91427688763,510.47852414907595
2025-09-17 13:00:00,1401.74,1569.01,1330.1,1443.06,892.16,1144.39,745.45,1687.21,167.26999999999998,10.66086258213778,0.0,252.23000000000013,22.040563094749178,1.0,11114.93027499001,536.1655277526689
2025-09-17 14:00:00,1430.95,1600.83,1347.3,1472.32,880.02,1167.63,601.71,1685.5,169.87999999999988,10.611995027579436,0.0,287.6100000000001,24.631946763957767,1.0,11274.106092322303,570.7232879857725
2025-09-17 15:00:00,1437.24,1606.33,1359.0,1488.9,882.83,1241.3,516.27,1761.15,169.08999999999992,10.52647961502306,0.0,358.4699999999999,28.87859502134858,1.0,11424.453728573206,608.1011280852846
2025-09-17 16:00:00,1339.96,1528.99,1245.56,1400.77,1044.44,1323.34,671.7,2047.25,189.02999999999997,12.363063198582068,0.0,278.89999999999986,21.075460577024792,1.0,11212.328625009317,627.3373299247899
2025-09-17 17:00:00,956.28,1179.05,847.2,1031.81,1207.91,1456.26,732.57,2279.31,222.76999999999998,18.894024850515244,0.0,248.3499999999999,17.05396014447969,1.0,11159.34431714562,646.0678293962749
2025-09-17 19:00:00,34.5,28.65,27.09,39.06,1927.75,2347.44,1391.08,2849.07,5.850000000000001,20.418848167539274,1.0,419.69000000000005,17.87862522577787,1.0,11164.470033327316,685.3281459009369
2025-09-17 20:00:00,0.0,0.0,0.0,0.0,2538.94,3187.45,1898.17,3280.63,0.0,,1.0,648.5099999999998,20.345730913426085,1.0,10821.790918068778,686.8294857610642
2025-09-17 21:00:00,0.0,0.0,0.0,0.0,2904.73,3213.92,2358.35,3468.4,0.0,,1.0,309.19000000000005,9.620339025240208,1.0,10567.321621495244,674.9882085276786
2025-09-17 22:00:00,0.0,0.0,0.0,0.0,3101.6,3017.5,2629.88,3514.78,0.0,,1.0,84.09999999999991,2.7870753935376937,1.0,10242.999084866262,659.5356610579342
2025-09-17 23:00:00,0.0,0.0,0.0,0.0,3239.69,2846.99,2783.85,3498.76,0.0,,1.0,392.7000000000003,13.793515256463854,1.0,9904.295609341934,645.5103088751932
2025-09-18 00:00:00,0.0,0.0,0.0,0.0,3317.22,2897.07,2953.66,3594.19,0.0,,1.0,420.14999999999964,14.50258364485496,0.0,9716.84420549824,632.3133979185147
2025-09-18 01:00:00,0.0,0.0,0.0,0.0,3303.47,2988.82,3022.31,3572.75,0.0,,1.0,314.64999999999964,10.527566062860917,0.0,9572.595061527081,624.2324430319633
2025-09-18 02:00:00,0.0,0.0,0.0,0.0,3262.26,2838.88,2997.48,3456.6,0.0,,1.0,423.3800000000001,14.913627909598153,0.0,9565.942696417176,617.6109173011242
2025-09-18 03:00:00,0.0,-0.03,0.0,0.0,3215.01,2776.03,2959.73,3404.38,0.03,,0.0,438.98,15.813229684117246,0.0,9587.365374519643,613.5740503032799
2025-09-18 04:00:00,0.0,0.0,0.0,0.0,3159.66,2715.48,2747.86,3317.74,0.0,,1.0,444.17999999999984,16.35732909098943,0.0,9795.60156277397,606.9495756568489
2025-09-18 05:00:00,0.0,-0.08,0.0,0.0,3082.08,2537.27,2577.54,3292.39,0.08,,0.0,544.81,21.47229108451209,0.0,10189.418013600789,602.0623729561515
2025-09-18 06:00:00,0.17,-0.08,0.06,0.3,2878.12,2382.97,2359.41,3135.81,0.25,,0.0,495.1500000000001,20.77869213628372,1.0,10341.20492084076,601.7632483371327
2025-09-18 07:00:00,113.08,58.98,101.08,124.51,2461.96,2320.13,2120.09,2875.95,54.1,91.72600881654799,0.0,141.82999999999993,6.113019529078109,1.0,10450.068021428833,601.5277160398889
2025-09-18 08:00:00,615.24,482.87,592.71,643.37,1987.56,1989.72,1610.56,2340.56,132.37,27.41317538882101,0.0,2.160000000000082,0.10855798805862542,1.0,10506.56295470835,601.5526839795859
2025-09-18 09:00:00,1196.1,550.0,1173.07,1229.93,1327.1,1929.0,1064.3,1515.54,646.0999999999999,117.47272727272727,0.0,601.9000000000001,31.20269569725247,0.0,10560.715198051888,601.5105358347332
2025-09-18 10:00:00,1439.52,550.0,1426.82,1479.39,832.71,1929.0,704.49,1118.45,889.52,161.73090909090908,0.0,1096.29,56.832037325038876,0.0,10622.071690818651,601.0293928814137
2025-09-18 11:00:00,1476.95,1086.59,1452.52,1518.02,663.74,1210.13,505.07,935.77,390.3600000000001,35.92523398890107,0.0,546.3900000000001,45.15134737590177,0.0,10752.316432000702,599.9884017596115
2025-09-18 12:00:00,1447.47,1554.18,1398.62,1508.83,597.7,675.36,394.64,848.4,106.71000000000004,6.866000077211136,0.0,77.65999999999997,11.499052357261307,1.0,10799.651771753563,594.0270054557924
2025-09-18 13:00:00,1434.96,1539.69,1366.0,1498.32,567.44,700.72,336.19,833.76,104.73000000000002,6.802018588157358,0.0,133.27999999999997,19.02043612284507,1.0,10846.304602152817,584.7943368175077
2025-09-18 14:00:00,1458.82,1581.59,1376.62,1521.47,546.38,621.22,324.06,791.44,122.76999999999998,7.7624415935862,0.0,74.84000000000003,12.047261839605941,1.0,10822.799186316377,566.0816910116412
2025-09-18 15:00:00,1453.55,1590.24,1376.66,1523.34,,549.49,,,136.69000000000005,8.595557903209581,0.0,,,0.0,10702.260582512414,532.4610810125857
2025-09-18 16:00:00,1341.32,1451.33,1265.31,1408.4,512.66,505.69,277.47,760.66,110.00999999999999,7.579943913513812,0.0,6.96999999999997,1.378314777828308,1.0,10674.532759368176,510.28635373091663
2025-09-18 17:00:00,911.98,1057.1,836.0,998.07,541.07,486.56,292.27,862.8,145.1199999999999,13.728124113139712,0.0,54.51000000000005,11.2031404143374,1.0,10573.236476968828,487.7812164840392
2025-09-18 19:00:00,30.0,47.2,25.35,34.22,1092.34,1004.64,536.43,1386.37,17.200000000000003,36.440677966101696,0.0,87.69999999999993,8.729495142538614,1.0,10477.31609022381,432.56872674832687
2025-09-18 20:00:00,0.0,3.25,0.0,0.0,1549.07,1637.39,935.41,1825.97,3.25,100.0,0.0,88.32000000000016,5.393950127947536,1.0,10272.979866386022,421.19613874547485
2025-09-18 21:00:00,0.0,-0.02,0.0,0.0,1814.26,1988.74,1249.12,2225.1,0.02,,0.0,174.48000000000002,8.773394209398917,1.0,10356.28448096575,418.27331140270906
2025-09-18 22:00:00,0.0,0.0,0.0,0.0,1865.78,1927.97,1272.31,2359.94,0.0,,1.0,62.190000000000055,3.225672598640023,1.0,10120.950971246246,420.0353621600473
2025-09-18 23:00:00,0.0,-0.08,0.0,0.0,1745.25,1525.08,1147.4,2328.05,0.08,,0.0,220.17000000000007,14.436619718309865,1.0,9994.348407173133,416.561147471804
2025-09-19 00:00:00,0.0,0.0,0.0,0.0,1581.79,1041.35,1202.35,2123.18,0.0,,1.0,540.44,51.898016997167154,0.0,9892.955864846326,406.86909517672905
2025-09-19 01:00:00,0.0,-0.08,0.0,0.0,1311.57,801.07,739.64,1785.56,0.08,,0.0,510.4999999999999,63.72726478335225,1.0,9812.859244242563,390.0381624431756
2025-09-19 02:00:00,0.0,-0.15,0.0,0.0,1042.65,846.33,741.29,1419.12,0.15,,0.0,196.32000000000005,23.196625429796892,1.0,9423.85987571927,403.1512425974764
2025-09-19 03:00:00,0.0,-0.13,0.0,0.0,883.96,776.87,643.6,1360.42,0.13,,0.0,107.09000000000003,13.784803120213168,1.0,9419.20635811677,417.88021128764973
2025-09-19 04:00:00,0.0,0.0,0.0,0.0,856.34,548.59,455.64,1547.52,0.0,,1.0,307.75,56.09836125339507,1.0,9560.565875498598,433.3382000784289
2025-09-19 05:00:00,0.0,-0.24,0.0,0.0,827.27,383.69,363.62,1453.24,0.24,,0.0,443.58,115.60895514608147,1.0,9765.871385651495,447.1637574678167
2025-09-19 06:00:00,0.09,-0.07,0.04,0.23,785.89,394.5,430.45,1185.7,0.16,,0.0,391.39,99.21166032953104,0.0,10008.292115194103,450.95645135200914
2025-09-19 07:00:00,76.92,36.24,50.22,109.07,689.96,465.76,447.2,973.89,40.68,112.25165562913905,0.0,224.20000000000005,48.136379251116466,1.0,10119.327601471325,450.7615817122101
2025-09-19 08:00:00,458.49,483.3,297.89,585.75,560.07,389.65,342.8,845.72,24.810000000000002,5.133457479826195,1.0,170.42000000000007,43.73668677017839,1.0,10238.352663607293,448.00188617028914
2025-09-19 09:00:00,929.18,1137.38,671.0,1186.12,340.68,163.1,143.08,563.67,208.20000000000016,18.30522780425189,1.0,177.58,108.87798896382589,1.0,10321.507379686645,443.6729128827919
2025-09-19 10:00:00,1221.17,1471.0,977.85,1444.5,153.97,73.64,62.35,367.1,249.82999999999993,16.983684568320864,0.0,80.33,109.08473655621944,1.0,10458.084521811728,438.9400996012206
2025-09-19 11:00:00,1314.59,1555.02,1110.01,1495.69,85.58,31.06,28.78,198.83,240.43000000000006,15.461537472186857,0.0,54.519999999999996,175.53122987765616,1.0,10549.21484641086,430.58667932386237
2025-09-19 12:00:00,1331.44,1531.94,1189.68,1480.88,70.07,17.74,26.77,128.22,200.5,13.087979946995313,0.0,52.33,294.98308906426155,0.0,10649.32418170446,423.047014287142
2025-09-19 13:00:00,1366.05,1503.85,1220.31,1455.63,63.06,37.34,32.75,142.18,137.79999999999995,9.163147920337797,0.0,25.72,68.88055704338511,1.0,10701.986590941528,414.8370173825835
2025-09-19 14:00:00,1418.65,1533.16,1253.75,1469.33,71.51,92.84,46.45,151.66,114.50999999999999,7.468887787315087,0.0,21.33,22.9750107712193,1.0,10784.735350752448,412.51035001496854
2025-09-19 15:00:00,1426.1,1496.26,1273.38,1477.4,70.1,75.2,53.85,111.28,70.16000000000008,4.689024634755997,0.0,5.1000000000000085,6.7819148936170315,1.0,10772.19368746207,416.2844754438546
2025-09-19 16:00:00,1312.42,1394.29,1209.61,1359.02,70.85,58.41,54.14,89.82,81.86999999999989,5.871805721908634,0.0,12.439999999999998,21.297722992638242,1.0,10660.2353526819,415.6218739907214
2025-09-19 17:00:00,879.74,1015.77,779.09,931.21,92.16,107.01,55.11,122.52,136.02999999999997,13.391811138348245,0.0,14.850000000000009,13.877207737594624,1.0,10476.798774126588,412.5506087142665
2025-09-19 19:00:00,26.49,10.52,21.34,28.0,319.44,185.13,160.86,455.92,15.969999999999999,151.80608365019012,0.0,134.31,72.54901960784314,1.0,10361.722399706667,409.37046211611147
2025-09-19 20:00:00,0.0,4.17,0.0,0.0,532.07,307.16,280.88,779.69,4.17,100.0,0.0,224.91000000000003,73.22242479489518,1.0,10063.05545341327,410.2864750180866
2025-09-19 21:00:00,0.0,1.54,0.0,0.0,730.23,541.59,421.97,1006.54,1.54,100.0,0.0,188.64,34.83077604830221,1.0,9814.10567730466,416.46149909979147
2025-09-19 22:00:00,0.0,-0.06,0.0,0.0,980.05,1024.15,553.57,1293.93,0.06,,0.0,44.100000000000136,4.306009861836658,1.0,9634.526502641109,431.1483692471273
2025-09-19 23:00:00,0.0,-0.06,0.0,0.0,1259.29,1329.21,477.83,1571.39,0.06,,0.0,69.92000000000007,5.260267376862954,1.0,9404.388379989497,457.15152557316725
2025-09-20 00:00:00,0.0,0.0,0.0,0.0,1510.8,1407.47,623.84,1937.53,0.0,,1.0,103.32999999999993,7.341541915635852,1.0,9223.836626866501,491.79423220982216
2025-09-20 01:00:00,0.0,0.0,0.0,0.0,1501.56,1302.76,779.88,1913.19,0.0,,1.0,198.79999999999995,15.25990973011145,1.0,9133.622390833612,527.8287320818727
2025-09-20 02:00:00,0.0,0.0,0.0,0.0,1519.22,1177.1,916.53,1985.59,0.0,,1.0,342.1200000000001,29.064650412029575,1.0,9060.353826918312,552.1642915507152
2025-09-20 03:00:00,0.0,-0.1,0.0,0.0,1552.62,1329.57,1064.51,2098.67,0.1,,0.0,223.04999999999995,16.776100543784832,1.0,9039.826015651077,576.3854360908985
2025-09-20 04:00:00,0.0,-0.08,0.0,0.0,1576.17,1362.01,1179.47,2222.53,0.08,,0.0,214.16000000000008,15.723819942584862,1.0,9067.215814922683,602.7992227187601
2025-09-20 05:00:00,0.0,0.0,0.0,0.0,1624.08,1293.72,1219.78,2395.51,0.0,,1.0,330.3599999999999,25.535664595121037,1.0,9198.670630206474,624.3248279626761
2025-09-20 06:00:00,0.09,0.0,0.04,0.31,1725.79,1277.83,1267.54,2482.66,0.09,,0.0,447.96000000000004,35.056306394434316,1.0,9338.30694243527,639.0241723221245
2025-09-20 07:00:00,86.23,57.88,58.66,113.08,1695.91,1324.1,1341.77,2224.05,28.35,48.98064961990325,0.0,371.8100000000002,28.08020542255118,0.0,9545.221589562185,644.2316688963308
2025-09-20 08:00:00,519.14,588.15,420.95,641.14,1670.86,1277.67,1247.65,2245.99,69.00999999999999,11.733401343194762,1.0,393.1899999999998,30.77398702325325,1.0,9741.642917593312,642.6819926352301
2025-09-20 09:00:00,1069.78,1222.54,965.33,1247.94,1367.6,1021.38,1055.68,2093.05,152.76,12.495296677409327,1.0,346.2199999999999,33.89727623411462,0.0,9922.94015352746,637.3466640400594
2025-09-20 10:00:00,1383.77,1461.14,1301.44,1465.35,968.11,961.62,775.33,1627.9,77.37000000000012,5.295180475519123,1.0,6.490000000000009,0.6749027682452537,1.0,10169.25785142194,629.3598645265065
2025-09-20 11:00:00,1462.42,1555.08,1433.64,1508.19,983.52,1165.73,681.55,1554.83,92.65999999999985,5.9585358952593985,0.0,182.21000000000004,15.630549097990103,1.0,10293.041466252444,620.0597123068532
2025-09-20 12:00:00,1431.1,1555.94,1393.11,1489.73,1271.64,1329.99,907.2,1673.93,124.84000000000015,8.023445634150427,0.0,58.34999999999991,4.387251031962639,1.0,10390.87632514992,608.5111893059153
2025-09-20 13:00:00,1425.36,1523.32,1360.08,1482.55,1454.61,1548.06,1130.68,1811.8,97.96000000000004,6.430690859438597,0.0,93.45000000000005,6.036587729157787,1.0,10538.486112917844,599.8011487339907
2025-09-20 14:00:00,1453.24,1545.98,1374.99,1508.4,1550.89,1639.22,1281.06,2014.45,92.74000000000001,5.9987839428711895,0.0,88.32999999999993,5.388538451214597,1.0,10690.632461730358,593.884742034101
2025-09-20 15:00:00,1459.47,1537.2,1351.49,1513.37,1611.27,1632.59,1410.16,2151.77,77.73000000000002,5.056596409055427,0.0,21.319999999999936,1.3059004404045067,1.0,10816.36396529285,596.854583838567
2025-09-20 16:00:00,1341.77,1403.23,1249.17,1400.95,1696.87,1607.97,1454.45,2236.74,61.460000000000036,4.379894956635765,0.0,88.89999999999986,5.528710112750851,1.0,10861.034885156916,609.6187372805952
2025-09-20 17:00:00,884.49,1028.65,782.17,962.65,1754.12,1813.4,1470.03,2309.86,144.16000000000008,14.014485004617711,0.0,59.2800000000002,3.268997463328565,1.0,10690.129395833736,620.1201379501307
2025-09-20 19:00:00,25.31,14.1,20.43,28.69,2187.81,2201.94,1488.35,2796.28,11.209999999999999,79.50354609929077,0.0,14.13000000000011,0.6417068584975116,1.0,10431.20641849729,626.7550244751632
2025-09-20 20:00:00,0.0,1.2,0.0,0.0,2582.14,2506.87,1707.74,3129.47,1.2,100.0,0.0,75.26999999999998,3.002548995360748,1.0,10215.630828105244,629.2588523803867
2025-09-20 21:00:00,0.0,0.0,0.0,0.0,2900.47,2719.15,2128.83,3461.37,0.0,,1.0,181.3199999999997,6.668260301932579,1.0,9978.586760147657,629.1160116553615
2025-09-20 22:00:00,0.0,0.0,0.0,0.0,3167.55,2881.63,2585.59,3666.59,0.0,,1.0,285.9200000000001,9.922162109639338,1.0,9682.248620437731,628.2746137814006
2025-09-20 23:00:00,0.0,0.0,0.0,0.0,3419.8,2737.4,3214.53,3777.94,0.0,,1.0,682.4000000000001,24.9287645210784,0.0,9382.832322419887,629.0502394144132
2025-09-21 00:00:00,0.0,0.0,0.0,0.0,3504.27,2647.83,3259.69,3819.76,0.0,,1.0,856.44,32.3449768300835,0.0,9177.248260706365,631.3384963373481
2025-09-21 01:00:00,0.0,-0.02,0.0,0.0,3469.45,2513.76,3196.18,3778.14,0.02,,0.0,955.6899999999996,38.01834701801284,0.0,9093.189891078438,633.5544899891295
2025-09-21 02:00:00,0.0,-0.02,0.0,0.0,3341.38,2486.05,2978.76,3699.79,0.02,,0.0,855.3299999999999,34.405180909474865,0.0,9036.434021624065,634.9661211361066
2025-09-21 03:00:00,0.0,0.0,0.0,0.0,3226.51,2334.17,2903.15,3665.83,0.0,,1.0,892.3400000000001,38.22943487406659,0.0,9013.110474313084,636.5771258406448
2025-09-21 04:00:00,0.0,-0.13,0.0,0.0,3147.22,2389.39,2876.78,3638.62,0.13,,0.0,757.8299999999999,31.716463197719918,0.0,9011.26532392121,639.8828189100254
2025-09-21 05:00:00,0.0,0.0,0.0,0.0,3076.68,2317.58,2859.4,3614.72,0.0,,1.0,759.0999999999999,32.75399338965645,0.0,9107.06602223484,644.5377489751822
2025-09-21 06:00:00,0.09,-0.01,0.02,0.28,3001.67,2393.43,2754.47,3473.28,0.09999999999999999,,0.0,608.2400000000002,25.412901150232102,0.0,9234.526826685336,648.8147271305019
2025-09-21 07:00:00,88.39,39.4,77.45,109.6,2885.13,2380.75,2681.75,3228.82,48.99,124.34010152284264,0.0,504.3800000000001,21.18576078966713,0.0,9415.178683868116,652.4152329500163
2025-09-21 08:00:00,557.24,528.37,529.26,634.91,2695.88,2401.48,2372.78,3157.3,28.870000000000005,5.463974109052369,0.0,294.4000000000001,12.25910688408815,1.0,9596.82387719402,654.5307221435313
2025-09-21 09:00:00,1129.58,1072.96,1124.23,1242.31,2208.17,1914.11,1632.92,3192.58,56.61999999999989,5.276990754548155,0.0,294.0600000000002,15.362753446771615,1.0,9835.611546146469,654.557839629765
2025-09-21 10:00:00,1350.37,1383.31,1298.48,1471.07,1930.7,2022.5,1562.57,3353.26,32.940000000000055,2.3812449848551704,1.0,91.79999999999995,4.538936959208898,1.0,10058.481315429774,652.8334083755171
2025-09-21 11:00:00,1345.28,1349.94,1251.7,1484.55,2193.48,2110.56,1580.76,3526.41,4.660000000000082,0.34520052743085483,1.0,82.92000000000007,3.9288151012053705,1.0,10283.910904418992,652.5833441032521
2025-09-21 12:00:00,1263.31,1178.21,1202.41,1472.99,2682.31,2579.28,1937.41,3744.92,85.09999999999991,7.222821059064167,0.0,103.02999999999975,3.994525604044529,1.0,10381.714777226183,652.2723687816962
2025-09-21 13:00:00,1191.51,1222.63,1058.49,1441.24,2910.51,2825.4,2353.24,4104.2,31.12000000000012,2.5453326026680285,1.0,85.11000000000013,3.0123168400934426,1.0,10443.869554026143,648.3732194443334
2025-09-21 14:00:00,1114.33,1024.52,864.65,1443.95,3229.34,2871.42,2782.79,4332.24,89.80999999999995,8.766056299535387,1.0,357.9200000000001,12.464912830585567,1.0,10455.258132093813,637.1480100240769
2025-09-21 15:00:00,1028.75,761.25,732.65,1427.13,3547.86,3112.45,3134.93,4469.22,267.5,35.139573070607554,1.0,435.4100000000003,13.989301032948331,0.0,10530.49276108174,621.0182836142162
2025-09-21 16:00:00,846.15,670.45,642.54,1281.86,3748.13,3332.91,3385.22,4499.09,175.69999999999993,26.20627936460585,1.0,415.22000000000025,12.458182189138029,0.0,10567.925296268942,602.9114582336493
2025-09-21 17:00:00,519.61,415.34,451.05,822.72,4044.84,3460.55,3802.54,4445.58,104.27000000000004,25.104733471372864,0.0,584.29,16.88431029749606,0.0,10435.447149957849,589.366469099288
2025-09-21 19:00:00,10.62,1.58,7.8,20.15,4233.44,3547.98,4169.62,4548.3,9.04,572.1518987341772,0.0,685.4599999999996,19.3197255903359,0.0,10362.169333528182,579.1440110232269
2025-09-21 20:00:00,0.0,0.0,0.0,0.0,4306.56,3576.97,4234.82,4756.16,0.0,,1.0,729.5900000000006,20.396872213074214,0.0,10104.631703228488,576.2721986017623
2025-09-21 21:00:00,0.0,-0.09,0.0,0.0,4321.12,3604.58,4168.63,4750.05,0.09,,0.0,716.54,19.87859889362977,0.0,9705.197147774481,575.5799144744554
2025-09-21 22:00:00,0.0,0.0,0.0,0.0,4281.58,3346.94,4039.72,4684.39,0.0,,1.0,934.6399999999999,27.92520929565513,0.0,9347.155960880138,582.648513082641
2025-09-21 23:00:00,0.0,-0.08,0.0,0.0,4306.78,3033.1,3913.39,4705.13,0.08,,0.0,1273.6799999999998,41.99268075566252,0.0,9150.472716109927,591.5482852700359
2025-09-22 00:00:00,0.0,0.0,0.0,0.0,4232.54,2943.18,3971.47,4707.74,0.0,,1.0,1289.3600000000001,43.808397719473504,0.0,9095.795809597092,595.3721371499784
2025-09-22 01:00:00,0.0,0.0,0.0,0.0,4043.19,2783.42,3618.72,4466.33,0.0,,1.0,1259.77,45.25978831796854,0.0,9062.821264908578,596.9158448252354
2025-09-22 02:00:00,0.0,0.0,0.0,0.0,3528.85,2776.95,3151.04,4005.1,0.0,,1.0,751.9000000000001,27.076468787698737,0.0,9014.43891076304,598.1137320028844
2025-09-22 03:00:00,0.0,0.0,0.0,0.0,3156.7,2516.34,2750.23,3583.05,0.0,,1.0,640.3599999999997,25.448071405294975,0.0,9020.513477829207,597.706340573438
2025-09-22 04:00:00,0.0,-0.05,0.0,0.0,2876.03,2300.78,2654.72,3265.6,0.05,,0.0,575.25,25.002390493658673,0.0,9200.849069637321,588.3711411617127
2025-09-22 05:00:00,0.0,-0.13,0.0,0.0,2643.04,2174.06,2335.51,2984.16,0.13,,0.0,468.98,21.571621758369137,0.0,9644.203400432301,571.5717805532042
2025-09-22 06:00:00,0.04,-0.56,0.01,0.04,2409.41,2062.18,1934.17,2667.15,0.6000000000000001,,0.0,347.23,16.838006381596177,1.0,9988.560275301752,559.503164487576
2025-09-22 07:00:00,77.43,21.3,49.81,92.93,2026.29,1728.38,1503.75,2487.52,56.13000000000001,263.5211267605634,0.0,297.90999999999985,17.23637163123849,1.0,10062.33529847994,553.9352346592807
2025-09-22 08:00:00,533.39,477.85,437.14,556.16,1638.16,1497.32,1282.15,2450.24,55.539999999999964,11.622894213665367,1.0,140.84000000000015,9.406138968290021,1.0,10083.755493951718,552.7008959093723
2025-09-22 09:00:00,1133.31,1328.2,1052.15,1162.54,1179.11,747.11,979.56,2088.09,194.8900000000001,14.673241981629278,0.0,431.9999999999999,57.822810563370844,0.0,10084.716655622626,554.1154747775519
2025-09-22 10:00:00,1424.49,1560.3,1291.99,1455.64,873.18,369.28,745.66,1562.13,135.80999999999995,8.704095366275713,0.0,503.9,136.45472270363953,0.0,10198.685711801723,556.6683112284348
2025-09-22 11:00:00,1473.87,1616.77,1409.88,1496.42,749.16,354.4,612.18,1264.3,142.9000000000001,8.838610315629317,0.0,394.76,111.3882618510158,0.0,10236.757438645827,555.3320231855395
2025-09-22 12:00:00,1437.81,1591.18,1395.56,1476.26,726.02,363.62,557.72,1255.29,153.37000000000012,9.638758657097256,0.0,362.4,99.66448490182057,0.0,10317.786593942283,553.0543834440695
2025-09-22 13:00:00,1433.46,1572.16,1366.76,1480.14,738.81,509.04,531.53,1371.87,138.70000000000005,8.82225727661307,0.0,229.76999999999992,45.137906647807625,0.0,10414.819924645493,551.8297181470724
2025-09-22 14:00:00,1470.38,1618.29,1379.83,1502.75,750.14,666.65,519.09,1452.38,147.90999999999985,9.139894580081435,0.0,83.49000000000001,12.523813095327386,1.0,10518.851051188009,554.7912228533925
2025-09-22 15:00:00,1478.43,1646.59,1377.21,1511.83,732.38,859.31,493.08,1498.42,168.15999999999985,10.21262123540164,0.0,126.92999999999995,14.771153599981377,1.0,10620.689458254183,559.5631066004594
2025-09-22 16:00:00,1348.57,1536.45,1231.45,1394.84,723.46,986.23,472.33,1460.71,187.8800000000001,12.228188356275837,0.0,262.77,26.643886314551366,1.0,10721.018290286607,568.3185742634196
2025-09-22 17:00:00,864.28,1173.0,740.19,931.96,770.41,1253.58,543.43,1428.16,308.72,26.318840579710145,0.0,483.16999999999996,38.54321224014423,1.0,10558.334815279051,573.8242708449101
2025-09-22 19:00:00,19.94,10.11,15.7,22.12,1371.32,1754.91,1049.79,1774.31,9.830000000000002,97.23046488625126,0.0,383.59000000000015,21.85810098523572,1.0,10479.90577251137,581.9654430568406
2025-09-22 20:00:00,0.0,-0.19,0.0,0.0,1943.4,2619.04,1650.95,2326.49,0.19,,0.0,675.6399999999999,25.797238682876163,0.0,10184.419984163022,583.2919115921449
2025-09-22 21:00:00,0.0,-0.08,0.0,0.0,2553.35,2838.42,2260.35,2992.39,0.08,,0.0,285.07000000000016,10.043263505753206,1.0,9828.60181775879,581.8267819423128
2025-09-22 22:00:00,0.0,-0.08,0.0,0.0,3075.03,2978.1,2886.57,3510.59,0.08,,0.0,96.93000000000029,3.254759746146882,1.0,9519.575678889805,575.36445248061
2025-09-22 23:00:00,0.0,0.0,0.0,0.0,3601.59,2985.45,3331.86,3839.38,0.0,,1.0,616.1400000000003,20.638094759583993,0.0,9301.138963588533,567.1878656918343
2025-09-23 00:00:00,0.0,-0.19,0.0,0.0,3906.86,3038.14,3541.96,4023.84,0.19,,0.0,868.7200000000003,28.593810686801802,0.0,9156.013788199338,563.4022456198669
2025-09-23 01:00:00,0.0,-0.25,0.0,0.0,3904.61,2924.12,3480.34,4048.8,0.25,,0.0,980.4900000000002,33.531113634187385,0.0,9014.946956796237,566.7345820711013
2025-09-23 02:00:00,0.0,0.0,0.0,0.0,3747.88,2751.85,3509.89,3977.19,0.0,,1.0,996.0300000000002,36.194923415157085,0.0,8986.681203777542,568.7357255964761
2025-09-23 03:00:00,0.0,-0.18,0.0,0.0,3582.02,2701.81,3398.08,3837.12,0.18,,0.0,880.21,32.57853068868648,0.0,9050.137647101383,566.6787049626379
2025-09-23 04:00:00,0.0,-0.57,0.0,0.0,3373.25,2749.61,3199.11,3602.39,0.57,,0.0,623.6399999999999,22.681034764930295,0.0,9192.159718226456,567.1757814283504
2025-09-23 05:00:00,0.0,0.0,0.0,0.0,3220.2,2687.94,3026.97,3455.53,0.0,,1.0,532.2599999999998,19.80178128976092,0.0,9560.691620264302,569.3358222349776
2025-09-23 06:00:00,0.0,-0.33,0.0,0.01,3134.65,2614.41,2907.61,3377.49,0.33,,0.0,520.2400000000002,19.898944694978994,0.0,9896.535895745978,569.2957375787879
2025-09-23 07:00:00,83.11,42.01,60.85,94.31,2980.45,2575.82,2763.33,3432.53,41.1,97.83384908355154,0.0,404.62999999999965,15.708783998881895,0.0,9998.435800058096,568.8231954474553
2025-09-23 08:00:00,554.38,547.01,468.93,596.22,2695.27,2366.32,2370.92,3088.31,7.3700000000000045,1.3473245461691752,1.0,328.9499999999998,13.901332026099588,0.0,10122.418217893959,569.3254074444246
2025-09-23 09:00:00,1149.57,1204.56,1109.19,1203.48,2138.26,1870.81,1799.57,2730.39,54.99000000000001,4.565152420800957,0.0,267.4500000000003,14.29594667550421,1.0,10194.126042603963,571.0212488720233
2025-09-23 10:00:00,1416.49,1511.92,1369.91,1443.63,1664.15,1460.49,1479.44,2524.17,95.43000000000006,6.311841896396639,0.0,203.66000000000008,13.944635019753651,0.0,10295.850056288698,573.2865952433393
2025-09-23 11:00:00,1456.45,1568.28,1411.27,1500.69,1369.11,1293.74,1109.98,2197.75,111.82999999999993,7.1307419593439905,0.0,75.36999999999989,5.825745513008788,1.0,10360.781365150135,576.6039311650815
2025-09-23 12:00:00,1415.07,1554.7,1363.04,1480.63,1172.13,1158.84,833.31,1822.99,139.6300000000001,8.981153920370497,0.0,13.290000000000191,1.1468364916640943,1.0,10460.585457450441,581.3069989101276
2025-09-23 13:00:00,1406.02,1521.78,1339.01,1462.82,952.32,1153.15,512.94,1637.87,115.75999999999999,7.606881415184849,0.0,200.83000000000004,17.415774183757534,1.0,10548.962791823173,586.5556479874487
2025-09-23 14:00:00,1416.22,1552.38,1333.35,1462.63,822.82,1110.11,321.96,1409.19,136.16000000000008,8.771048325796524,0.0,287.28999999999985,25.87941735503688,1.0,10618.027314594376,591.0024449116521
2025-09-23 15:00:00,1422.11,1593.48,1311.43,1472.09,755.89,999.19,247.78,1241.28,171.37000000000012,10.754449381228513,0.0,243.30000000000007,24.349723275853446,1.0,10807.266064903095,601.1651210185047
2025-09-23 16:00:00,1298.42,1497.51,1202.08,1361.48,759.42,962.37,254.2,1210.93,199.08999999999992,13.294735928307652,0.0,202.95000000000005,21.088562611053966,1.0,10855.574550536701,609.0389073135632
2025-09-23 17:00:00,817.98,1126.63,710.91,897.36,830.99,1057.42,338.93,1428.48,308.6500000000001,27.395861995508735,0.0,226.43000000000006,21.4134402602561,1.0,10558.12746581867,609.030299213895
2025-09-23 19:00:00,17.57,11.85,13.91,19.66,1695.02,1536.32,906.82,2306.87,5.720000000000001,48.27004219409283,0.0,158.70000000000005,10.329879191835039,1.0,10501.556700991629,609.8156469464667
2025-09-23 20:00:00,0.0,0.0,0.0,0.0,2328.48,2116.91,1456.16,3037.18,0.0,,1.0,211.57000000000016,9.994284121667912,1.0,10329.743067359062,612.673474668651
2025-09-23 21:00:00,0.0,0.0,0.0,0.0,2765.28,2384.74,1927.41,3347.74,0.0,,1.0,380.5400000000004,15.957295134899422,1.0,9983.610273109012,611.7844053847951
2025-09-23 22:00:00,0.0,-0.01,0.0,0.0,3028.1,2498.67,2209.24,3516.62,0.01,,0.0,529.4299999999998,21.188472267246166,1.0,9595.13018695612,609.4478538159952
2025-09-23 23:00:00,0.0,-0.11,0.0,0.0,3232.23,2393.17,2464.44,3696.88,0.11,,0.0,839.06,35.060609985918255,0.0,9291.223914030183,609.9405743621194
2025-09-24 00:00:00,0.0,-0.16,0.0,0.0,3254.3,2338.8,2555.52,3720.6,0.16,,0.0,915.5,39.14400547289208,0.0,9101.686542376388,613.2729538925546
2025-09-24 01:00:00,0.0,-0.08,0.0,0.0,3131.62,2189.74,2408.14,3701.92,0.08,,0.0,941.8800000000001,43.01332578296967,0.0,8996.678104185577,614.5465770639589
2025-09-24 02:00:00,0.0,-0.25,0.0,0.0,2994.8,2053.2,2298.21,3592.36,0.25,,0.0,941.6000000000004,45.86012078706412,0.0,8951.65815667058,617.0685668709575
2025-09-24 03:00:00,0.0,0.0,0.0,0.0,2882.39,2027.64,2231.49,3456.95,0.0,,1.0,854.7499999999998,42.154919019155265,0.0,8962.168966703282,623.1154546186227
2025-09-24 04:00:00,0.0,-0.08,0.0,0.0,2881.36,1980.29,2212.63,3307.72,0.08,,0.0,901.0700000000002,45.501921435749324,0.0,9110.860822825764,627.8144658813432
2025-09-24 05:00:00,0.0,-0.08,0.0,0.0,3005.34,2123.32,2268.96,3302.72,0.08,,0.0,882.02,41.53966429930486,0.0,9536.346334276555,628.5428508602109
2025-09-24 06:00:00,0.0,-0.04,0.0,0.0,3071.29,2527.44,2410.62,3339.78,0.04,,0.0,543.8499999999999,21.517820403253882,1.0,9892.882227075117,628.5644590326918
2025-09-24 07:00:00,77.04,15.04,66.14,84.11,3125.58,2662.25,2582.9,3312.34,62.00000000000001,412.23404255319156,0.0,463.3299999999999,17.403699877922808,1.0,10029.824996118561,628.6368537622878
2025-09-24 08:00:00,537.61,345.64,510.27,556.55,3059.31,2433.72,2086.19,3478.45,191.97000000000003,55.540446707557,0.0,625.5900000000001,25.705093437207243,1.0,10071.85651949697,628.2284433591349
2025-09-24 09:00:00,1125.37,801.7,1092.57,1148.98,2851.16,1998.88,1627.59,3508.91,323.66999999999985,40.37295746538604,0.0,852.2799999999997,42.637877211238276,1.0,10180.096949292372,628.0263901690331
2025-09-24 10:00:00,1397.04,951.52,1383.76,1426.55,2664.56,1960.85,1676.09,3485.03,445.52,46.821927022027914,0.0,703.71,35.88800775174032,1.0,10332.031175049882,628.8635404219144
2025-09-24 11:00:00,1431.33,989.19,1397.78,1488.61,2741.86,2231.07,2226.67,3823.71,442.1399999999999,44.697176477724184,0.0,510.78999999999996,22.8943959624754,1.0,10397.385169891963,629.8701209410434
2025-09-24 12:00:00,1393.89,1013.99,1351.21,1475.71,3186.03,2323.04,2897.2,3830.73,379.9000000000001,37.46585272044104,0.0,862.9900000000002,37.14916660927062,0.0,10356.598558973537,626.783382765589
2025-09-24 13:00:00,1387.78,1110.47,1330.99,1467.21,3347.07,2196.37,2883.33,4062.59,277.30999999999995,24.972309022305865,0.0,1150.7000000000003,52.39099058901735,0.0,10326.784809187966,619.5745627599744
2025-09-24 14:00:00,1430.91,1487.92,1354.81,1497.74,3201.57,1784.07,2613.28,4110.46,57.00999999999999,3.8315232001720516,1.0,1417.5000000000002,79.45316047016094,0.0,10291.428136903643,608.162629177293
2025-09-24 15:00:00,1435.24,1620.09,1367.18,1504.63,2894.47,1343.26,2239.05,3792.26,184.8499999999999,11.409859946052375,0.0,1551.2099999999998,115.48099399967242,0.0,10408.746091068395,589.0079644642194
2025-09-24 16:00:00,1297.08,1532.38,1219.49,1371.34,2466.53,1052.05,1885.0,3212.85,235.30000000000018,15.355199102050415,0.0,1414.4800000000002,134.4498835606673,0.0,10407.113891925675,565.2672857131631
2025-09-24 17:00:00,793.96,1088.77,696.35,879.4,1987.3,983.71,1466.47,2544.28,294.80999999999995,27.07734415900511,0.0,1003.5899999999999,102.02092079982921,0.0,10155.963390049177,551.2943896345364
2025-09-24 19:00:00,15.34,47.26,12.1,17.55,1618.9,1005.62,1236.07,2052.82,31.919999999999998,67.54126110876005,0.0,613.2800000000001,60.98526282293511,0.0,10130.459524826043,528.1033408548471
2025-09-24 20:00:00,0.0,16.17,0.0,0.0,1617.23,993.77,1211.32,1945.59,16.17,100.0,0.0,623.46,62.73685057910785,0.0,9893.540199524172,519.1536199582017
2025-09-24 21:00:00,0.0,-0.15,0.0,0.0,1472.62,966.67,1055.72,1864.0,0.15,,0.0,505.94999999999993,52.33947469146658,0.0,9607.015504375,520.8003768596508
2025-09-24 22:00:00,0.0,-0.11,0.0,0.0,1321.41,936.29,846.38,1718.66,0.11,,0.0,385.1200000000001,41.132555084428986,1.0,9351.04836498176,528.1170079157131
2025-09-24 23:00:00,0.0,0.0,0.0,0.0,1131.58,947.56,614.9,1351.78,0.0,,1.0,184.01999999999998,19.42040609565621,1.0,9240.28068914488,530.4720534966973
2025-09-25 00:00:00,0.0,0.0,0.0,0.0,1111.35,958.02,473.33,1356.25,0.0,,1.0,153.32999999999993,16.004885075468145,1.0,9200.369770706466,524.955527514941
2025-09-25 01:00:00,0.0,0.0,0.0,0.0,1104.99,1164.07,459.81,1473.78,0.0,,1.0,59.07999999999993,5.0752961591656796,1.0,9070.246863359958,520.0602883227854
2025-09-25 02:00:00,0.0,0.0,0.0,0.0,1145.68,1322.42,554.64,1571.74,0.0,,1.0,176.74,13.3648916380575,1.0,8989.089087388316,517.3461818676028
2025-09-25 03:00:00,0.0,0.0,0.0,0.0,1320.42,1365.27,801.04,1716.31,0.0,,1.0,44.84999999999991,3.2850644927376935,1.0,9066.811816066032,510.0491385359636
2025-09-25 04:00:00,0.0,0.0,0.0,0.0,1592.19,1302.97,1160.47,1938.65,0.0,,1.0,289.22,22.196980743992572,1.0,9245.374698292986,502.36318256053863
2025-09-25 05:00:00,0.0,-1.12,0.0,0.0,1837.54,1460.97,1403.93,2259.47,1.12,,0.0,376.56999999999994,25.775341040541555,1.0,9660.257313523873,499.67007541866417
2025-09-25 06:00:00,0.0,-0.69,0.0,0.0,2071.57,1945.73,1650.03,2540.28,0.69,,0.0,125.84000000000015,6.467495490124536,1.0,10012.74496181169,500.70136182671416
2025-09-25 07:00:00,69.89,21.93,52.7,78.27,2336.83,2511.55,1992.27,2798.29,47.96,218.69585043319654,0.0,174.72000000000025,6.956660229738618,1.0,10159.366402069934,503.34421562244796
2025-09-25 08:00:00,529.11,318.04,451.89,565.86,2527.28,2412.2,2122.94,2876.35,211.07,66.36586592881399,0.0,115.08000000000038,4.770748694138147,1.0,10102.271808166082,503.93421956780617
2025-09-25 09:00:00,1134.92,732.37,1076.43,1188.59,2456.35,1939.59,2061.79,3023.99,402.55000000000007,54.96538634843044,0.0,516.76,26.642744085090147,0.0,10090.225922550191,501.8048550128134
2025-09-25 10:00:00,1419.87,969.24,1361.01,1445.34,2454.99,1696.56,2049.63,3311.34,450.6299999999999,46.49312863687011,0.0,758.4299999999998,44.703989248832926,0.0,10146.817598831158,495.60372155337336
2025-09-25 11:00:00,1432.98,980.0,1390.51,1467.37,2632.29,1673.0,2309.18,3655.53,452.98,46.22244897959184,0.0,959.29,57.339509862522405,0.0,10161.969676671028,486.5779751449469
2025-09-25 12:00:00,1391.42,980.0,1329.63,1447.18,2764.18,1673.0,2455.75,3991.8,411.4200000000001,41.981632653061226,0.0,1091.1799999999998,65.22295277943813,0.0,10176.049353016086,479.61741958967525
2025-09-25 13:00:00,1379.83,980.0,1302.03,1438.61,2970.64,1673.0,2728.24,4165.65,399.8299999999999,40.798979591836726,0.0,1297.6399999999999,77.56365809922295,0.0,10187.57037117244,474.21236208913
2025-09-25 14:00:00,1408.12,980.0,1316.7,1459.71,3142.21,1673.0,2907.27,4076.63,428.1199999999999,43.68571428571427,0.0,1469.21,87.81888822474598,0.0,10308.337111758048,474.9421956615923
2025-09-25 15:00:00,1405.21,1022.86,1304.62,1462.66,3142.21,1863.32,2865.65,3775.53,382.35,37.380482177424085,0.0,1278.89,68.63501706631176,0.0,10479.539589421733,478.9020365758122
2025-09-25 16:00:00,1264.11,1034.44,1160.25,1328.38,3060.74,2083.98,2735.23,3533.46,229.66999999999985,22.202351030509245,0.0,976.7599999999998,46.869931573239654,0.0,10568.906314206157,488.3936157378574
2025-09-25 17:00:00,755.21,786.58,656.94,827.49,2916.9,2334.61,2681.58,3372.97,31.370000000000005,3.988151237000687,1.0,582.29,24.941639074620596,0.0,10451.12057704252,500.298526601606
2025-09-25 19:00:00,8.44,1.48,6.19,9.84,3084.28,2985.25,2606.02,3641.32,6.959999999999999,470.2702702702702,0.0,99.0300000000002,3.31731010803116,1.0,10424.703390450295,521.8840847106302
2025-09-25 20:00:00,0.0,0.0,0.0,0.0,3329.6,3033.95,3101.01,3833.56,0.0,,1.0,295.6500000000001,9.74472222680005,0.0,10131.710791719092,524.4813118153088
2025-09-25 21:00:00,0.0,0.29,0.0,0.0,3598.73,2814.1,3193.36,4303.03,0.29,100.0,0.0,784.6300000000001,27.882093742226647,0.0,9787.161357016332,521.5906843459136
2025-09-25 22:00:00,0.0,-0.11,0.0,0.0,3817.36,2486.85,3389.26,4602.76,0.11,,0.0,1330.5100000000002,53.50181957094318,0.0,9515.00084198162,515.2067132354323
2025-09-25 23:00:00,0.0,0.0,0.0,0.0,4034.05,2503.73,3747.46,4449.97,0.0,,1.0,1530.3200000000002,61.121606563008,0.0,9340.239439125558,510.01356705681525
2025-09-26 00:00:00,0.0,0.0,0.0,0.0,4168.94,2410.83,3443.54,4435.73,0.0,,1.0,1758.1099999999997,72.92550698307221,0.0,9240.956205479386,507.6377815627765
2025-09-26 01:00:00,0.0,-0.17,0.0,0.0,4192.99,2221.4,3620.3,4485.16,0.17,,0.0,1971.5899999999997,88.75438912397586,0.0,9176.251318286193,500.4551670120389
2025-09-26 02:00:00,0.0,-0.13,0.0,0.0,4058.52,2146.65,3742.22,4437.15,0.13,,0.0,1911.87,89.06295856334287,0.0,9149.075167625062,488.56597000094393
2025-09-26 03:00:00,0.0,-0.05,0.0,0.0,3625.17,2113.16,3044.42,4311.64,0.05,,0.0,1512.0100000000002,71.5520831361563,0.0,9179.571691563684,480.50381409055865
2025-09-26 04:00:00,0.0,0.0,0.0,0.0,3006.85,2108.45,2357.79,4256.81,0.0,,1.0,898.4000000000001,42.609499869572446,0.0,9319.734569811151,476.1690768045789
2025-09-26 05:00:00,0.0,0.0,0.0,0.0,2604.18,2248.34,1797.88,3927.09,0.0,,1.0,355.8399999999997,15.82678776341655,1.0,9709.233623823764,475.08691200688685
2025-09-26 06:00:00,0.0,-0.14,0.0,0.0,2254.35,2209.86,1321.85,3430.37,0.14,,0.0,44.48999999999978,2.0132497081262968,1.0,10051.75677005224,475.4579198104621
2025-09-26 07:00:00,56.87,15.0,42.46,67.57,2073.53,1702.29,1254.14,3199.49,41.87,279.1333333333333,0.0,371.24000000000024,21.808270036245307,1.0,10194.028887921853,476.2397830020979
2025-09-26 08:00:00,464.73,388.11,379.03,510.7,1854.69,1527.0,1203.52,2725.27,76.62,19.74182577104429,1.0,327.69000000000005,21.45972495088409,1.0,10214.191708668135,478.53680656186947
2025-09-26 09:00:00,1064.13,1273.73,882.3,1119.8,1507.71,1112.88,922.53,2087.35,209.5999999999999,16.455606761244525,0.0,394.8299999999999,35.47821867586801,1.0,10257.401606362135,482.0947869626611
2025-09-26 10:00:00,1378.14,1565.32,1245.8,1419.73,1432.68,961.08,836.75,1960.18,187.17999999999984,11.957938312932809,0.0,471.6,49.069796478961166,1.0,10275.722639760457,485.18198628115215
2025-09-26 11:00:00,1442.28,1610.19,1404.13,1479.01,1532.69,1076.18,958.67,2130.41,167.91000000000008,10.427961917537687,0.0,456.51,42.41948372948763,1.0,10317.352964945878,489.1878052724743
2025-09-26 12:00:00,1401.5,1583.76,1356.29,1461.25,1672.95,1330.53,1159.08,2192.61,182.26,11.508056776279235,0.0,342.4200000000001,25.73560911817096,1.0,10314.004878172444,492.7079652611157
2025-09-26 13:00:00,1372.19,1471.48,1321.79,1440.43,1914.87,1524.41,1368.8,2576.08,99.28999999999996,6.747628238236331,0.0,390.4599999999998,25.613844044581167,1.0,10342.238245021721,496.81146907858323
2025-09-26 14:00:00,1351.0,1342.46,1231.05,1442.03,2171.24,1666.76,1561.51,2933.18,8.539999999999964,0.6361455834810693,1.0,504.4799999999998,30.26710504211763,1.0,10296.645333136257,496.4670241568899
2025-09-26 15:00:00,1271.72,1219.52,900.03,1464.02,2322.37,1732.81,1707.69,3275.89,52.200000000000045,4.2803726056153275,1.0,589.56,34.02334935740214,1.0,10376.228314373799,492.2482784850797
2025-09-26 16:00:00,1105.06,1153.88,685.31,1308.1,2354.12,1870.25,1782.4,3348.26,48.820000000000164,4.230942559018282,1.0,483.8699999999999,25.871942253709392,1.0,10398.391484679505,484.26489376447444
2025-09-26 17:00:00,693.89,946.85,553.39,786.22,2179.94,1883.58,1768.97,3176.09,252.96000000000004,26.715952896446115,0.0,296.3600000000001,15.733868484481686,1.0,10219.927822585565,476.18488403129993
2025-09-26 19:00:00,8.79,16.26,7.65,9.89,1885.0,1570.91,1415.05,2693.28,7.470000000000002,45.94095940959411,0.0,314.0899999999999,19.994143521907677,1.0,10133.758203100919,456.5054871265145
2025-09-26 20:00:00,0.0,4.23,0.0,0.0,2140.17,1782.89,1495.97,2992.53,4.23,100.0,0.0,357.28,20.039374274352312,1.0,9967.511784574306,454.4134396932382
2025-09-26 21:00:00,0.0,-0.08,0.0,0.0,2622.31,1991.5,1875.54,3361.98,0.08,,0.0,630.81,31.675119256841572,1.0,9741.446989199987,455.0579890835245
2025-09-26 22:00:00,0.0,0.0,0.0,0.0,3210.22,2431.39,2488.63,3765.51,0.0,,1.0,778.8299999999999,32.03229428433941,0.0,9469.74012463688,456.8598794475767
2025-09-26 23:00:00,0.0,0.0,0.0,0.0,3694.2,2478.84,2655.01,4142.34,0.0,,1.0,1215.3599999999997,49.02938471220408,0.0,9279.13098297663,460.32428381890213
2025-09-27 00:00:00,0.0,-0.39,0.0,0.0,4010.87,2273.1,2924.01,4375.21,0.39,,0.0,1737.77,76.44934230786151,0.0,9153.034032068832,466.1630806394114
2025-09-27 01:00:00,0.0,0.0,0.0,0.0,4148.09,2156.0,3361.96,4524.87,0.0,,1.0,1992.0900000000001,92.39749536178108,0.0,9013.913688177616,478.18528541426565
2025-09-27 02:00:00,0.0,0.0,0.0,0.0,4218.45,2064.75,3452.81,4524.57,0.0,,1.0,2153.7,104.3080276062477,0.0,8989.286995747205,490.0027178756291
2025-09-27 03:00:00,0.0,0.0,0.0,0.0,4237.65,2160.41,3526.55,4483.92,0.0,,1.0,2077.24,96.15026777324674,0.0,9009.69070198242,501.78624365163165
2025-09-27 04:00:00,0.0,-0.03,0.0,0.0,4195.6,2247.17,3514.29,4497.14,0.03,,0.0,1948.4300000000003,86.70594570059231,0.0,9043.693208350076,518.1371397350615
2025-09-27 05:00:00,0.0,-0.22,0.0,0.0,4118.09,2282.96,3506.9,4451.78,0.22,,0.0,1835.13,80.38379997897466,0.0,9216.673305965165,534.3142797640058
2025-09-27 06:00:00,0.0,-0.06,0.0,0.0,3943.39,2280.46,3485.94,4315.94,0.06,,0.0,1662.9299999999998,72.92081422169211,0.0,9434.239906764631,539.0335512196184
2025-09-27 07:00:00,22.66,3.08,16.48,29.64,3641.47,2411.62,3364.58,4033.44,19.58,635.7142857142857,0.0,1229.85,50.996840298222764,0.0,9575.676369976678,535.366737565557
2025-09-27 08:00:00,192.62,73.24,139.96,263.18,3114.91,2372.91,2578.09,3631.83,119.38000000000001,162.99836155106502,0.0,742.0,31.269622530985163,0.0,9741.283660803107,528.0625026082863
2025-09-27 09:00:00,452.34,187.31,310.91,587.08,2477.03,2429.08,1807.71,3109.04,265.03,141.4927126154503,0.0,47.95000000000027,1.9739983862203085,1.0,9845.802649152338,518.4459888725162
2025-09-27 10:00:00,598.98,356.59,363.83,825.06,1938.56,2218.74,1462.11,2631.25,242.39000000000004,67.97442440898513,0.0,280.17999999999984,12.627887900339827,1.0,9930.486531216538,508.2574172406575
2025-09-27 11:00:00,698.36,451.03,419.36,946.03,1731.18,2220.36,1315.89,2446.99,247.33000000000004,54.8367070926546,1.0,489.18000000000006,22.031562449332544,1.0,9936.666690234848,495.4784068674303
2025-09-27 12:00:00,767.18,477.04,488.6,984.85,1723.44,2118.51,1195.04,2632.03,290.13999999999993,60.82089552238804,0.0,395.07000000000016,18.64848407607234,1.0,9915.094005965877,481.58787710243473
2025-09-27 13:00:00,779.72,604.92,554.99,929.39,1811.12,1892.61,1276.61,2788.28,174.80000000000007,28.896382992792446,1.0,81.49000000000001,4.305694252910004,1.0,9884.675406229628,464.4275525880421
2025-09-27 14:00:00,758.24,720.88,565.19,857.36,1966.08,2114.64,1374.67,2980.61,37.360000000000014,5.1825546554211535,1.0,148.55999999999995,7.025309272500281,1.0,9937.747658245713,449.79108573648494
2025-09-27 15:00:00,724.73,703.71,613.25,868.73,2147.69,2286.89,1572.49,3111.63,21.019999999999982,2.9870259055576844,1.0,139.19999999999982,6.086869066723796,1.0,10034.765331177563,431.8865887289934
2025-09-27 16:00:00,620.28,589.76,509.01,795.68,2256.67,2390.92,1794.14,3232.68,30.519999999999982,5.174986435160062,1.0,134.25,5.614993391665133,1.0,10171.23587864894,417.4012469224964
2025-09-27 17:00:00,370.52,534.74,275.7,513.9,2188.35,2559.71,1732.73,3109.52,164.22000000000003,30.710251711111948,0.0,371.3600000000001,14.507893472307416,1.0,10128.149942457498,412.4128439120314
2025-09-27 19:00:00,3.97,0.44,2.42,5.38,2423.9,2685.59,1663.16,3135.0,3.5300000000000002,802.2727272727274,0.0,261.69000000000005,9.74422752542272,1.0,10141.926786120948,413.636571252647
2025-09-27 20:00:00,0.0,-0.09,0.0,0.0,2836.27,2779.56,1767.58,3369.38,0.09,,0.0,56.710000000000036,2.040250974974458,1.0,9926.815294211474,412.3788747443065
2025-09-27 21:00:00,0.0,0.0,0.0,0.0,3160.88,2853.95,1979.53,3679.78,0.0,,1.0,306.9300000000003,10.754568229997034,1.0,9703.659916355262,412.09754678376663
2025-09-27 22:00:00,0.0,-0.24,0.0,0.0,3290.9,2979.45,2168.96,3806.26,0.24,,0.0,311.4500000000003,10.453271576968913,1.0,9478.263356212907,411.9380339314823
2025-09-27 23:00:00,0.0,-0.15,0.0,0.0,3234.74,2633.54,2228.81,3729.67,0.15,,0.0,601.1999999999998,22.828588136120956,1.0,9258.910643221057,412.7526704958976
2025-09-28 00:00:00,0.0,-0.12,0.0,0.0,3270.33,2511.1,2299.17,3723.14,0.12,,0.0,759.23,30.234956791844215,1.0,9139.195990748836,413.48709447421743
2025-09-28 01:00:00,0.0,-0.23,0.0,0.0,3251.19,2680.28,2135.33,3762.87,0.23,,0.0,570.9099999999999,21.300386526780777,1.0,9115.626222882553,407.15566959909546
2025-09-28 02:00:00,0.0,-0.27,0.0,0.0,3168.04,2827.64,2255.74,3721.55,0.27,,0.0,340.4000000000001,12.038307563904887,1.0,9086.816081442179,400.66421204448085
2025-09-28 03:00:00,0.0,-0.08,0.0,0.0,3020.59,2794.04,1881.6,3624.74,0.08,,0.0,226.55000000000018,8.10833058939744,1.0,9072.458353997337,396.42805399980125
2025-09-28 04:00:00,0.0,-0.31,0.0,0.0,2874.14,2794.39,1700.15,3437.55,0.31,,0.0,79.75,2.853932343015828,1.0,9091.954631977776,393.27027790191596
2025-09-28 05:00:00,0.0,-0.08,0.0,0.0,2799.96,2647.07,1636.91,3513.76,0.08,,0.0,152.88999999999987,5.77582005764864,1.0,9220.798513809965,393.0675549477342
2025-09-28 06:00:00,0.0,-0.08,0.0,0.0,2480.61,2361.18,1449.24,3262.67,0.08,,0.0,119.43000000000029,5.058064188244874,1.0,9330.600719914142,396.2488674878916
2025-09-28 07:00:00,42.07,19.22,40.98,52.43,1851.77,1512.27,1109.33,2620.48,22.85,118.8865764828304,0.0,339.5,22.449694829626985,1.0,9512.33894344156,397.0373312173259
2025-09-28 08:00:00,403.74,279.84,373.12,472.12,1123.48,892.49,639.57,1924.04,123.90000000000003,44.2753001715266,0.0,230.99,25.881522482044616,1.0,9638.047053838161,396.6350975730007
2025-09-28 09:00:00,935.82,993.02,851.27,1068.13,604.61,534.88,329.26,1280.6,57.19999999999993,5.760206239552066,1.0,69.73000000000002,13.036568950044874,1.0,9702.726250762922,394.6651546181406
2025-09-28 10:00:00,1238.06,1333.87,1113.71,1333.51,350.13,312.79,171.19,788.13,95.80999999999995,7.182858899293031,0.0,37.339999999999975,11.937721794174996,1.0,9735.655882824027,390.54109642975504
2025-09-28 11:00:00,1295.34,1462.3,1182.97,1423.0,254.09,330.86,125.0,549.38,166.96000000000004,11.417629761334886,0.0,76.77000000000001,23.20316750287131,1.0,9731.747816527539,385.9375537750172
2025-09-28 12:00:00,1283.56,1443.83,1199.63,1393.11,207.63,287.62,146.38,385.97,160.26999999999998,11.100337297327247,0.0,79.99000000000001,27.811000625825745,1.0,9753.394350227763,382.12463092963316
2025-09-28 13:00:00,1271.56,1458.17,1207.41,1362.85,199.87,156.16,137.73,286.36,186.61000000000013,12.797547611046731,0.0,43.71000000000001,27.990522540983616,1.0,9810.7672736398,380.21377365605
2025-09-28 14:00:00,1293.01,1460.87,1204.47,1406.41,242.88,145.52,119.38,385.84,167.8599999999999,11.490413246900813,0.0,97.35999999999999,66.90489279824078,1.0,9796.525998224004,376.1457027768277
2025-09-28 15:00:00,1285.27,1510.65,1213.64,1416.93,357.44,323.5,146.27,548.07,225.3800000000001,14.919405553900644,0.0,33.94,10.491499227202471,1.0,9904.03320491213,370.6889294116531
2025-09-28 16:00:00,1099.22,1355.32,1081.99,1223.16,565.46,550.19,241.44,776.85,256.0999999999999,18.89590650178555,0.0,15.269999999999982,2.775404860139221,1.0,10046.43673513389,363.2478041108364
2025-09-28 17:00:00,612.41,817.97,596.3,700.39,843.93,789.22,383.3,1137.69,205.56000000000006,25.130506008777836,0.0,54.70999999999992,6.932160867692142,1.0,9969.597574622325,354.62079493897585
2025-09-28 19:00:00,4.47,4.37,3.8,5.36,1693.89,1560.01,1288.38,1989.5,0.09999999999999964,2.2883295194507927,1.0,133.8800000000001,8.581996269254692,1.0,10224.160289218293,354.0157860495218
2025-09-28 20:00:00,0.0,-0.08,0.0,0.0,2077.89,1940.44,1686.53,2298.8,0.08,,0.0,137.44999999999982,7.083444991857507,1.0,10393.657487937791,384.531843019229
2025-09-28 21:00:00,0.0,-0.03,0.0,0.0,2332.17,2117.91,1928.27,2570.02,0.03,,0.0,214.26000000000022,10.11657719166538,1.0,10425.7146560911,418.531552590562
2025-09-28 22:00:00,0.0,-0.16,0.0,0.0,2548.53,2416.07,2182.27,2754.59,0.16,,0.0,132.46000000000004,5.482457048015994,1.0,10287.830248751161,436.7476744133398
2025-09-28 23:00:00,0.0,0.0,0.0,0.0,2713.22,2560.41,2276.69,2937.15,0.0,,1.0,152.80999999999995,5.968184782905861,1.0,10150.201324743663,437.40276618684914
2025-09-29 00:00:00,0.0,0.0,0.0,0.0,2846.17,2667.23,2418.68,3070.56,0.0,,1.0,178.94000000000005,6.708832759079647,1.0,9987.20943636958,422.8126936812945
2025-09-29 01:00:00,0.0,-0.06,0.0,0.0,2977.5,2772.17,2612.67,3231.15,0.06,,0.0,205.32999999999993,7.40683291428736,1.0,9888.780024121445,401.19343091537127
2025-09-29 02:00:00,0.0,0.0,0.0,0.0,3046.9,2700.03,2814.91,3365.72,0.0,,1.0,346.8699999999999,12.846894293767102,0.0,9853.495645430497,372.8481259375284
2025-09-29 03:00:00,0.0,-0.3,0.0,0.0,3102.58,2628.86,2871.91,3439.21,0.3,,0.0,473.7199999999998,18.01997824151913,0.0,9897.837151953792,337.7734857961981
2025-09-29 04:00:00,0.0,-0.21,0.0,0.0,3087.22,2534.52,2824.52,3426.5,0.21,,0.0,552.6999999999998,21.806890456575598,0.0,10111.681379631029,300.38984704068855
2025-09-29 05:00:00,0.0,-0.46,0.0,0.0,3069.91,2562.64,2734.96,3420.6,0.46,,0.0,507.27,19.794820965878937,0.0,10494.688105228899,288.9419277602652
2025-09-29 06:00:00,0.0,-0.07,0.0,0.0,3110.48,2536.93,2761.27,3382.08,0.07,,0.0,573.5500000000002,22.60803411997967,0.0,10883.553218773215,317.77337736723916
2025-09-29 07:00:00,40.55,18.13,36.13,47.0,3095.21,2507.36,2759.66,3368.55,22.419999999999998,123.66243794815223,0.0,587.8499999999999,23.444977984812706,0.0,11037.393915273042,363.18789440132065
2025-09-29 08:00:00,400.63,430.55,358.43,439.01,2947.47,2439.32,2591.3,3252.17,29.920000000000016,6.949250958076882,1.0,508.14999999999964,20.831625207024892,0.0,11112.840550808385,408.28337530977944
2025-09-29 09:00:00,938.44,1082.31,851.72,1030.43,2683.37,2118.99,2209.22,3020.98,143.8699999999999,13.292864336465513,0.0,564.3800000000001,26.634387137268234,0.0,11179.959909096571,449.5639910035919
2025-09-29 10:00:00,1194.4,1208.75,1136.92,1292.25,2367.76,2024.42,1940.77,2700.24,14.349999999999909,1.1871768355739325,1.0,343.34000000000015,16.95991938431749,1.0,11299.170762407473,491.2414457750169
2025-09-29 11:00:00,1230.36,1326.22,1188.65,1337.26,2228.52,2087.31,1946.57,2561.72,95.86000000000013,7.228061709218691,1.0,141.21000000000004,6.765166649898675,1.0,11392.648066602449,528.9016898518094
2025-09-29 12:00:00,1218.93,1336.51,1204.7,1315.75,2268.58,2217.04,2022.99,2614.35,117.57999999999993,8.797539861280494,0.0,51.539999999999964,2.3247212499548935,1.0,11336.697570179238,551.9910289469626
2025-09-29 13:00:00,1237.59,1082.95,1184.58,1320.68,2367.9,2275.8,2088.39,3153.41,154.63999999999987,14.279514289671718,0.0,92.09999999999991,4.046928552596885,1.0,11490.636722305706,580.238298577838
2025-09-29 14:00:00,1263.48,964.37,1183.05,1336.2,2516.97,2411.27,2317.82,3458.16,299.11,31.016103777595738,0.0,105.69999999999982,4.38358209574207,1.0,11553.087089280309,602.3831686422062
2025-09-29 15:00:00,1247.94,851.9,1136.98,1279.0,2734.55,2361.95,2525.83,3685.92,396.0400000000001,46.48902453339595,0.0,372.60000000000036,15.77510108173333,0.0,11448.873783805147,613.9053236358073
2025-09-29 16:00:00,1046.55,815.21,979.25,1073.6,2920.75,2379.09,2725.68,3720.22,231.33999999999992,28.37796396020656,0.0,541.6599999999999,22.767528760996843,0.0,11386.720361276282,621.8597470619793
2025-09-29 17:00:00,541.63,507.95,501.36,581.44,3301.49,2854.51,2940.38,3771.65,33.68000000000001,6.630573875381436,1.0,446.97999999999956,15.658729519251974,0.0,10991.164720206327,607.3293789070925
2025-09-29 19:00:00,3.25,-0.21,1.95,3.56,3603.7,3253.21,2703.38,4057.38,3.46,,0.0,350.4899999999998,10.77366662465687,1.0,11428.739635260636,608.7137729665851
2025-09-29 20:00:00,0.0,0.01,0.0,0.0,3677.59,3203.41,2728.46,4036.86,0.01,100.0,0.0,474.1800000000003,14.802351244455137,1.0,11097.743306905262,604.7965428105509
2025-09-29 21:00:00,0.0,0.0,0.0,0.0,3587.25,3082.39,2487.04,4161.54,0.0,,1.0,504.8600000000001,16.37884888025202,1.0,10770.168374788753,598.642839747088
2025-09-29 22:00:00,0.0,0.0,0.0,0.0,3211.82,2995.15,2329.56,3740.19,0.0,,1.0,216.67000000000007,7.234028345825753,1.0,10412.573856796631,594.0521750096711
2025-09-29 23:00:00,0.0,0.0,0.0,0.0,2845.08,2709.91,2367.01,3179.25,0.0,,1.0,135.17000000000007,4.987988530984427,1.0,10142.514647452252,594.4520603619962
2025-09-30 00:00:00,0.0,0.0,0.0,0.0,2579.41,2438.49,2205.62,2965.19,0.0,,1.0,140.92000000000007,5.778986175871137,1.0,9946.182266347714,597.115810097763
2025-09-30 01:00:00,0.0,0.0,0.0,0.0,2124.54,2091.67,1804.99,2619.56,0.0,,1.0,32.86999999999989,1.5714715992484423,1.0,9531.6649502472,626.0048447082333
2025-09-30 02:00:00,0.0,3.18,0.0,0.0,1702.72,1451.76,1186.68,2472.61,3.18,100.0,0.0,250.96000000000004,17.286603846365793,1.0,9320.71257424225,670.4053632984767
2025-09-30 03:00:00,0.0,23.69,0.0,0.0,1354.24,1031.57,749.74,2500.09,23.69,100.0,0.0,322.6700000000001,31.27950599571528,1.0,9162.79098776723,728.559207254079
2025-09-30 04:00:00,0.0,32.53,0.0,0.0,1238.65,781.98,725.72,2597.27,32.53,100.0,0.0,456.6700000000001,58.39919179518659,1.0,9001.36613596444,804.6404421140157
2025-09-30 05:00:00,0.0,3.58,0.0,0.0,1127.48,771.88,527.94,2770.01,3.58,100.0,0.0,355.6,46.06933720267399,1.0,9200.752909222063,863.1249349389981
2025-09-30 06:00:00,0.0,7.14,0.0,0.0,1040.14,737.85,494.06,3031.61,7.14,100.0,0.0,302.2900000000001,40.96903164599851,1.0,9256.319413889625,909.7213968033059
2025-09-30 07:00:00,13.04,8.98,6.17,21.31,1077.99,706.09,460.01,2208.75,4.059999999999999,45.21158129175945,1.0,371.9,52.67033947513773,1.0,9643.379386513634,926.2549831191642
2025-09-30 08:00:00,161.7,174.86,90.55,232.86,1180.25,762.97,507.88,2106.1,13.160000000000025,7.526020816653337,1.0,417.28,54.69153439846913,1.0,9832.892566425895,929.9862835875546
2025-09-30 09:00:00,435.34,457.72,289.73,532.42,1246.02,662.45,647.24,2018.1,22.380000000000052,4.8894520667657195,1.0,583.5699999999999,88.09268624047097,1.0,10041.496999895684,923.2547693400721
2025-09-30 10:00:00,553.84,635.8,488.79,653.24,1166.85,730.16,813.51,2160.9,81.95999999999992,12.8908461780434,1.0,436.68999999999994,59.807439465322666,0.0,10183.002196123414,907.1699271725981
2025-09-30 11:00:00,689.11,669.0,577.81,904.05,1307.18,890.02,677.36,2426.64,20.110000000000014,3.0059790732436493,1.0,417.1600000000001,46.87085683467788,1.0,10253.783409919524,883.2500294031821
2025-09-30 12:00:00,641.58,646.04,478.23,857.54,1511.54,1071.95,741.33,2583.4,4.459999999999923,0.6903597300476632,1.0,439.5899999999999,41.00844255795512,1.0,10386.109267087426,858.8534414865828
2025-09-30 13:00:00,609.67,668.83,338.02,835.92,1572.28,1361.56,845.66,2710.12,59.16000000000008,8.84529701119867,1.0,210.72000000000003,15.476365345632953,1.0,10373.015062943416,822.5741676563277
2025-09-30 14:00:00,529.47,543.1,271.52,786.59,1714.33,1693.36,1067.62,2872.13,13.629999999999995,2.5096667280427165,1.0,20.970000000000027,1.2383663249397663,1.0,10554.314139430022,779.5511756509422
2025-09-30 15:00:00,563.59,536.23,291.95,698.74,1811.04,2110.79,1240.46,3083.15,27.360000000000014,5.102288197228804,1.0,299.75,14.200844233675545,1.0,10665.963118466292,742.2189671460328
2025-09-30 16:00:00,565.54,502.84,270.92,768.23,1868.09,2397.68,1307.32,3404.56,62.69999999999999,12.469175085514276,1.0,529.5899999999999,22.087601347969702,1.0,10720.057618668216,707.810895858643
2025-09-30 17:00:00,330.41,437.48,126.38,457.0,1787.7,2645.16,1012.22,3618.27,107.07,24.474261680533964,1.0,857.4599999999998,32.416186544481235,1.0,10926.215259702834,704.6873298065336
2025-09-30 19:00:00,2.13,1.23,0.49,2.98,1962.93,2898.72,1106.08,3853.17,0.8999999999999999,73.17073170731707,1.0,935.7899999999997,32.282869680410656,1.0,10924.922632898166,642.4457499687038
2025-09-30 20:00:00,0.0,-0.19,0.0,0.0,2159.27,2902.63,1641.78,3879.33,0.19,,0.0,743.3600000000001,25.60987793828356,1.0,10907.377050487697,631.1342795807329
2025-09-30 21:00:00,0.0,0.0,0.0,0.0,2377.92,2618.44,1883.29,4044.54,0.0,,1.0,240.51999999999998,9.185621973388734,1.0,10566.579828746431,623.4538699580056
2025-09-30 22:00:00,0.0,0.83,0.0,0.0,2598.43,2395.56,2215.94,4097.41,0.83,100.0,0.0,202.8699999999999,8.468583546227183,1.0,10411.500753166096,623.432001304876
2025-09-30 23:00:00,0.0,0.18,0.0,0.0,2826.8,2723.05,2217.6,4085.92,0.18,100.0,0.0,103.75,3.8100659187308343,1.0,,
